词,类型,来源,来源活动,搜索量/曝光,点击,订单,销售额,花费,预估竞争度,推荐ASIN,建议匹配类型,建议动作,处理状态
2005 ford f150 4x4 rack and pinion,机会词（有出单未覆盖）,搜索词报告,SP-KW-MIXS-王云-转向器-手动,14.0,2.0,2.0,360.98,0.96,待补ABA搜索量/排名,B0GTT2ZVN4,精准,新建对应ASIN关键词投放，7天复核,待运营确认
2009 honda accord 3.5l steering rack kit,机会词（有出单未覆盖）,搜索词报告,SP-KW-BR-LXX-steering-B0GGRTVYBN-年份车型-BS,1.0,1.0,2.0,346.94,1.17,待补ABA搜索量/排名,B0GGRTVYBN,精准,新建对应ASIN关键词投放，7天复核,待运营确认
2005 acura tsx rack and pinion,机会词（有出单未覆盖）,搜索词报告,SP-KW-BR-王云-转向器-B0DPCWXT64-KC4PSP17900；SP-KW-转向器-王云-BD-KC4PSP17900-B0DPCWXT64,68.0,8.0,2.0,337.98,7.8,待补ABA搜索量/排名,B0DPCWXT64,精准,新建对应ASIN关键词投放，7天复核,待运营确认
rack and pinion assembly,机会词（有出单未覆盖）,搜索词报告,SP-AUTO-MIXS-王云-转向器-KC4PSP18200,2.0,1.0,2.0,261.58,0.64,待补ABA搜索量/排名,B0DPQNQD9G,精准,新建对应ASIN关键词投放，7天复核,待运营确认
b0cf9ybj3t,机会词（有出单未覆盖）,搜索词报告,SP-AUTO-MIXS-王云-转向器-KX4SGE09200,2.0,1.0,2.0,259.39,0.3,待补ABA搜索量/排名,B0DWK1388B,精准,新建对应ASIN关键词投放，7天复核,待运营确认
2012 hyundai accent steering rack,机会词（有出单未覆盖）,搜索词报告,SP-KW-BR-王云-转向器-B0F673LWGL-PT4SGE19900；SP-KW-转向器-PT4SGE19900-B0F673LWGL-02,12.0,3.0,2.0,177.98,3.01,待补ABA搜索量/排名,B0F673LWGL,精准,新建对应ASIN关键词投放，7天复核,待运营确认
rack n pinion toyota rav4 2018 hybrid,机会词（有出单未覆盖）,搜索词报告,SP-KW-MIXS-王云-转向器-PT4SGE19100,15.0,2.0,2.0,102.99,2.1,待补ABA搜索量/排名,B0FCXRVNRZ,精准,新建对应ASIN关键词投放，7天复核,待运营确认
power steering sprocket and rack replacement for toyota,机会词（有出单未覆盖）,搜索词报告,SP-KW-MIXS-王云-转向器-手动,90.0,8.0,1.0,308.99,3.44,待补ABA搜索量/排名,B0DPCXMRG4,词组,新建对应ASIN关键词投放，7天复核,待运营确认
power steering rack pinion for toyota tundra 4x4 2013,机会词（有出单未覆盖）,搜索词报告,SP-AUTO-MIX-转向器-王云-大于0.12,7.0,2.0,1.0,296.99,0.9,待补ABA搜索量/排名,B0DWMVRNCJ,词组,新建对应ASIN关键词投放，7天复核,待运营确认
2014 toyota tundra 5.7 rack and pinion,机会词（有出单未覆盖）,搜索词报告,SP-KW-MIXS-王云-转向器-KX4SGE07700,10.0,1.0,1.0,296.99,0.84,待补ABA搜索量/排名,B0GR31KW4H,词组,新建对应ASIN关键词投放，7天复核,待运营确认
2021 toyota tundra steering rack,机会词（有出单未覆盖）,搜索词报告,SP-KW-Mix-转向器-王云-KX4SGE07700-重点,15.0,1.0,1.0,296.99,0.69,待补ABA搜索量/排名,B0GR31KW4H,词组,新建对应ASIN关键词投放，7天复核,待运营确认
rack and pinion for toyota tundra 2012 4.6 v8,机会词（有出单未覆盖）,搜索词报告,SP-KW-MIXS-王云-转向器-KX4SGE07700,50.0,1.0,1.0,296.99,0.79,待补ABA搜索量/排名,B0GR31KW4H,词组,新建对应ASIN关键词投放，7天复核,待运营确认
power steering rack toyota tundra 2013 code 29180423,机会词（有出单未覆盖）,搜索词报告,SP-KW-MIXS-王云-转向器-KX4SGE07700,4.0,1.0,1.0,296.99,0.47,待补ABA搜索量/排名,B0H6WBQ8GH,词组,新建对应ASIN关键词投放，7天复核,待运营确认
racanpinni for a toyota tundra 2008,机会词（有出单未覆盖）,搜索词报告,SP-Auto-Mix-转向器-王云-KX4SGE07700-重点,1.0,1.0,1.0,296.99,0.6,待补ABA搜索量/排名,B0H6WBQ8GH,词组,新建对应ASIN关键词投放，7天复核,待运营确认
rack end pinion for toyota tundra 2012 5.7 l 4x4 v8,机会词（有出单未覆盖）,搜索词报告,SP-KW-MIXS-王云-转向器-KX4SGE07700,28.0,3.0,1.0,296.99,2.28,待补ABA搜索量/排名,B0H6WBQ8GH,词组,新建对应ASIN关键词投放，7天复核,待运营确认
"philtop power steering rack and pinion for f150,expedition",机会词（有出单未覆盖）,搜索词报告,SP-KW-MIXS-王云-转向器-手动,4.0,1.0,1.0,295.99,0.48,待补ABA搜索量/排名,B0DPCXMRG4,词组,新建对应ASIN关键词投放，7天复核,待运营确认
power steering rack and pump for a 2010 f150 with a 5.4 l engine,机会词（有出单未覆盖）,搜索词报告,SP-KW-MIXS-王云-转向器-手动,1.0,1.0,1.0,295.99,0.48,待补ABA搜索量/排名,B0DSF696TB,词组,新建对应ASIN关键词投放，7天复核,待运营确认
2010 ford f150 4x4 rack and pinion,机会词（有出单未覆盖）,搜索词报告,SP-AUTO-MIX-转向器-王云-大于0.12,4.0,1.0,1.0,295.99,0.59,待补ABA搜索量/排名,B0F18B5J2V,词组,新建对应ASIN关键词投放，7天复核,待运营确认
2011 ford f150 power steering,机会词（有出单未覆盖）,搜索词报告,SP-Auto-Mix-转向器-王云-KX4SGE13500-重点,19.0,3.0,1.0,285.85,1.35,待补ABA搜索量/排名,B0F9P2QX6Z,词组,新建对应ASIN关键词投放，7天复核,待运营确认
racanpiño jeep liberty 2003,机会词（有出单未覆盖）,搜索词报告,SP-Auto-Mix-转向器-王云-PT4SGE25400-重点,6.0,3.0,1.0,276.37,1.65,待补ABA搜索量/排名,B0DWMVP2YN,词组,新建对应ASIN关键词投放，7天复核,待运营确认
2018 toyota tundra racking pinion,机会词（有出单未覆盖）,搜索词报告,SP-KW-Mix-转向器-王云-KX4SGE07700-重点,9.0,1.0,1.0,273.68,0.58,待补ABA搜索量/排名,B0H6WBQ8GH,词组,新建对应ASIN关键词投放，7天复核,待运营确认
rack and pinion gm,机会词（有出单未覆盖）,搜索词报告,SP-KW-Mix-转向器-王云-KX4SGE14900-重点,1.0,1.0,1.0,267.99,0.38,待补ABA搜索量/排名,B0DPCWP8WR,词组,新建对应ASIN关键词投放，7天复核,待运营确认
2007 chevy suburban rack and pinion,机会词（有出单未覆盖）,搜索词报告,SP-AUTO-MIX-转向器-王云-大于0.12,6.0,2.0,1.0,267.99,0.74,待补ABA搜索量/排名,B0DPCXMDMM,词组,新建对应ASIN关键词投放，7天复核,待运营确认
2007 gmc yukon rack and pinion transfer lines,机会词（有出单未覆盖）,搜索词报告,SP-KW-MIX-转向器-王云-手动,17.0,2.0,1.0,267.99,0.96,待补ABA搜索量/排名,B0DPMWTLZB,词组,新建对应ASIN关键词投放，7天复核,待运营确认
power steering rack &pinion for 2006 benz sprinter 9014600800 9014610401 9014604100 power steering rack &pinion for benz sprinter 9014600800 9014610401 9014604100 new,机会词（有出单未覆盖）,搜索词报告,SP-Auto-Mix-转向器-王云-KC4SGE00600-重点,8.0,2.0,1.0,264.99,1.03,待补ABA搜索量/排名,B0DPCX69RB,词组,新建对应ASIN关键词投放，7天复核,待运营确认
philtop power steering rack and pinion,机会词（有出单未覆盖）,搜索词报告,SP-KW-MIXS-王云-转向器-手动,8.0,1.0,1.0,264.99,0.48,待补ABA搜索量/排名,B0GQZB7W6N,词组,新建对应ASIN关键词投放，7天复核,待运营确认
2010 f150 rack,机会词（有出单未覆盖）,搜索词报告,SP-AUTO-MIX-王云-转向器-KX4SGE08100-重点,1.0,1.0,1.0,262.99,0.6,待补ABA搜索量/排名,B0DPCX4KJV,词组,新建对应ASIN关键词投放，7天复核,待运营确认
2010 f150 rock pinion,机会词（有出单未覆盖）,搜索词报告,SP-AUTO-MIX-王云-转向器-KX4SGE08100-重点,2.0,1.0,1.0,262.99,0.45,待补ABA搜索量/排名,B0DPCX4KJV,词组,新建对应ASIN关键词投放，7天复核,待运营确认
steering rack and pinion for f150 2010,机会词（有出单未覆盖）,搜索词报告,SP-AUTO-MIX-转向器-王云-大于0.12,2.0,1.0,1.0,262.99,0.45,待补ABA搜索量/排名,B0DWMVRNCJ,词组,新建对应ASIN关键词投放，7天复核,待运营确认
2010 ford f150 4x4 hydraulic rack and pinion,机会词（有出单未覆盖）,搜索词报告,SP-KW-MIXS-王云-转向器-KX4SGE08100,5.0,1.0,1.0,262.99,0.06,待补ABA搜索量/排名,B0GR4T8KNN,词组,新建对应ASIN关键词投放，7天复核,待运营确认
philtop 22-2038,机会词（有出单未覆盖）,搜索词报告,SP-AUTO-MIX-转向器-王云-大于0.12,1.0,1.0,1.0,260.99,0.48,待补ABA搜索量/排名,B0F672VQYZ,词组,新建对应ASIN关键词投放，7天复核,待运营确认
rack and pinion for 2013 ford f-150,机会词（有出单未覆盖）,搜索词报告,SP-AUTO-MIX-转向器-王云-大于0.12,1.0,1.0,1.0,259.99,0.46,待补ABA搜索量/排名,B0F671L76Z,词组,新建对应ASIN关键词投放，7天复核,待运营确认
2011 honda odyssey rack and pinion detroit axle,机会词（有出单未覆盖）,搜索词报告,SP-KW-BR-LXX-steering-B0GGRLVFL2-年份车型-BS,1.0,1.0,1.0,259.99,1.29,待补ABA搜索量/排名,B0GGRLVFL2,词组,新建对应ASIN关键词投放，7天复核,待运营确认
2010 ford f150 steering rack,机会词（有出单未覆盖）,搜索词报告,SP-KW-BR-王云-转向器-B0DPCX4KJV-KX4SGE08100,1.0,1.0,1.0,258.99,0.95,待补ABA搜索量/排名,B0DPCX4KJV,词组,新建对应ASIN关键词投放，7天复核,待运营确认
2010 ford f. 150 steering rack,机会词（有出单未覆盖）,搜索词报告,SP-AUTO-MIX-王云-转向器-KX4SGE08100-重点,7.0,2.0,1.0,258.99,0.94,待补ABA搜索量/排名,B0H9PZ5PBR,词组,新建对应ASIN关键词投放，7天复核,待运营确认
15 town and country rack and pinion,机会词（有出单未覆盖）,搜索词报告,SP-KW-MIX-转向器-王云-手动,2.0,1.0,1.0,254.99,0.9,待补ABA搜索量/排名,B0F9P6Z4J9,词组,新建对应ASIN关键词投放，7天复核,待运营确认
2016 chrysler towncountry rack pinion assembly,机会词（有出单未覆盖）,搜索词报告,SP-KW-MIX-转向器-王云-手动,7.0,2.0,1.0,252.99,0.93,待补ABA搜索量/排名,B0CN15P14D,词组,新建对应ASIN关键词投放，7天复核,待运营确认
2014 ford raptor 6.2 rack and pinion,机会词（有出单未覆盖）,搜索词报告,SP-KW-转向器-王云-KX4SGE13500-B0F9P2QX6Z-TOP,1.0,1.0,1.0,248.0,0.65,待补ABA搜索量/排名,B0F9P2QX6Z,词组,新建对应ASIN关键词投放，7天复核,待运营确认
power steering rack and pinion outer tie rods suspension kit f150,机会词（有出单未覆盖）,搜索词报告,SP-AUTO-MIXS-王云-转向器-OO4SGE34600,1.0,1.0,1.0,247.99,0.6,待补ABA搜索量/排名,B0GSCGSCM3,词组,新建对应ASIN关键词投放，7天复核,待运营确认
2 wheel drive rack and pinion power steering,机会词（有出单未覆盖）,搜索词报告,SP-KW-MIX-转向器-王云-手动,8.0,1.0,1.0,245.99,0.75,待补ABA搜索量/排名,B0DWMSHL7S,词组,新建对应ASIN关键词投放，7天复核,待运营确认
rack and pinion steering assembly 4x4 2001 ford ranger 4.0l extended cab,机会词（有出单未覆盖）,搜索词报告,SP-AUTO-MIXS-王云-转向器大于0.12,2.0,1.0,1.0,244.96,0.4,待补ABA搜索量/排名,B0DWMX4BRG,词组,新建对应ASIN关键词投放，7天复核,待运营确认
2006 chevy trailblazer rack and pinion,机会词（有出单未覆盖）,搜索词报告,SP-KW-BR-LXX-STEERING-B0GGRMCDM2-年份车型-BS,2.0,1.0,1.0,239.99,0.8,待补ABA搜索量/排名,B0GGRMCDM2,词组,新建对应ASIN关键词投放，7天复核,待运营确认
steering rack for gmc envoy 2006 xl,机会词（有出单未覆盖）,搜索词报告,SP-KW-BR-LXX-STEERING-B0GGRMCDM2-年份车型-BS,2.0,1.0,1.0,239.99,0.96,待补ABA搜索量/排名,B0GGRMCDM2,词组,新建对应ASIN关键词投放，7天复核,待运营确认
2006 honda crv steering rack,机会词（有出单未覆盖）,搜索词报告,SP-KW-MIX-转向器-王云-手动,4.0,1.0,1.0,238.99,0.75,待补ABA搜索量/排名,B0H6WNKJCR,词组,新建对应ASIN关键词投放，7天复核,待运营确认
crown vic rack and pinion,机会词（有出单未覆盖）,搜索词报告,SP-KW-MIXS-王云-转向器-KX4SGE13100,4.0,1.0,1.0,236.99,0.84,待补ABA搜索量/排名,B0DWMVRNCJ,词组,新建对应ASIN关键词投放，7天复核,待运营确认
steering for chevrolet silverado 1500 2011,机会词（有出单未覆盖）,搜索词报告,SP-AUTO-MIXS-王云-转向器大于0.12,6.0,3.0,1.0,236.99,1.2,待补ABA搜索量/排名,B0DWMW2718,词组,新建对应ASIN关键词投放，7天复核,待运营确认
03 ford crown vic rack,机会词（有出单未覆盖）,搜索词报告,SP-AUTO-MIX-转向器-王云-大于0.12,1.0,1.0,1.0,236.99,0.45,待补ABA搜索量/排名,B0F9P6Z4J9,词组,新建对应ASIN关键词投放，7天复核,待运营确认
2004 crown victoria rack and pinion with evo solenoid,机会词（有出单未覆盖）,搜索词报告,SP-KW-MIXS-王云-转向器-KX4SGE13100,5.0,1.0,1.0,234.99,0.56,待补ABA搜索量/排名,B0DWMVRNCJ,词组,新建对应ASIN关键词投放，7天复核,待运营确认
honda element 2003 power steering,机会词（有出单未覆盖）,搜索词报告,SP-AUTO-MIXS-王云-转向器大于0.12,5.0,1.0,1.0,234.99,0.3,待补ABA搜索量/排名,B0FCY5DXQT,词组,新建对应ASIN关键词投放，7天复核,待运营确认
ford mustang 1976 rack and pinion,机会词（有出单未覆盖）,搜索词报告,SP-AUTO-MIXS-王云-转向器大于0.12,2.0,1.0,1.0,233.99,0.48,待补ABA搜索量/排名,B0DWMW2718,词组,新建对应ASIN关键词投放，7天复核,待运营确认
1984 thunderbird high flow power rack and pinion,机会词（有出单未覆盖）,搜索词报告,SP-AUTO-MIXS-王云-转向器大于0.12,5.0,2.0,1.0,233.99,0.8,待补ABA搜索量/排名,B0FCY2SJ1V,词组,新建对应ASIN关键词投放，7天复核,待运营确认
directional rack for honda crv 2005,机会词（有出单未覆盖）,搜索词报告,SP-Auto-Mix-转向器-王云-KX4SGE09300-重点,4.0,1.0,1.0,232.99,0.46,待补ABA搜索量/排名,B0F6718664,词组,新建对应ASIN关键词投放，7天复核,待运营确认
1978 mustang ii power rack and pinion,机会词（有出单未覆盖）,搜索词报告,SP-KW-MIX-转向器-王云-手动,11.0,2.0,1.0,231.99,1.65,待补ABA搜索量/排名,B0F9P6Z4J9,词组,新建对应ASIN关键词投放，7天复核,待运营确认
2007+ford+f150+rack+and+pinion 2 wheel drive,机会词（有出单未覆盖）,搜索词报告,SP-KW-MIX-转向器-王云-手动,6.0,1.0,1.0,230.99,0.48,待补ABA搜索量/排名,B0DPMWTLZB,词组,新建对应ASIN关键词投放，7天复核,待运营确认
rack and pinion steering assembly 05 silverado,机会词（有出单未覆盖）,搜索词报告,SP-KW-MIXS-王云-转向器-手动,1.0,1.0,1.0,230.99,0.48,待补ABA搜索量/排名,B0GQZB7W6N,词组,新建对应ASIN关键词投放，7天复核,待运营确认
steering sprocket for f150,机会词（有出单未覆盖）,搜索词报告,SP-Auto-Mix-转向器-KC4SGE05100-重点,1.0,1.0,1.0,229.99,0.45,待补ABA搜索量/排名,B0F9P39BQ3,词组,新建对应ASIN关键词投放，7天复核,待运营确认
2004 ford f150 2wd power steering and rack and pinion assembly,机会词（有出单未覆盖）,搜索词报告,SP-Auto-Mix-转向器-KC4SGE05100-重点,2.0,1.0,1.0,229.99,0.6,待补ABA搜索量/排名,B0GR4FDFSQ,词组,新建对应ASIN关键词投放，7天复核,待运营确认
steering rack,机会词（有出单未覆盖）,搜索词报告,SP-KW-MIXS-王云-转向器-KC4PSP16500；SP-KW-Mix-转向器-王云-KC4PSP16500-重点,78.0,2.0,1.0,229.11,1.29,待补ABA搜索量/排名,B0DPQJ9GVG,词组,新建对应ASIN关键词投放，7天复核,待运营确认
08 escalade rack a pinion all-wheel-drive,机会词（有出单未覆盖）,搜索词报告,SP-AUTO-MIXS-王云-转向器大于0.12,6.0,1.0,1.0,228.99,0.4,待补ABA搜索量/排名,B0FCY4HGCF,词组,新建对应ASIN关键词投放，7天复核,待运营确认
ford f150 2007 hydraulic steering rack,机会词（有出单未覆盖）,搜索词报告,SP-AUTO-MIX-转向器-王云-大于0.12,6.0,2.0,1.0,228.99,0.74,待补ABA搜索量/排名,B0GR4FCY4R,词组,新建对应ASIN关键词投放，7天复核,待运营确认
09 chevy suburban rack and pinion,机会词（有出单未覆盖）,搜索词报告,SP-AUTO-MIXS-王云-转向器-OO4SGE36000,2.0,1.0,1.0,228.99,0.45,待补ABA搜索量/排名,B0GTTL5QMS,词组,新建对应ASIN关键词投放，7天复核,待运营确认
2010 lincoln mkt power steering kit,机会词（有出单未覆盖）,搜索词报告,SP-Auto-Mix-转向器-王云-KX4SGE11100-重点,3.0,1.0,1.0,228.44,0.45,待补ABA搜索量/排名,B0DR1648XY,词组,新建对应ASIN关键词投放，7天复核,待运营确认
97-3075,机会词（有出单未覆盖）,搜索词报告,SP-AUTO-MIX-转向器-王云-大于0.12,1.0,1.0,1.0,225.99,0.38,待补ABA搜索量/排名,B0DPCX66CY,词组,新建对应ASIN关键词投放，7天复核,待运营确认
2002 dodge ram1500 rack and pinion 4wd,机会词（有出单未覆盖）,搜索词报告,SP-KW-MIX-转向器-王云-手动,5.0,1.0,1.0,225.99,0.48,待补ABA搜索量/排名,B0DPMWTLZB,词组,新建对应ASIN关键词投放，7天复核,待运营确认
piltop power steering rack and pinion assyfor 2002-2005 ram 1500,机会词（有出单未覆盖）,搜索词报告,SP-AUTO-MIX-转向器-王云-大于0.12,4.0,1.0,1.0,225.99,0.37,待补ABA搜索量/排名,B0F18B5J2V,词组,新建对应ASIN关键词投放，7天复核,待运营确认
2005 ford crown victoria police interceptor roking pinion,机会词（有出单未覆盖）,搜索词报告,SP-Auto-Mix-转向器-王云-KX4SGE13200-重点,4.0,1.0,1.0,225.99,0.45,待补ABA搜索量/排名,B0FCY49VLV,词组,新建对应ASIN关键词投放，7天复核,待运营确认
2004 dodge ram 1500 5.7 hemi rack and pinion,机会词（有出单未覆盖）,搜索词报告,SP-KW-MIX-转向器-王云-手动,1.0,1.0,1.0,225.99,0.33,待补ABA搜索量/排名,B0GR4MMBH1,词组,新建对应ASIN关键词投放，7天复核,待运营确认
rack and pinion for 2012 nissan maxima sv with evo vin1n4aa5ap5cc824756,机会词（有出单未覆盖）,搜索词报告,SP-KW-MIXS-王云-转向器-KX4SGE12700,9.0,3.0,1.0,224.99,1.55,待补ABA搜索量/排名,B0F6734V72,词组,新建对应ASIN关键词投放，7天复核,待运营确认
cada de dirección hidráulica dodge durango 1999,机会词（有出单未覆盖）,搜索词报告,SP-AUTO-MIXS-王云-转向器大于0.12,3.0,1.0,1.0,224.99,0.4,待补ABA搜索量/排名,B0FCY5DXQT,词组,新建对应ASIN关键词投放，7天复核,待运营确认
2008 f150 2wd powersteering rack,机会词（有出单未覆盖）,搜索词报告,SP-AUTO-MIXS-王云-转向器-KC4SGE05100,2.0,1.0,1.0,223.99,0.48,待补ABA搜索量/排名,B0GR3G1TLW,词组,新建对应ASIN关键词投放，7天复核,待运营确认
2004 dodge ram 1500 rwd rack and pinion,机会词（有出单未覆盖）,搜索词报告,SP-KW-MIXS-王云-转向器-手动,2.0,1.0,1.0,223.4,0.48,待补ABA搜索量/排名,B0DPCY3SC2,词组,新建对应ASIN关键词投放，7天复核,待运营确认
rack and pinion 2010 gmc canyon,机会词（有出单未覆盖）,搜索词报告,SP-KW-MIX-转向器-王云-手动,2.0,1.0,1.0,221.99,0.33,待补ABA搜索量/排名,B0DPQLYGNY,词组,新建对应ASIN关键词投放，7天复核,待运营确认
honda odyssey 2011 steering box,机会词（有出单未覆盖）,搜索词报告,SP-AUTO-MIXS-王云-转向器大于0.12,4.0,1.0,1.0,221.99,0.48,待补ABA搜索量/排名,B0DWMT4JDS,词组,新建对应ASIN关键词投放，7天复核,待运营确认
2006 lincoln town car steering rack,机会词（有出单未覆盖）,搜索词报告,SP-AUTO-MIX-转向器-王云-大于0.12,0.0,0.0,1.0,221.0,0.0,待补ABA搜索量/排名,B0GR4FCY4R,词组,新建对应ASIN关键词投放，7天复核,待运营确认
2005 chevy 1500 express 4.3 6 cylinder rack pinion,机会词（有出单未覆盖）,搜索词报告,SP-KW-MIXS-王云-转向器-手动,3.0,1.0,1.0,220.89,0.11,待补ABA搜索量/排名,B0GQZB7W6N,词组,新建对应ASIN关键词投放，7天复核,待运营确认
hydraulic steering rack for chevrolet colorado 2003,机会词（有出单未覆盖）,搜索词报告,SP-KW-MIX-转向器-王云-手动,2.0,1.0,1.0,219.99,0.45,待补ABA搜索量/排名,B0DPMWTLZB,词组,新建对应ASIN关键词投放，7天复核,待运营确认
2006 toyota 4runner with tie rod ends rack and pinion,机会词（有出单未覆盖）,搜索词报告,SP-KW-BR-LXX-steering-B0GGRMHY37-车型1-BS,3.0,2.0,1.0,219.99,2.52,待补ABA搜索量/排名,B0GGRMHY37,词组,新建对应ASIN关键词投放，7天复核,待运营确认
99-04 mustang gt rack and pinion,机会词（有出单未覆盖）,搜索词报告,SP-AUTO-MIXS-王云-转向器大于0.12,5.0,2.0,1.0,218.99,0.8,待补ABA搜索量/排名,B0D2D19CXW,词组,新建对应ASIN关键词投放，7天复核,待运营确认
mustang cobra 1999 rack and pinion,机会词（有出单未覆盖）,搜索词报告,SP-KW-MIXS-王云-转向器-手动,2.0,1.0,1.0,218.99,0.48,待补ABA搜索量/排名,B0DPCY3SC2,词组,新建对应ASIN关键词投放，7天复核,待运营确认
2012 ford transit connect rack and pinion,机会词（有出单未覆盖）,搜索词报告,SP-KW-Mix-转向器-王云-PT4SGE24400-重点,9.0,1.0,1.0,218.99,0.69,待补ABA搜索量/排名,B0DWMTK9F5,词组,新建对应ASIN关键词投放，7天复核,待运营确认
prelude racking pinion,机会词（有出单未覆盖）,搜索词报告,SP-KW-MIXS-王云-转向器-PT4SGE27600,5.0,2.0,1.0,218.99,1.5,待补ABA搜索量/排名,B0DWMXBCS8,词组,新建对应ASIN关键词投放，7天复核,待运营确认
2001 mustang gt 4.6 rack and pinion,机会词（有出单未覆盖）,搜索词报告,SP-AUTO-MIX-转向器-王云-大于0.12,5.0,1.0,1.0,218.99,0.38,待补ABA搜索量/排名,B0F672VQYZ,词组,新建对应ASIN关键词投放，7天复核,待运营确认
toyota tacoma rack and pinion,机会词（有出单未覆盖）,搜索词报告,SP-KW-Mix-转向器-王云-KC4PSP18200-重点,2.0,1.0,1.0,218.99,0.68,待补ABA搜索量/排名,B0F6LRJSGY,词组,新建对应ASIN关键词投放，7天复核,待运营确认
2015 tacoma 4x4 rack pinion,机会词（有出单未覆盖）,搜索词报告,SP-KW-MIXS-王云-转向器-KC4PSP18200,6.0,2.0,1.0,218.99,1.48,待补ABA搜索量/排名,B0GQZ61J8N,词组,新建对应ASIN关键词投放，7天复核,待运营确认
hydraulic steering rack toyota tacoma 2006,机会词（有出单未覆盖）,搜索词报告,SP-KW-MIXS-王云-转向器-KC4PSP18200,14.0,1.0,1.0,218.99,0.74,待补ABA搜索量/排名,B0H6WLTB7W,词组,新建对应ASIN关键词投放，7天复核,待运营确认
2010 ford transit connect rack and pinion,机会词（有出单未覆盖）,搜索词报告,SP-KW-MIXS-王云-转向器-PT4SGE24400,10.0,1.0,1.0,218.99,0.74,待补ABA搜索量/排名,B0H6WNC6KF,词组,新建对应ASIN关键词投放，7天复核,待运营确认
rack and pinion 2005 chevy silverado,机会词（有出单未覆盖）,搜索词报告,SP-KW-MIX-转向器-王云-手动,3.0,1.0,1.0,217.99,0.48,待补ABA搜索量/排名,B0CN15P14D,词组,新建对应ASIN关键词投放，7天复核,待运营确认
19133675,机会词（有出单未覆盖）,搜索词报告,SP-AUTO-MIXS-王云-转向器-KC4PSP18100,3.0,3.0,1.0,217.99,1.86,待补ABA搜索量/排名,B0GR4S9F1W,词组,新建对应ASIN关键词投放，7天复核,待运营确认
corolla 2009 ceptor,机会词（有出单未覆盖）,搜索词报告,SP-AUTO-MIXS-王云-转向器大于0.12,4.0,1.0,1.0,215.98,0.4,待补ABA搜索量/排名,B0F6LQ1J5Y,词组,新建对应ASIN关键词投放，7天复核,待运营确认
2008 mercedes gl 450 rackand pinion,机会词（有出单未覆盖）,搜索词报告,SP-Auto-Mix-转向器-王云-KC4SGE04800-重点,8.0,1.0,1.0,214.99,0.45,待补ABA搜索量/排名,B0DPZK76DX,词组,新建对应ASIN关键词投放，7天复核,待运营确认
2001 mustang gt 4.6 power steering rack,机会词（有出单未覆盖）,搜索词报告,SP-KW-MIXS-王云-转向器-手动,3.0,1.0,1.0,214.99,0.48,待补ABA搜索量/排名,B0DWMV3S49,词组,新建对应ASIN关键词投放，7天复核,待运营确认
2004 chevy tracker rack and pinion,机会词（有出单未覆盖）,搜索词报告,SP-KW-MIXS-王云-转向器-PT4SGE23200,3.0,1.0,1.0,214.99,0.69,待补ABA搜索量/排名,B0DWMWQTGG,词组,新建对应ASIN关键词投放，7天复核,待运营确认
2004 mustang gt rack and pinion 4.6,机会词（有出单未覆盖）,搜索词报告,SP-KW-MIX-转向器-王云-手动,1.0,1.0,1.0,214.99,0.48,待补ABA搜索量/排名,B0F9P2QX6Z,词组,新建对应ASIN关键词投放，7天复核,待运营确认
caja de dirección ford explorer 2009 4x4,机会词（有出单未覆盖）,搜索词报告,SP-Auto-Mix-转向器-王云-KX4SGE12100-重点,2.0,1.0,1.0,214.99,0.45,待补ABA搜索量/排名,B0GR4L77BC,词组,新建对应ASIN关键词投放，7天复核,待运营确认
2005 trailblazer ls power steering,机会词（有出单未覆盖）,搜索词报告,SP-Auto-Mix-转向器26新品-王云-OO4SGE35700,2.0,2.0,1.0,214.99,0.9,待补ABA搜索量/排名,B0H6WGKPR5,词组,新建对应ASIN关键词投放，7天复核,待运营确认
hydraulic steering rack for trailblazer isquierdo,机会词（有出单未覆盖）,搜索词报告,SP-KW-MIX-转向器-王云-手动,12.0,2.0,1.0,214.99,1.8,待补ABA搜索量/排名,B0H6XGB3TG,词组,新建对应ASIN关键词投放，7天复核,待运营确认
rack and pinion,机会词（有出单未覆盖）,搜索词报告,SP-KW-MIXS-王云-转向器-KC4SGE04700；SP-KW-Mix-转向器-王云-KC4SGE04700-重点,397.0,6.0,1.0,214.19,3.99,待补ABA搜索量/排名,B0DPCWSF3G,词组,新建对应ASIN关键词投放，7天复核,待运营确认
2001 integra power steering rack showa,机会词（有出单未覆盖）,搜索词报告,SP-KW-BR-王云-转向器-B0DWMVQ3MR-PT4SGE23600,1.0,1.0,1.0,214.19,0.6,待补ABA搜索量/排名,B0DWMVQ3MR,词组,新建对应ASIN关键词投放，7天复核,待运营确认
integra steering rack,机会词（有出单未覆盖）,搜索词报告,SP-KW-MIX-转向器-王云-手动,7.0,1.0,1.0,214.19,0.48,待补ABA搜索量/排名,B0F9P2QX6Z,词组,新建对应ASIN关键词投放，7天复核,待运营确认
2011 silverado rack and pinion,机会词（有出单未覆盖）,搜索词报告,SP-KW-BR-王云-转向器-B0DPQG957S-KC4PSP16200；SP-KW-MIXS-王云-转向器-KC4PSP16200,8.0,2.0,1.0,213.99,2.32,待补ABA搜索量/排名,B0DPQG957S,词组,新建对应ASIN关键词投放，7天复核,待运营确认
acura tsx2004 hydraulic steering rack,机会词（有出单未覆盖）,搜索词报告,SP-AUTO-MIXS-王云-转向器大于0.12,4.0,1.0,1.0,212.99,0.06,待补ABA搜索量/排名,B0DWMW2718,词组,新建对应ASIN关键词投放，7天复核,待运营确认
03 is300 rack and pinion,机会词（有出单未覆盖）,搜索词报告,SP-KW-Mix-转向器-王云-KC4PSP16400-重点,4.0,1.0,1.0,211.99,0.63,待补ABA搜索量/排名,B0F9P2JFN9,词组,新建对应ASIN关键词投放，7天复核,待运营确认
2006 ford f1500 rack and pinion,机会词（有出单未覆盖）,搜索词报告,SP-KW-转向器-王云-KC4PSP16300-B0FLY773XG,2.0,1.0,1.0,211.99,0.89,待补ABA搜索量/排名,B0FLY773XG,词组,新建对应ASIN关键词投放，7天复核,待运营确认
2008 ford f150 steering rack,机会词（有出单未覆盖）,搜索词报告,SP-KW-转向器-王云-KC4PSP16300-B0FLY773XG,1.0,1.0,1.0,211.99,0.96,待补ABA搜索量/排名,B0FLY773XG,词组,新建对应ASIN关键词投放，7天复核,待运营确认
rack and pinion 2004 ford f-150,机会词（有出单未覆盖）,搜索词报告,SP-KW-转向器-王云-KC4PSP16300-B0FLY773XG,2.0,1.0,1.0,211.99,0.92,待补ABA搜索量/排名,B0FLY773XG,词组,新建对应ASIN关键词投放，7天复核,待运营确认
lexus is300 steering rack,机会词（有出单未覆盖）,搜索词报告,SP-KW-MIXS-王云-转向器-KC4PSP16400,4.0,1.0,1.0,211.99,0.72,待补ABA搜索量/排名,B0GQZ1RZM9,词组,新建对应ASIN关键词投放，7天复核,待运营确认
rack and pinion2006 ford f150,机会词（有出单未覆盖）,搜索词报告,SP-AUTO-MIXS-王云-转向器-KC4PSP16300,3.0,1.0,1.0,210.76,0.72,待补ABA搜索量/排名,B0F43KHJC2,词组,新建对应ASIN关键词投放，7天复核,待运营确认
hydraulic steering rack chevrolet express year 2006 6,机会词（有出单未覆盖）,搜索词报告,SP-AUTO-MIXS-王云-转向器大于0.12,2.0,1.0,1.0,209.99,0.45,待补ABA搜索量/排名,B0DPCXKRCL,词组,新建对应ASIN关键词投放，7天复核,待运营确认
2001 ford explorer sport steering rack and pinion,机会词（有出单未覆盖）,搜索词报告,SP-AUTO-MIXS-王云-转向器大于0.12,7.0,3.0,1.0,209.99,1.44,待补ABA搜索量/排名,B0DWMW2718,词组,新建对应ASIN关键词投放，7天复核,待运营确认
rack and pinion 22 1014,机会词（有出单未覆盖）,搜索词报告,SP-KW-MIX-转向器-王云-手动,16.0,5.0,1.0,209.99,3.0,待补ABA搜索量/排名,B0F43KHJC2,词组,新建对应ASIN关键词投放，7天复核,待运营确认
2010 tacoma 4.0 rack pinion,机会词（有出单未覆盖）,搜索词报告,SP-KW-BR-LXX-steering-B0GGRBJL29-年份车型-BS,2.0,1.0,1.0,209.99,1.05,待补ABA搜索量/排名,B0GGRBJL29,词组,新建对应ASIN关键词投放，7天复核,待运营确认
2023 toyota tacoma rack pinion,机会词（有出单未覆盖）,搜索词报告,SP-KW-BR-LXX-steering-B0GGRBJL29-年份车型-BS,2.0,1.0,1.0,209.99,1.05,待补ABA搜索量/排名,B0GGRBJL29,词组,新建对应ASIN关键词投放，7天复核,待运营确认
26-2629 hydraulic power steering rack and pinion fit for toyota tacoma 2005-2021 l4 2.7l 4.0l automotive replacement rack and pinion assembly with outer tie rod ends 44250 04030 es808o5,机会词（有出单未覆盖）,搜索词报告,SP-KW-BR-LXX-steering-T-品牌词根-BS,1.0,1.0,1.0,209.99,0.6,待补ABA搜索量/排名,B0GGRBJL29,词组,新建对应ASIN关键词投放，7天复核,待运营确认
power steering toyota tacoma 2013 v6 4.0,机会词（有出单未覆盖）,搜索词报告,SP-KW-BR-LXX-steering-B0GGRBJL29-年份车型-BS,2.0,1.0,1.0,209.99,1.05,待补ABA搜索量/排名,B0GGRBJL29,词组,新建对应ASIN关键词投放，7天复核,待运营确认
2004 mercury grand marquis tack and pinion,机会词（有出单未覆盖）,搜索词报告,SP-AUTO-MIXS-王云-转向器大于0.12,12.0,2.0,1.0,209.53,0.43,待补ABA搜索量/排名,B0DPCXH2PS,词组,新建对应ASIN关键词投放，7天复核,待运营确认
philtop power steering rack and pinion 22-249,机会词（有出单未覆盖）,搜索词报告,SP-AUTO-MIXS-王云-转向器-OO4SGE34300,1.0,1.0,1.0,209.53,0.03,待补ABA搜索量/排名,B0H6XD418V,词组,新建对应ASIN关键词投放，7天复核,待运营确认
hydraulic steering chevy express 1500 year 2004,机会词（有出单未覆盖）,搜索词报告,SP-AUTO-MIXS-王云-转向器大于0.12,3.0,2.0,1.0,208.99,0.27,待补ABA搜索量/排名,B0DWMW2718,词组,新建对应ASIN关键词投放，7天复核,待运营确认
2006 tundra rack and pinion boots,机会词（有出单未覆盖）,搜索词报告,SP-KW-MIXS-王云-转向器-KC4PSP16000,6.0,1.0,1.0,208.37,0.71,待补ABA搜索量/排名,B0CBS97JLD,词组,新建对应ASIN关键词投放，7天复核,待运营确认
2005 chevy colorado rack and pinion,机会词（有出单未覆盖）,搜索词报告,SP-KW-BR-王云-转向器-B0DPCWP8WR-KX4SGE14900；SP-KW-转向器-王云-BD-KX4SGE14900-B0DPCWP8WR,16.0,2.0,1.0,207.99,1.47,待补ABA搜索量/排名,B0DPCWP8WR,词组,新建对应ASIN关键词投放，7天复核,待运营确认
power steering bar,机会词（有出单未覆盖）,搜索词报告,SP-Auto-Mix-转向器-KC4SGE05100-重点,1.0,1.0,1.0,207.99,0.45,待补ABA搜索量/排名,B0DPZN1RR3,词组,新建对应ASIN关键词投放，7天复核,待运营确认
philtop zipper power steering chevy 2006,机会词（有出单未覆盖）,搜索词报告,SP-AUTO-MIXS-王云-转向器大于0.12,2.0,1.0,1.0,207.99,0.4,待补ABA搜索量/排名,B0DWMT4JDS,词组,新建对应ASIN关键词投放，7天复核,待运营确认
rack and pinion 2004 luxus is300,机会词（有出单未覆盖）,搜索词报告,SP-Auto-Mix-转向器-王云-KC4PSP16400-重点,1.0,1.0,1.0,207.99,0.45,待补ABA搜索量/排名,B0GR4MXRHY,词组,新建对应ASIN关键词投放，7天复核,待运营确认
2005 chevy colorado two-door rear wheel drive rack and pinion,机会词（有出单未覆盖）,搜索词报告,SP-KW-MIXS-王云-转向器-手动,4.0,1.0,1.0,205.99,0.48,待补ABA搜索量/排名,B0GTT2ZVN4,词组,新建对应ASIN关键词投放，7天复核,待运营确认
2012 mercedes benz gl550 rack and pinion,机会词（有出单未覆盖）,搜索词报告,SP-Kw-Mix-转向器-王云-KC4SGE04800-重点,5.0,1.0,1.0,204.99,0.55,待补ABA搜索量/排名,B0H6WG6FBJ,词组,新建对应ASIN关键词投放，7天复核,待运营确认
2000 mazda power steering rack and pinion,机会词（有出单未覆盖）,搜索词报告,SP-KW-MIX-转向器-王云-手动,10.0,1.0,1.0,204.19,0.9,待补ABA搜索量/排名,B0H6WNKJCR,词组,新建对应ASIN关键词投放，7天复核,待运营确认
2000 silverado rack and pinion boot,机会词（有出单未覆盖）,搜索词报告,SP-KW-MIX-转向器-王云-手动,1.0,1.0,1.0,203.99,0.75,待补ABA搜索量/排名,B0F43KHJC2,词组,新建对应ASIN关键词投放，7天复核,待运营确认
edelmann 70005,机会词（有出单未覆盖）,搜索词报告,SP-Auto-Mix-转向器-王云-PT4SGE24900-重点,1.0,1.0,1.0,203.96,0.46,待补ABA搜索量/排名,B0GR4GZB8Y,词组,新建对应ASIN关键词投放，7天复核,待运营确认
2005 tacoma steering rack,机会词（有出单未覆盖）,搜索词报告,SP-KW-MIX-转向器-王云-手动,4.0,1.0,1.0,203.05,0.75,待补ABA搜索量/排名,B0F9P6Z4J9,词组,新建对应ASIN关键词投放，7天复核,待运营确认
2007 tacoma 4x4 rack and pinion 4wd,机会词（有出单未覆盖）,搜索词报告,SP-KW-转向器-王云-KC4PSP18200-B0DPQNQD9G,8.0,1.0,1.0,202.88,0.85,待补ABA搜索量/排名,B0DPQNQD9G,词组,新建对应ASIN关键词投放，7天复核,待运营确认
steering rack 4584569af,机会词（有出单未覆盖）,搜索词报告,SP-AUTO-MIX-王云-转向器-KX4SGE10200-重点,2.0,2.0,1.0,201.33,0.51,待补ABA搜索量/排名,B0H6WNBRFQ,词组,新建对应ASIN关键词投放，7天复核,待运营确认
power steering rack pinion 2000 camaro,机会词（有出单未覆盖）,搜索词报告,SP-KW-Mix-转向器-王云-PT4SGE28200-重点,18.0,1.0,1.0,200.99,0.73,待补ABA搜索量/排名,B0DWMXKTLC,词组,新建对应ASIN关键词投放，7天复核,待运营确认
hummer h3 rack and pinion,机会词（有出单未覆盖）,搜索词报告,SP-KW-MIX-转向器-王云-手动,3.0,1.0,1.0,198.99,0.9,待补ABA搜索量/排名,B0F18B5J2V,词组,新建对应ASIN关键词投放，7天复核,待运营确认
h3 steering rack,机会词（有出单未覆盖）,搜索词报告,SP-KW-MIX-转向器-王云-手动,7.0,1.0,1.0,198.99,0.53,待补ABA搜索量/排名,B0F43KHJC2,词组,新建对应ASIN关键词投放，7天复核,待运营确认
2006 h3 hummer rack and pinion,机会词（有出单未覆盖）,搜索词报告,SP-KW-MIXS-王云-转向器-KX4SGE17300,4.0,1.0,1.0,198.99,0.79,待补ABA搜索量/排名,B0F6LQYSQ6,词组,新建对应ASIN关键词投放，7天复核,待运营确认
hummer h3 power steering,机会词（有出单未覆盖）,搜索词报告,SP-Auto-Mix-转向器-王云-KX4SGE17300-重点,2.0,1.0,1.0,198.99,0.6,待补ABA搜索量/排名,B0F6LQYSQ6,词组,新建对应ASIN关键词投放，7天复核,待运营确认
rack and pinion steering assembly nissan maxima 2014,机会词（有出单未覆盖）,搜索词报告,SP-KW-Mix-转向器-王云-KX4SGE12700-重点,3.0,1.0,1.0,198.34,0.77,待补ABA搜索量/排名,B0F6LQG5DJ,词组,新建对应ASIN关键词投放，7天复核,待运营确认
steering rack and pinion assembly 8540 dodge journey 2018,机会词（有出单未覆盖）,搜索词报告,SP-KW-Mix-转向器-王云-PT4SGE24300-重点,1.0,1.0,1.0,197.99,0.64,待补ABA搜索量/排名,B0GR548JHZ,词组,新建对应ASIN关键词投放，7天复核,待运营确认
rack and pinion steering assembly,机会词（有出单未覆盖）,搜索词报告,SP-KW-MIXS-王云-转向器-KC4SGE04700；SP-KW-Mix-转向器-王云-KC4SGE04700-重点,181.0,8.0,1.0,195.99,5.61,待补ABA搜索量/排名,B0DPCWSF3G,词组,新建对应ASIN关键词投放，7天复核,待运营确认
2012 wrx rack and pinion,机会词（有出单未覆盖）,搜索词报告,SP-AUTO-MIXS-王云-转向器大于0.12,3.0,1.0,1.0,195.99,0.48,待补ABA搜索量/排名,B0DPCXKRCL,词组,新建对应ASIN关键词投放，7天复核,待运营确认
2011 wrx steering rack and pinion,机会词（有出单未覆盖）,搜索词报告,SP-KW-MIXS-王云-转向器-手动,1.0,1.0,1.0,195.99,0.45,待补ABA搜索量/排名,B0DPCXMRG4,词组,新建对应ASIN关键词投放，7天复核,待运营确认
15 nissan titan steering rack,机会词（有出单未覆盖）,搜索词报告,SP-AUTO-MIX-转向器-王云-大于0.12,1.0,1.0,1.0,195.99,0.41,待补ABA搜索量/排名,B0F18B5J2V,词组,新建对应ASIN关键词投放，7天复核,待运营确认
steering rack for 1999 ford ranger 3.6 l,机会词（有出单未覆盖）,搜索词报告,SP-AUTO-MIX-转向器-王云-大于0.12,1.0,1.0,1.0,195.99,0.52,待补ABA搜索量/排名,B0F672VQYZ,词组,新建对应ASIN关键词投放，7天复核,待运营确认
2009 wrx rack and pinion,机会词（有出单未覆盖）,搜索词报告,SP-KW-BR-王云-转向器-B0GQZCB8W1-KC4PSP17200,1.0,1.0,1.0,195.99,0.97,待补ABA搜索量/排名,B0GQZCB8W1,词组,新建对应ASIN关键词投放，7天复核,待运营确认
steering gin honda odyssey 2008,机会词（有出单未覆盖）,搜索词报告,SP-AUTO-MIX-转向器-王云-大于0.12,8.0,2.0,1.0,194.99,0.75,待补ABA搜索量/排名,B0F18B5J2V,词组,新建对应ASIN关键词投放，7天复核,待运营确认
2010 honda odyssey rock and pinion,机会词（有出单未覆盖）,搜索词报告,SP-AUTO-MIXS-王云-转向器-KX4SGE10900,1.0,1.0,1.0,194.99,0.6,待补ABA搜索量/排名,B0GQZDB9RJ,词组,新建对应ASIN关键词投放，7天复核,待运营确认
rack and pinion 2007 9 7x,机会词（有出单未覆盖）,搜索词报告,SP-Auto-Mix-转向器26新品-王云-OO4SGE35700,4.0,1.0,1.0,193.68,0.3,待补ABA搜索量/排名,B0H2YZ9RNZ,词组,新建对应ASIN关键词投放，7天复核,待运营确认
2005 gmc envoy rack and pinion,机会词（有出单未覆盖）,搜索词报告,SP-KW-MIX-转向器-王云-手动,1.0,1.0,1.0,192.68,0.9,待补ABA搜索量/排名,B0F9P6Z4J9,词组,新建对应ASIN关键词投放，7天复核,待运营确认
2007 hyundai santa fe 2.7 rack and pinion,机会词（有出单未覆盖）,搜索词报告,SP-KW-Mix-转向器-王云-KX4SGE14700-重点,9.0,1.0,1.0,192.07,0.72,待补ABA搜索量/排名,B0GR4CBQC6,词组,新建对应ASIN关键词投放，7天复核,待运营确认
rack and pinion,机会词（有出单未覆盖）,搜索词报告,SP-AUTO-MIXS-王云-转向器-KC4PSP18200；SP-Auto-Mix-转向器-王云-KC4PSP18200-重点；SP-KW-BR-王云-转向器-B0DPCXJTLG-KC4PSP18200,105.0,3.0,1.0,190.99,1.92,待补ABA搜索量/排名,B0DPCXJTLG,词组,新建对应ASIN关键词投放，7天复核,待运营确认
rocket pinion 2006 tacoma 4x4,机会词（有出单未覆盖）,搜索词报告,SP-AUTO-MIX-转向器-王云-大于0.12,6.0,1.0,1.0,189.99,0.46,待补ABA搜索量/排名,B0CN15P14D,词组,新建对应ASIN关键词投放，7天复核,待运营确认
subaru steering rack detroit axle rack and pinion 2002 outback,机会词（有出单未覆盖）,搜索词报告,SP-KW-MIX-转向器-王云-手动,1.0,1.0,1.0,189.99,0.48,待补ABA搜索量/排名,B0CN15P14D,词组,新建对应ASIN关键词投放，7天复核,待运营确认
2004 subaru outback wagon rack and opinion,机会词（有出单未覆盖）,搜索词报告,SP-AUTO-MIXS-王云-转向器-KX4SGE15800,2.0,1.0,1.0,189.99,0.45,待补ABA搜索量/排名,B0DPCX14JC,词组,新建对应ASIN关键词投放，7天复核,待运营确认
2003 subaru outback rack and pinion,机会词（有出单未覆盖）,搜索词报告,SP-AUTO-MIXS-王云-转向器大于0.12,3.0,1.0,1.0,189.99,0.48,待补ABA搜索量/排名,B0DPCXKRCL,词组,新建对应ASIN关键词投放，7天复核,待运营确认
2001 subaru outback steering rack,机会词（有出单未覆盖）,搜索词报告,SP-KW-Mix-转向器-王云-KX4SGE15800-重点,15.0,2.0,1.0,189.99,1.13,待补ABA搜索量/排名,B0DSDMNPSC,词组,新建对应ASIN关键词投放，7天复核,待运营确认
b0ggrbjl29,机会词（有出单未覆盖）,搜索词报告,SP-PT-转向器-王云-BD-KC4PSP18200-B0DPCXJTLG,2.0,1.0,1.0,189.99,0.35,待补ABA搜索量/排名,B0F671NLKP,词组,新建对应ASIN关键词投放，7天复核,待运营确认
rack and pinion mejorado toyota tacoma 2008,机会词（有出单未覆盖）,搜索词报告,SP-KW-MIXS-王云-转向器-KC4PSP18200,7.0,2.0,1.0,189.99,1.48,待补ABA搜索量/排名,B0F671NLKP,词组,新建对应ASIN关键词投放，7天复核,待运营确认
2019 toyota tacoma rack and pinon,机会词（有出单未覆盖）,搜索词报告,SP-KW-Mix-转向器-王云-KC4PSP18200-重点,1.0,1.0,1.0,189.99,0.36,待补ABA搜索量/排名,B0GQZ61J8N,词组,新建对应ASIN关键词投放，7天复核,待运营确认
2005 honda odyssey rack and pinion,机会词（有出单未覆盖）,搜索词报告,SP-KW-转向器-王云-自己的定价,3.0,1.0,1.0,189.99,0.84,待补ABA搜索量/排名,B0HDYPGKFY,词组,新建对应ASIN关键词投放，7天复核,待运营确认
2007 f150 rack and pinion 2wd,机会词（有出单未覆盖）,搜索词报告,SP-KW-MIXS-王云-转向器-手动,1.0,1.0,1.0,189.07,0.48,待补ABA搜索量/排名,B0GTT2ZVN4,词组,新建对应ASIN关键词投放，7天复核,待运营确认
rack and pinion for a 2006 toyota tacoma 4 wheel drive,机会词（有出单未覆盖）,搜索词报告,SP-KW-MIXS-王云-转向器-手动,3.0,1.0,1.0,188.99,0.48,待补ABA搜索量/排名,B0DPCXMRG4,词组,新建对应ASIN关键词投放，7天复核,待运营确认
2008 nissan quest rack and pinion,机会词（有出单未覆盖）,搜索词报告,SP-KW-MIX-王云-转向器-KC4SGE01200-重点,9.0,3.0,1.0,188.99,2.31,待补ABA搜索量/排名,B0DSF696TB,词组,新建对应ASIN关键词投放，7天复核,待运营确认
rack and pinion steering assembly 98 sienna,机会词（有出单未覆盖）,搜索词报告,SP-AUTO-MIXS-王云-转向器大于0.12,3.0,1.0,1.0,188.99,0.44,待补ABA搜索量/排名,B0FCY4HGCF,词组,新建对应ASIN关键词投放，7天复核,待运营确认
steering rack tacoma 2007,机会词（有出单未覆盖）,搜索词报告,SP-KW-MIXS-王云-转向器-KC4PSP18200,1.0,1.0,1.0,188.99,0.74,待补ABA搜索量/排名,B0GQZ61J8N,词组,新建对应ASIN关键词投放，7天复核,待运营确认
1994 honda accord rack and pinion,机会词（有出单未覆盖）,搜索词报告,SP-AUTO-MIXS-王云-转向器大于0.12,10.0,1.0,1.0,187.99,0.48,待补ABA搜索量/排名,B0DWMW2718,词组,新建对应ASIN关键词投放，7天复核,待运营确认
2006 town and country rack and pinion,机会词（有出单未覆盖）,搜索词报告,SP-KW-MIXS-王云-转向器-KX4SGE10100,1.0,1.0,1.0,187.99,0.65,待补ABA搜索量/排名,B0GR4TYCKZ,词组,新建对应ASIN关键词投放，7天复核,待运营确认
2008 toyota sienna steering rack,机会词（有出单未覆盖）,搜索词报告,SP-KW-MIXS-王云-转向器-KC4SGE02500,31.0,3.0,1.0,187.99,3.03,待补ABA搜索量/排名,B0H6WL5BHM,词组,新建对应ASIN关键词投放，7天复核,待运营确认
rack and pinion assembly compatible with toyota 4runner/fj cruiser & lexus gx470 2003-2009 4.0l,机会词（有出单未覆盖）,搜索词报告,SP-KW-MIX-转向器-王云-手动,1.0,1.0,1.0,187.2,0.48,待补ABA搜索量/排名,B0F9P2QX6Z,词组,新建对应ASIN关键词投放，7天复核,待运营确认
1996 tacoma power steering rack,机会词（有出单未覆盖）,搜索词报告,SP-KW-Mix-转向器-王云-PT4SGE27800-重点,22.0,2.0,1.0,186.99,1.14,待补ABA搜索量/排名,B0DWMV85N5,词组,新建对应ASIN关键词投放，7天复核,待运营确认
rack pinion a premium 1996 tacoma 2wd kac,机会词（有出单未覆盖）,搜索词报告,SP-AUTO-MIXS-王云-转向器-PT4SGE27800,1.0,1.0,1.0,186.99,0.6,待补ABA搜索量/排名,B0DWMV85N5,词组,新建对应ASIN关键词投放，7天复核,待运营确认
rack pinion bushings for toyota tacoma 1997 2.4,机会词（有出单未覆盖）,搜索词报告,SP-KW-MIXS-王云-转向器-PT4SGE27800,3.0,1.0,1.0,186.99,0.75,待补ABA搜索量/排名,B0DWMV85N5,词组,新建对应ASIN关键词投放，7天复核,待运营确认
97 toyota pickup 2.4 l rack en piñón,机会词（有出单未覆盖）,搜索词报告,SP-AUTO-MIXS-王云-转向器大于0.12,1.0,1.0,1.0,186.99,0.4,待补ABA搜索量/排名,B0DWMW2718,词组,新建对应ASIN关键词投放，7天复核,待运营确认
1996 2wd 2.4l tacoma base 5 lug rack and pinion,机会词（有出单未覆盖）,搜索词报告,SP-AUTO-MIXS-王云-转向器大于0.12,3.0,1.0,1.0,186.99,0.4,待补ABA搜索量/排名,B0FCY4HGCF,词组,新建对应ASIN关键词投放，7天复核,待运营确认
2004 volkswagen golf gti rack and pinion,机会词（有出单未覆盖）,搜索词报告,SP-KW-Mix-转向器26新品-王云-OO4SGE38500,7.0,1.0,1.0,186.99,0.76,待补ABA搜索量/排名,B0GSD1T7VX,词组,新建对应ASIN关键词投放，7天复核,待运营确认
2005 acura tsx rack and pinion,机会词（有出单未覆盖）,搜索词报告,SP-KW-Mix-转向器-王云-KC4PSP16800-副编码重点,5.0,3.0,1.0,185.99,2.36,待补ABA搜索量/排名,B0F531Y2YC,词组,新建对应ASIN关键词投放，7天复核,待运营确认
power steering rack and pinion assembly,机会词（有出单未覆盖）,搜索词报告,SP--Mix-转向器-王云-KC4SGE03700-重点,2.0,1.0,1.0,185.64,0.45,待补ABA搜索量/排名,B0DPCXMRG4,词组,新建对应ASIN关键词投放，7天复核,待运营确认
2008 crv rack and pinion filter,机会词（有出单未覆盖）,搜索词报告,SP-KW-转向器-王云-KC4SGE04700-B0DPCWSF3G,1.0,1.0,1.0,184.99,0.68,待补ABA搜索量/排名,B0DPCWSF3G,词组,新建对应ASIN关键词投放，7天复核,待运营确认
2006 buick rainier rack & pinion,机会词（有出单未覆盖）,搜索词报告,SP-KW-Mix-转向器-王云-KC4PSP18000-重点,7.0,2.0,1.0,184.99,1.56,待补ABA搜索量/排名,B0DWJZLMJ2,词组,新建对应ASIN关键词投放，7天复核,待运营确认
steering rack and pinion 2004 trailblazer 4x4,机会词（有出单未覆盖）,搜索词报告,SP-KW-MIXS-王云-转向器-KC4PSP18000,5.0,1.0,1.0,184.99,0.88,待补ABA搜索量/排名,B0DWJZLMJ2,词组,新建对应ASIN关键词投放，7天复核,待运营确认
"2007-2011 cr-v honda 2007-2011 cr-v replace 262749, 53601sxsa01, 53601sxsa03, 53010sxsa01",机会词（有出单未覆盖）,搜索词报告,SP-AUTO-MIX-转向器-王云-大于0.12,2.0,1.0,1.0,184.99,0.6,待补ABA搜索量/排名,B0F18B5J2V,词组,新建对应ASIN关键词投放，7天复核,待运营确认
rack and pinion 2004 chevy trailblazer,机会词（有出单未覆盖）,搜索词报告,SP-KW-MIXS-王云-转向器-KC4PSP18000,6.0,1.0,1.0,184.99,0.81,待补ABA搜索量/排名,B0GQZG719H,词组,新建对应ASIN关键词投放，7天复核,待运营确认
22185,机会词（有出单未覆盖）,搜索词报告,SP-Auto-Mix-转向器-王云-PT4SGE28200-重点,1.0,1.0,1.0,184.49,0.45,待补ABA搜索量/排名,B0F6LJBFD3,词组,新建对应ASIN关键词投放，7天复核,待运营确认
2008 mdx power steering,机会词（有出单未覆盖）,搜索词报告,SP-AUTO-MIX-转向器-王云-大于0.12,3.0,1.0,1.0,182.99,0.48,待补ABA搜索量/排名,B0DPCX66CY,词组,新建对应ASIN关键词投放，7天复核,待运营确认
rack and pinion for sale,机会词（有出单未覆盖）,搜索词报告,SP-AUTO-MIXS-王云-转向器大于0.12,2.0,2.0,1.0,182.99,0.88,待补ABA搜索量/排名,B0DPCXKRCL,词组,新建对应ASIN关键词投放，7天复核,待运营确认
rack and pinion,机会词（有出单未覆盖）,搜索词报告,SP-AUTO-MIXS-王云-转向器-KC4PSP18200；SP-Auto-Mix-转向器-王云-KC4PSP18200-重点；SP-KW-BR-王云-转向器-B0DPQNQD9G-KC4PSP18200,1288.0,17.0,1.0,182.99,10.02,待补ABA搜索量/排名,B0DPQNQD9G,词组,新建对应ASIN关键词投放，7天复核,待运营确认
2010 subaru tribeca touring racanpiño,机会词（有出单未覆盖）,搜索词报告,SP-AUTO-MIXS-王云-转向器-PT4SGE22800,5.0,1.0,1.0,182.99,0.6,待补ABA搜索量/排名,B0GR3G98M1,词组,新建对应ASIN关键词投放，7天复核,待运营确认
recampiño toyota camry 2002,机会词（有出单未覆盖）,搜索词报告,SP-AUTO-MIXS-王云-转向器-KX4SGE11700,3.0,2.0,1.0,182.99,1.15,待补ABA搜索量/排名,B0GR4LX9TM,词组,新建对应ASIN关键词投放，7天复核,待运营确认
rack and pinion nissan sentra 2005 1.8,机会词（有出单未覆盖）,搜索词报告,SP-KW-MIXS-王云-转向器-手动,8.0,3.0,1.0,181.99,1.02,待补ABA搜索量/排名,B0DPCY3SC2,词组,新建对应ASIN关键词投放，7天复核,待运营确认
2006 chevy trailblazer rack and pinion,机会词（有出单未覆盖）,搜索词报告,SP-KW-MIXS-王云-转向器-KC4PSP18000；SP-KW-转向器-王云-BD-KC4PSP16900-B0DWJZLMJ2,24.0,3.0,1.0,181.69,2.37,待补ABA搜索量/排名,B0DWJZLMJ2,词组,新建对应ASIN关键词投放，7天复核,待运营确认
rack and pinion 2014 toyota 4 runner,机会词（有出单未覆盖）,搜索词报告,SP-Auto-Mix-转向器-王云-KX4SGE08300-重点,3.0,1.0,1.0,180.99,0.6,待补ABA搜索量/排名,B0F6LJCDCK,词组,新建对应ASIN关键词投放，7天复核,待运营确认
rack and pinion for 1995 honda accord ex,机会词（有出单未覆盖）,搜索词报告,SP-AUTO-MIX-转向器-王云-大于0.12,6.0,2.0,1.0,180.99,0.95,待补ABA搜索量/排名,B0GR4FCY4R,词组,新建对应ASIN关键词投放，7天复核,待运营确认
2010 honda crv ex rack and pinion,机会词（有出单未覆盖）,搜索词报告,SP-KW-MIXS-王云-转向器-KC4SGE04700,1.0,1.0,1.0,179.99,0.69,待补ABA搜索量/排名,B0DPCWSF3G,词组,新建对应ASIN关键词投放，7天复核,待运营确认
cremallera y piñón de dirección asistida compatible con honda cr-v 2007 2008 2009 2010 2011,机会词（有出单未覆盖）,搜索词报告,SP-AUTO-MIXS-王云-转向器-KX4SGE08800,9.0,1.0,1.0,179.99,0.6,待补ABA搜索量/排名,B0DSZPZY17,词组,新建对应ASIN关键词投放，7天复核,待运营确认
kax 262625 conjunto de piñon cremallera de dirección asistida hidráulica para toyota 4runner 1996 -2002,机会词（有出单未覆盖）,搜索词报告,SP-KW-EX-LXX-steering-B0GGRPCTLZ-OE-BS,1.0,1.0,1.0,179.99,0.45,待补ABA搜索量/排名,B0GGRPCTLZ,词组,新建对应ASIN关键词投放，7天复核,待运营确认
hydraulic steering rack for jeep compass 2016,机会词（有出单未覆盖）,搜索词报告,SP-KW-Mix-转向器-王云-KX4SGE09100-重点,10.0,3.0,1.0,178.99,2.37,待补ABA搜索量/排名,B0GR4QMHGJ,词组,新建对应ASIN关键词投放，7天复核,待运营确认
steering rack and pinion,机会词（有出单未覆盖）,搜索词报告,SP-KW-Mix-转向器-王云-KC4PSP16400-重点,11.0,1.0,1.0,178.99,0.69,待补ABA搜索量/排名,B0GR4QTT46,词组,新建对应ASIN关键词投放，7天复核,待运营确认
2006 toyota sienna steering rack,机会词（有出单未覆盖）,搜索词报告,SP-KW-BR-王云-转向器-B0DPCWYHXB-KC4PSP17700,3.0,1.0,1.0,177.99,0.94,待补ABA搜索量/排名,B0DPCWYHXB,词组,新建对应ASIN关键词投放，7天复核,待运营确认
2010 toyota sienna rack and pinion,机会词（有出单未覆盖）,搜索词报告,SP-KW-MIXS-王云-转向器-KC4SGE02500,1.0,1.0,1.0,177.99,1.13,待补ABA搜索量/排名,B0DPCWYNV6,词组,新建对应ASIN关键词投放，7天复核,待运营确认
toyota sienna rack and pinion,机会词（有出单未覆盖）,搜索词报告,SP-KW-MIXS-王云-转向器-手动,2.0,1.0,1.0,177.99,0.3,待补ABA搜索量/排名,B0DPCWYNV6,词组,新建对应ASIN关键词投放，7天复核,待运营确认
honda pilot 2004 cremallera y piñón,机会词（有出单未覆盖）,搜索词报告,SP-AUTO-MIXS-王云-转向器-KC4SGE04100,3.0,1.0,1.0,177.99,0.45,待补ABA搜索量/排名,B0DPCXH2PS,词组,新建对应ASIN关键词投放，7天复核,待运营确认
2013 toyota tacoma v6 rack en piñón,机会词（有出单未覆盖）,搜索词报告,SP-AUTO-MIXS-王云-转向器-KX4SGE13700,1.0,1.0,1.0,177.99,0.45,待补ABA搜索量/排名,B0DPCXKHXJ,词组,新建对应ASIN关键词投放，7天复核,待运营确认
tacoma 2010 hydraulic steering rack,机会词（有出单未覆盖）,搜索词报告,SP-AUTO-MIXS-王云-转向器大于0.12,2.0,1.0,1.0,177.99,0.48,待补ABA搜索量/排名,B0DWMT4JDS,词组,新建对应ASIN关键词投放，7天复核,待运营确认
2004 nissan sentra steering rack,机会词（有出单未覆盖）,搜索词报告,SP-KW-MIX-转向器-王云-手动,4.0,1.0,1.0,177.99,0.75,待补ABA搜索量/排名,B0F9P6Z4J9,词组,新建对应ASIN关键词投放，7天复核,待运营确认
2009 lexus es350 rack and pinion,机会词（有出单未覆盖）,搜索词报告,SP-KW-MIXS-王云-转向器王云-KC4SGE01800,1.0,1.0,1.0,177.99,0.76,待补ABA搜索量/排名,B0GQZFFJLK,词组,新建对应ASIN关键词投放，7天复核,待运营确认
2006 town and country chrysler mini van power steering,机会词（有出单未覆盖）,搜索词报告,SP-AUTO-MIX-转向器-王云-大于0.12,4.0,3.0,1.0,176.99,1.3,待补ABA搜索量/排名,B0F671L76Z,词组,新建对应ASIN关键词投放，7天复核,待运营确认
2006 chrysler town and country rack and pinion,机会词（有出单未覆盖）,搜索词报告,SP-KW-Mix-转向器-王云-KX4SGE10100-重点,2.0,1.0,1.0,176.99,0.71,待补ABA搜索量/排名,B0H6W8QSG9,词组,新建对应ASIN关键词投放，7天复核,待运营确认
toyota 2010 camry hydraulic steering wheel,机会词（有出单未覆盖）,搜索词报告,SP-AUTO-MIX-转向器-王云-大于0.12,4.0,2.0,1.0,175.99,0.8,待补ABA搜索量/排名,B0DPCWN73Z,词组,新建对应ASIN关键词投放，7天复核,待运营确认
toyota 4runner 2008 steering gear pinion,机会词（有出单未覆盖）,搜索词报告,SP--Mix-转向器-王云-KC4SGE03700-重点,4.0,1.0,1.0,175.99,0.55,待补ABA搜索量/排名,B0DPCXMRG4,词组,新建对应ASIN关键词投放，7天复核,待运营确认
44250-04030,机会词（有出单未覆盖）,搜索词报告,SP-AUTO-MIXS-王云-转向器大于0.12,2.0,1.0,1.0,175.99,0.48,待补ABA搜索量/排名,B0DWMW2718,词组,新建对应ASIN关键词投放，7天复核,待运营确认
philtop rack and pinion 2008 toyota camry,机会词（有出单未覆盖）,搜索词报告,SP-KW-MIX-转向器广泛-王云-KC4SGE01800-重点,3.0,1.0,1.0,175.99,0.76,待补ABA搜索量/排名,B0GQZFFJLK,词组,新建对应ASIN关键词投放，7天复核,待运营确认
2010 kia forte rack and pinion detroit axle,机会词（有出单未覆盖）,搜索词报告,SP-KW-MIXS-王云-转向器-KX4SGE15400,8.0,1.0,1.0,175.99,0.4,待补ABA搜索量/排名,B0GR45XNHQ,词组,新建对应ASIN关键词投放，7天复核,待运营确认
2005 toyota tacoma 2wd raken pinion,机会词（有出单未覆盖）,搜索词报告,SP-Auto-Mix-转向器-王云-KX4SGE13700-重点,5.0,1.0,1.0,175.99,0.45,待补ABA搜索量/排名,B0GR4LNWTM,词组,新建对应ASIN关键词投放，7天复核,待运营确认
2011 toyota camry power steering rack,机会词（有出单未覆盖）,搜索词报告,SP-KW-Mix-转向器26新品-王云-OO4SGE37500,3.0,1.0,1.0,175.99,0.45,待补ABA搜索量/排名,B0GSCZ2K1B,词组,新建对应ASIN关键词投放，7天复核,待运营确认
2004 toyota highlander rack and pinion kac,机会词（有出单未覆盖）,搜索词报告,SP-KW-BR-王云-转向器-B0DPCWYHXB-KC4PSP17700,2.0,1.0,1.0,174.99,1.42,待补ABA搜索量/排名,B0DPCWYHXB,词组,新建对应ASIN关键词投放，7天复核,待运营确认
hydraulic power steering rack and pinion assembly compatible with lexus rx330 year 2004,机会词（有出单未覆盖）,搜索词报告,SP-KW-MIX-王云-转向器-KC4PSP17700-重点,2.0,1.0,1.0,174.99,0.97,待补ABA搜索量/排名,B0DPCWYHXB,词组,新建对应ASIN关键词投放，7天复核,待运营确认
mustang ii power rack and pinion,机会词（有出单未覆盖）,搜索词报告,SP-KW-MIX-转向器-王云-手动,4.0,1.0,1.0,174.99,0.48,待补ABA搜索量/排名,B0DPMWTLZB,词组,新建对应ASIN关键词投放，7天复核,待运营确认
2004 mitsubishi outlander all-wheel drive rack and pinion,机会词（有出单未覆盖）,搜索词报告,SP-KW-Mix-转向器-王云-KC4SGE01700-重点,2.0,1.0,1.0,174.99,0.63,待补ABA搜索量/排名,B0DPWVY87S,词组,新建对应ASIN关键词投放，7天复核,待运营确认
1996 honda accord rack and pinion with tie rods,机会词（有出单未覆盖）,搜索词报告,SP-KW-转向器-王云-BD-KX4SGE15200-B0DWMSG3ML,3.0,1.0,1.0,174.99,1.04,待补ABA搜索量/排名,B0DWMSG3ML,词组,新建对应ASIN关键词投放，7天复核,待运营确认
honda accord 1997 power steering rack & pinion,机会词（有出单未覆盖）,搜索词报告,SP-KW-转向器-王云-BD-KX4SGE15200-B0DWMSG3ML,1.0,1.0,1.0,174.99,0.92,待补ABA搜索量/排名,B0DWMSG3ML,词组,新建对应ASIN关键词投放，7天复核,待运营确认
2006 highlander basic fwd 2.4 rack and pinion,机会词（有出单未覆盖）,搜索词报告,SP-KW-MIXS-王云-转向器-KC4PSP17700,17.0,1.0,1.0,174.99,0.78,待补ABA搜索量/排名,B0GQZ8BTP9,词组,新建对应ASIN关键词投放，7天复核,待运营确认
1997 honda accord lx rack pinions,机会词（有出单未覆盖）,搜索词报告,SP-KW-MIXS-王云-转向器-手动,1.0,1.0,1.0,173.99,0.45,待补ABA搜索量/排名,B0DPCWYNV6,词组,新建对应ASIN关键词投放，7天复核,待运营确认
steering rack for toyota prius 2014,机会词（有出单未覆盖）,搜索词报告,SP-AUTO-MIX-转向器-王云-大于0.12,4.0,2.0,1.0,173.99,0.9,待补ABA搜索量/排名,B0F18B5J2V,词组,新建对应ASIN关键词投放，7天复核,待运营确认
1995 honda accord ex 2.2 rack and pinion,机会词（有出单未覆盖）,搜索词报告,SP-KW-MIX-转向器-王云-手动,4.0,1.0,1.0,173.99,0.48,待补ABA搜索量/排名,B0F9P2QX6Z,词组,新建对应ASIN关键词投放，7天复核,待运营确认
hydraulic steering corolla 2006,机会词（有出单未覆盖）,搜索词报告,SP-AUTO-MIXS-王云-转向器-KX4SGE08500,6.0,1.0,1.0,173.99,0.6,待补ABA搜索量/排名,B0FQP7C3MN,词组,新建对应ASIN关键词投放，7天复核,待运营确认
rakenpiñon for 2005 toyota corolla,机会词（有出单未覆盖）,搜索词报告,SP-AUTO-MIXS-王云-转向器-KX4SGE08500,2.0,1.0,1.0,173.99,0.45,待补ABA搜索量/排名,B0FQP7C3MN,词组,新建对应ASIN关键词投放，7天复核,待运营确认
bmw z3 steering rack,机会词（有出单未覆盖）,搜索词报告,SP-KW-MIX-转向器-王云-手动,8.0,1.0,1.0,173.99,0.83,待补ABA搜索量/排名,B0H6XGB3TG,词组,新建对应ASIN关键词投放，7天复核,待运营确认
rack pinion rav4 2003,机会词（有出单未覆盖）,搜索词报告,SP-KW-MIXS-王云-转向器-KC4SGE03400,1.0,1.0,1.0,173.7,0.72,待补ABA搜索量/排名,B0DPCWQQCS,词组,新建对应ASIN关键词投放，7天复核,待运营确认
rack and pinion toyota sequoia 2004,机会词（有出单未覆盖）,搜索词报告,SP-KW-转向器-王云-KC4PSP16000-B0CN15P14D,1.0,1.0,1.0,173.68,1.02,待补ABA搜索量/排名,B0CN15P14D,词组,新建对应ASIN关键词投放，7天复核,待运营确认
rack n pinion toyota rav4 2003,机会词（有出单未覆盖）,搜索词报告,SP-KW-Mix-转向器-王云-KC4SGE03400-重点,3.0,1.0,1.0,173.1,0.78,待补ABA搜索量/排名,B0DQZTVFTQ,词组,新建对应ASIN关键词投放，7天复核,待运营确认
rack and pinion steering assembly,机会词（有出单未覆盖）,搜索词报告,SP-KW-MIXS-王云-转向器-PT4SGE26800；SP-KW-Mix-转向器-王云-PT4SGE26800-重点,19.0,4.0,1.0,172.99,2.29,待补ABA搜索量/排名,B0DWMTG6H3,词组,新建对应ASIN关键词投放，7天复核,待运营确认
piñon rav 4 year 2003,机会词（有出单未覆盖）,搜索词报告,SP-Auto-Mix-转向器-王云-KC4SGE03400-重点,2.0,1.0,1.0,172.99,0.46,待补ABA搜索量/排名,B0F9P8R4SX,词组,新建对应ASIN关键词投放，7天复核,待运营确认
hydraulic steering rack buick century 2001,机会词（有出单未覆盖）,搜索词报告,SP-kw-Mix-转向器-王云-PT4SGE25600-重点,3.0,1.0,1.0,172.99,0.64,待补ABA搜索量/排名,B0GR39QZSK,词组,新建对应ASIN关键词投放，7天复核,待运营确认
steering rack and pinion kia forte 2.0l,机会词（有出单未覆盖）,搜索词报告,SP-KW-MIXS-王云-转向器-手动,5.0,3.0,1.0,171.99,1.38,待补ABA搜索量/排名,B0DSF696TB,词组,新建对应ASIN关键词投放，7天复核,待运营确认
b0dmz5p95y,机会词（有出单未覆盖）,搜索词报告,SP-AUTO-MIX-转向器-王云-大于0.12,1.0,1.0,1.0,170.99,0.27,待补ABA搜索量/排名,B0DPCXMDMM,词组,新建对应ASIN关键词投放，7天复核,待运营确认
2004 honda accord steering rack,机会词（有出单未覆盖）,搜索词报告,SP-KW-MIXS-王云-转向器-手动,4.0,1.0,1.0,170.99,0.48,待补ABA搜索量/排名,B0DPCXMRG4,词组,新建对应ASIN关键词投放，7天复核,待运营确认
2008 honda civic power steering rack,机会词（有出单未覆盖）,搜索词报告,SP-KW-MIXS-王云-转向器-手动,7.0,1.0,1.0,170.99,0.3,待补ABA搜索量/排名,B0FCY4HGCF,词组,新建对应ASIN关键词投放，7天复核,待运营确认
2005 chevy impala power steering,机会词（有出单未覆盖）,搜索词报告,SP-AUTO-MIXS-王云-转向器大于0.12,30.0,5.0,1.0,169.99,2.08,待补ABA搜索量/排名,B0DWMT4JDS,词组,新建对应ASIN关键词投放，7天复核,待运营确认
rack and pinion for a 2000 buick century,机会词（有出单未覆盖）,搜索词报告,SP-KW-MIXS-王云-转向器-PT4SGE25600,2.0,1.0,1.0,169.99,0.78,待补ABA搜索量/排名,B0DWMT4JDS,词组,新建对应ASIN关键词投放，7天复核,待运营确认
2001 tacoma 4x4 rack and pinion,机会词（有出单未覆盖）,搜索词报告,SP-KW-BR-LXX-steering-B0GGRPCTLZ/B0GGRVNLHG-车型1-BS,2.0,1.0,1.0,169.99,1.09,待补ABA搜索量/排名,B0GGRPCTLZ,词组,新建对应ASIN关键词投放，7天复核,待运营确认
96 4 runner steering rack,机会词（有出单未覆盖）,搜索词报告,SP-KW-BR-LXX-steering-B0GGRPCTLZ/B0GGRVNLHG-车型1-BS,3.0,1.0,1.0,169.99,0.94,待补ABA搜索量/排名,B0GGRPCTLZ,词组,新建对应ASIN关键词投放，7天复核,待运营确认
1997 4wd tacoma steering rack,机会词（有出单未覆盖）,搜索词报告,SP-KW-BR-LXX-steering-B0GGRPCTLZ-年份车型-BS,1.0,1.0,1.0,169.99,0.93,待补ABA搜索量/排名,B0GGRVNLHG,词组,新建对应ASIN关键词投放，7天复核,待运营确认
2004 gto parts,机会词（有出单未覆盖）,搜索词报告,SP-Auto-Mix-转向器-王云-PT4SGE23100-重点,2.0,1.0,1.0,169.99,0.45,待补ABA搜索量/排名,B0H6WFS239,词组,新建对应ASIN关键词投放，7天复核,待运营确认
rack and pinion for 2007 jeep patriot 2.4 l engine four-wheel-drive,机会词（有出单未覆盖）,搜索词报告,SP-KW-Mix-转向器-王云-KX4SGE09100-重点,1.0,1.0,1.0,169.99,0.8,待补ABA搜索量/排名,B0H6WGBZ8Q,词组,新建对应ASIN关键词投放，7天复核,待运营确认
2003 toyota tundra steering rack,机会词（有出单未覆盖）,搜索词报告,SP-KW-转向器-王云-KC4PSP16000-B0CN15P14D,2.0,1.0,1.0,168.99,1.07,待补ABA搜索量/排名,B0CN15P14D,词组,新建对应ASIN关键词投放，7天复核,待运营确认
rack and pinion bushing for 2000 toyota tundra 4.7 l,机会词（有出单未覆盖）,搜索词报告,SP-KW-转向器-王云-KC4PSP16000-B0CN15P14D,2.0,1.0,1.0,168.99,1.07,待补ABA搜索量/排名,B0CN15P14D,词组,新建对应ASIN关键词投放，7天复核,待运营确认
power steering rack and pinion 2007 buick lucerne cxl,机会词（有出单未覆盖）,搜索词报告,SP-AUTO-MIXS-王云-转向器大于0.12,9.0,1.0,1.0,168.99,0.4,待补ABA搜索量/排名,B0DPCXKRCL,词组,新建对应ASIN关键词投放，7天复核,待运营确认
rack and pinion for 2006 buick lucerne 3.6 l engine,机会词（有出单未覆盖）,搜索词报告,SP-Auto-Mix-转向器-王云-PT4SGE27900-重点,3.0,1.0,1.0,168.99,0.6,待补ABA搜索量/排名,B0F66YZG6G,词组,新建对应ASIN关键词投放，7天复核,待运营确认
hydraulic steering rack for toyota rav4 2003,机会词（有出单未覆盖）,搜索词报告,SP-KW-MIXS-王云-转向器-KC4SGE03400,4.0,2.0,1.0,167.99,1.68,待补ABA搜索量/排名,B0CPLZXQ14,词组,新建对应ASIN关键词投放，7天复核,待运营确认
2001 jetta 2.0 steering rack,机会词（有出单未覆盖）,搜索词报告,SP-KW-MIX-转向器-王云-手动,11.0,2.0,1.0,167.08,1.5,待补ABA搜索量/排名,B0DWMSHL7S,词组,新建对应ASIN关键词投放，7天复核,待运营确认
racan piño acura tsx 2004,机会词（有出单未覆盖）,搜索词报告,SP-AUTO-MIXS-王云-转向器大于0.12,4.0,1.0,1.0,166.99,0.4,待补ABA搜索量/排名,B0D2D19CXW,词组,新建对应ASIN关键词投放，7天复核,待运营确认
1999 lexus rx300 rack and pinion,机会词（有出单未覆盖）,搜索词报告,SP-KW-转向器-王云-BD-KX4SGE16500-B0DPCX66CY,3.0,2.0,1.0,166.99,1.22,待补ABA搜索量/排名,B0DPCX66CY,词组,新建对应ASIN关键词投放，7天复核,待运营确认
rack and pinion for 2000 rx 300 lexus,机会词（有出单未覆盖）,搜索词报告,SP-KW-转向器-王云-BD-KX4SGE16500-B0DPCX66CY,1.0,1.0,1.0,166.99,0.59,待补ABA搜索量/排名,B0DPCX66CY,词组,新建对应ASIN关键词投放，7天复核,待运营确认
2001 lexus rx300 steering rack,机会词（有出单未覆盖）,搜索词报告,SP-KW-MIXS-王云-转向器-KX4SGE16500,3.0,1.0,1.0,166.99,0.45,待补ABA搜索量/排名,B0DPZS1LTK,词组,新建对应ASIN关键词投放，7天复核,待运营确认
2003 vw beetle rack and pinion,机会词（有出单未覆盖）,搜索词报告,SP-KW-MIXS-王云-转向器-KX4SGE10600,1.0,1.0,1.0,166.99,0.5,待补ABA搜索量/排名,B0GQZH1RRD,词组,新建对应ASIN关键词投放，7天复核,待运营确认
philtop power steering rack and pinion buick lucerne,机会词（有出单未覆盖）,搜索词报告,SP-KW-MIXS-王云-转向器-PT4SGE27900,4.0,1.0,1.0,166.02,0.66,待补ABA搜索量/排名,B0DWMVBS9V,词组,新建对应ASIN关键词投放，7天复核,待运营确认
power steering rack and pinion nissan maxima 2004,机会词（有出单未覆盖）,搜索词报告,SP-AUTO-MIX-转向器-王云-大于0.12,1.0,1.0,1.0,165.99,0.5,待补ABA搜索量/排名,B0DWMVRNCJ,词组,新建对应ASIN关键词投放，7天复核,待运营确认
rx 300 right hand drive steering rack,机会词（有出单未覆盖）,搜索词报告,SP-KW-MIX-转向器-王云-手动,6.0,2.0,1.0,165.0,1.59,待补ABA搜索量/排名,B0F18B5J2V,词组,新建对应ASIN关键词投放，7天复核,待运营确认
04 acura tsx 6spd manual transmission rack and pinion,机会词（有出单未覆盖）,搜索词报告,SP-AUTO-MIXS-转向器-王云-Auto组表现差暂停商品,1.0,1.0,1.0,164.99,0.45,待补ABA搜索量/排名,B0DPCWXT64,词组,新建对应ASIN关键词投放，7天复核,待运营确认
2007 acura tsx steering rack,机会词（有出单未覆盖）,搜索词报告,SP-KW-转向器-王云-BD-KC4PSP17900-B0DPCWXT64,2.0,1.0,1.0,164.99,0.97,待补ABA搜索量/排名,B0DPCWXT64,词组,新建对应ASIN关键词投放，7天复核,待运营确认
acura tsx rack and pinion,机会词（有出单未覆盖）,搜索词报告,SP-KW-BR-王云-转向器-B0DPCWXT64-KC4PSP17900；SP-KW-转向器-王云-BD-KC4PSP17900-B0DPCWXT64,7.0,4.0,1.0,164.99,4.12,待补ABA搜索量/排名,B0DPCWXT64,词组,新建对应ASIN关键词投放，7天复核,待运营确认
hydraulic steering box toyota camry 1995 engine 2.2,机会词（有出单未覆盖）,搜索词报告,SP-AUTO-MIXS-王云-转向器大于0.12,3.0,2.0,1.0,164.99,0.8,待补ABA搜索量/排名,B0DPCXKRCL,词组,新建对应ASIN关键词投放，7天复核,待运营确认
hydraulic steering box for toyota camry 1997,机会词（有出单未覆盖）,搜索词报告,SP-AUTO-MIX-转向器-王云-大于0.12,4.0,2.0,1.0,164.99,0.9,待补ABA搜索量/排名,B0F18B5J2V,词组,新建对应ASIN关键词投放，7天复核,待运营确认
rack and pinion for chevy trailblazer 2008,机会词（有出单未覆盖）,搜索词报告,SP-KW-MIXS-王云-转向器-KC4PSP18000,13.0,2.0,1.0,163.99,1.72,待补ABA搜索量/排名,B0GCMGPV1W,词组,新建对应ASIN关键词投放，7天复核,待运营确认
2006 golf 1.8 power steering rack,机会词（有出单未覆盖）,搜索词报告,SP-KW1-Mix-转向器-王云-KX4SGE10700-重点,12.0,2.0,1.0,162.99,1.52,待补ABA搜索量/排名,B0GR4MD5TY,词组,新建对应ASIN关键词投放，7天复核,待运营确认
2006 acura tsx rack and pinion,机会词（有出单未覆盖）,搜索词报告,SP-KW-Mix-转向器-王云-KC4PSP17900-重点,11.0,1.0,1.0,159.99,0.78,待补ABA搜索量/排名,B0CN6CLFVC,词组,新建对应ASIN关键词投放，7天复核,待运营确认
rascapiño honda accord 2010 sedan,机会词（有出单未覆盖）,搜索词报告,SP-AUTO-MIX-王云-转向器-KX4SGE08200-重点,1.0,1.0,1.0,159.99,0.45,待补ABA搜索量/排名,B0DPCXKRCL,词组,新建对应ASIN关键词投放，7天复核,待运营确认
power steering rack and pinion for 08 civic,机会词（有出单未覆盖）,搜索词报告,SP-AUTO-MIX-转向器-王云-大于0.12,7.0,2.0,1.0,159.99,0.74,待补ABA搜索量/排名,B0F18B5J2V,词组,新建对应ASIN关键词投放，7天复核,待运营确认
gato de la dirección honda civic 2008,机会词（有出单未覆盖）,搜索词报告,SP-AUTO-MIXS-王云-转向器-KC4SGE02700,1.0,1.0,1.0,159.99,0.6,待补ABA搜索量/排名,B0F66Y1ZRR,词组,新建对应ASIN关键词投放，7天复核,待运营确认
hydraulic steering rack venture 2003,机会词（有出单未覆盖）,搜索词报告,SP-KW-MIXS-王云-转向器-OO4SGE34000,2.0,1.0,1.0,159.99,0.69,待补ABA搜索量/排名,B0GTT2B7VM,词组,新建对应ASIN关键词投放，7天复核,待运营确认
2012 kia sorento ex 3.5 l steering rack pinion,机会词（有出单未覆盖）,搜索词报告,SP-KW-MIXS-王云-转向器-KC4SGE02800,6.0,1.0,1.0,158.99,0.83,待补ABA搜索量/排名,B0DPCWYHX9,词组,新建对应ASIN关键词投放，7天复核,待运营确认
kia sorento 2011 rack and pinion,机会词（有出单未覆盖）,搜索词报告,SP-KW-MIXS-王云-转向器-KC4SGE02800,6.0,1.0,1.0,158.99,0.89,待补ABA搜索量/排名,B0DPCWYHX9,词组,新建对应ASIN关键词投放，7天复核,待运营确认
hydraulic steering box,机会词（有出单未覆盖）,搜索词报告,SP-AUTO-MIXS-王云-转向器-OO4SGE34100,2.0,1.0,1.0,157.99,0.6,待补ABA搜索量/排名,B0GTTPRT8T,词组,新建对应ASIN关键词投放，7天复核,待运营确认
philtop power steering rack and pinion nissan sentra,机会词（有出单未覆盖）,搜索词报告,SP-KW-Mix-转向器-王云-PT4SGE27500-重点,7.0,1.0,1.0,156.99,0.46,待补ABA搜索量/排名,B0DWMVBR7Q,词组,新建对应ASIN关键词投放，7天复核,待运营确认
xl7 2005 steering rack and pinion assembly,机会词（有出单未覆盖）,搜索词报告,SP-KW-MIX-转向器-王云-手动,1.0,1.0,1.0,156.99,0.4,待补ABA搜索量/排名,B0F43KHJC2,词组,新建对应ASIN关键词投放，7天复核,待运营确认
2000 toyota 4runner v6 4x4 steering rack,机会词（有出单未覆盖）,搜索词报告,SP-AUTO-MIX-转向器-王云-大于0.12,1.0,1.0,1.0,154.99,0.38,待补ABA搜索量/排名,B0DPCWN73Z,词组,新建对应ASIN关键词投放，7天复核,待运营确认
rack and pinion rebuild kit for a 2001 toyota tacoma,机会词（有出单未覆盖）,搜索词报告,SP-KW-MIXS-王云-转向器-手动,1.0,1.0,1.0,154.99,0.48,待补ABA搜索量/排名,B0DPCY3SC2,词组,新建对应ASIN关键词投放，7天复核,待运营确认
2000 4 runner 6 cylinder 4x4 rack and pinion,机会词（有出单未覆盖）,搜索词报告,SP-Auto-Mix-转向器-王云-PT4SGE22200-重点,1.0,1.0,1.0,154.99,0.6,待补ABA搜索量/排名,B0DWMV3RPH,词组,新建对应ASIN关键词投放，7天复核,待运营确认
2008 honda accord ex rack and pinion,机会词（有出单未覆盖）,搜索词报告,SP-AUTO-MIX-转向器-王云-大于0.12,1.0,1.0,1.0,154.99,0.38,待补ABA搜索量/排名,B0F672VQYZ,词组,新建对应ASIN关键词投放，7天复核,待运营确认
2002 vw jetta steering rack,机会词（有出单未覆盖）,搜索词报告,SP-KW-MIXS-王云-转向器-KX4SGE10700,6.0,1.0,1.0,154.99,0.91,待补ABA搜索量/排名,B0F6LRNGJS,词组,新建对应ASIN关键词投放，7天复核,待运营确认
hydraulic power steering rack and pinion compatible with honda accord 2009,机会词（有出单未覆盖）,搜索词报告,SP-KW-MIX-转向器-王云-手动,3.0,1.0,1.0,154.99,0.75,待补ABA搜索量/排名,B0F9P6Z4J9,词组,新建对应ASIN关键词投放，7天复核,待运营确认
rack and pinion toyota prius 2010,机会词（有出单未覆盖）,搜索词报告,SP-KW-MIX-转向器-王云-手动,2.0,1.0,1.0,154.99,0.75,待补ABA搜索量/排名,B0F9P6Z4J9,词组,新建对应ASIN关键词投放，7天复核,待运营确认
mk4 golf steering rack,机会词（有出单未覆盖）,搜索词报告,SP-KW-MIXS-王云-转向器-KX4SGE10700,2.0,1.0,1.0,154.99,0.72,待补ABA搜索量/排名,B0H6WJZR6S,词组,新建对应ASIN关键词投放，7天复核,待运营确认
philtop power steering rack and pinion toyota camry,机会词（有出单未覆盖）,搜索词报告,SP-KW-MIXS-王云-转向器-KC4SGE04300,1.0,1.0,1.0,153.99,0.84,待补ABA搜索量/排名,B0DPCX75QY,词组,新建对应ASIN关键词投放，7天复核,待运营确认
2004 lexus es330 power steering rack,机会词（有出单未覆盖）,搜索词报告,SP-KW-转向器-王云-KX4SGE08600-B0DR167V3Z,1.0,1.0,1.0,153.99,0.78,待补ABA搜索量/排名,B0DR167V3Z,词组,新建对应ASIN关键词投放，7天复核,待运营确认
rack and pinion steering assembly 2004 grand am,机会词（有出单未覆盖）,搜索词报告,SP-kw-Mix-转向器-王云-KX4SGE12200-重点,1.0,1.0,1.0,153.99,1.15,待补ABA搜索量/排名,B0FLY3JV9J,词组,新建对应ASIN关键词投放，7天复核,待运营确认
2006 nissan altima 3.5 rack and pinion,机会词（有出单未覆盖）,搜索词报告,SP-Auto-Mix-转向器-王云-KC4SGE02400-重点,8.0,2.0,1.0,153.99,0.96,待补ABA搜索量/排名,B0GQZ8T7R1,词组,新建对应ASIN关键词投放，7天复核,待运营确认
"conjunto de piñón y cremallera de dirección asistida, compatible honda crv 1998",机会词（有出单未覆盖）,搜索词报告,SP-Auto-Mix-转向器-王云-KC4PSP15900-重点,2.0,1.0,1.0,153.99,0.84,待补ABA搜索量/排名,B0GR46J8VG,词组,新建对应ASIN关键词投放，7天复核,待运营确认
pontiac grand am 2004 rack and pinion,机会词（有出单未覆盖）,搜索词报告,SP-kw-Mix-转向器-王云-KX4SGE12200-重点,5.0,2.0,1.0,153.99,2.29,待补ABA搜索量/排名,B0H6WDYZVD,词组,新建对应ASIN关键词投放，7天复核,待运营确认
1999 volkswagen golf tdi power steering rack,机会词（有出单未覆盖）,搜索词报告,SP-KW-MIXS-王云-转向器-手动,2.0,1.0,1.0,150.99,0.48,待补ABA搜索量/排名,B0GTT2ZVN4,词组,新建对应ASIN关键词投放，7天复核,待运营确认
1998 honda civic lx rack and pinion 53010-s04-000,机会词（有出单未覆盖）,搜索词报告,SP-KW-MIXS-王云-转向器-手动,1.0,1.0,1.0,149.99,0.48,待补ABA搜索量/排名,B0DSF696TB,词组,新建对应ASIN关键词投放，7天复核,待运营确认
rack and pinion for 2007 rendezvous,机会词（有出单未覆盖）,搜索词报告,SP-Auto-Mix-转向器-王云-KX4SGE16700-重点,1.0,1.0,1.0,149.99,0.45,待补ABA搜索量/排名,B0F6Y1FFYQ,词组,新建对应ASIN关键词投放，7天复核,待运营确认
rack pinion for toyota corolla 1998,机会词（有出单未覆盖）,搜索词报告,SP-KW-BR-LXX-Steering-B0GGRGLMRS-年份车型-BS,2.0,1.0,1.0,149.99,1.32,待补ABA搜索量/排名,B0GGRGLMRS,词组,新建对应ASIN关键词投放，7天复核,待运营确认
2003 buick rendezvous rack and pinion,机会词（有出单未覆盖）,搜索词报告,SP-KW-Mix-转向器26新品-王云-OO4SGE34000,4.0,1.0,1.0,149.99,0.73,待补ABA搜索量/排名,B0H6WHS9SC,词组,新建对应ASIN关键词投放，7天复核,待运营确认
2007 4runner 4.7l v8 power steering rack,机会词（有出单未覆盖）,搜索词报告,SP-KW-转向器-王云-KC4SGE03700-B0DPCXMRG4,3.0,1.0,1.0,148.49,0.56,待补ABA搜索量/排名,B0DPCXMRG4,词组,新建对应ASIN关键词投放，7天复核,待运营确认
toyota 4runner 2006 racanpiño,机会词（有出单未覆盖）,搜索词报告,SP--Mix-转向器-王云-KC4SGE03700-重点,11.0,3.0,1.0,148.17,1.8,待补ABA搜索量/排名,B0DPCXMRG4,词组,新建对应ASIN关键词投放，7天复核,待运营确认
1995 tacoma power steering rack 4wd,机会词（有出单未覆盖）,搜索词报告,SP-KW-MIXS-王云-转向器-B0CN17GBN5,1.0,1.0,1.0,147.99,1.19,待补ABA搜索量/排名,B0CN17GBN5,词组,新建对应ASIN关键词投放，7天复核,待运营确认
2000 toyota tacoma steering rack,机会词（有出单未覆盖）,搜索词报告,SP-KW-转向器-王云-KC4PSP16100-B0CN17GBN5,9.0,1.0,1.0,147.99,1.1,待补ABA搜索量/排名,B0CN17GBN5,词组,新建对应ASIN关键词投放，7天复核,待运营确认
rack and pinion for honda pilot 2014,机会词（有出单未覆盖）,搜索词报告,SP-KW-MIXS-王云-转向器-KX4SGE09200,3.0,1.0,1.0,146.99,0.87,待补ABA搜索量/排名,B0DSZQ5BCN,词组,新建对应ASIN关键词投放，7天复核,待运营确认
2010 honda pilot steering rack,机会词（有出单未覆盖）,搜索词报告,SP-KW-KX4SGE09200-B0GQZ68DTZ-转向器-PT TOP；SP-KW-Mix-转向器-王云-KX4SGE09200-重点,7.0,2.0,1.0,146.99,1.87,待补ABA搜索量/排名,B0GQZ68DTZ,词组,新建对应ASIN关键词投放，7天复核,待运营确认
rack and pinion for honda pilot 2011,机会词（有出单未覆盖）,搜索词报告,SP-KW-BR-王云-转向器-B0GQZ68DTZ-KX4SGE09200,1.0,1.0,1.0,146.99,0.91,待补ABA搜索量/排名,B0GQZ68DTZ,词组,新建对应ASIN关键词投放，7天复核,待运营确认
rack and pinion,机会词（有出单未覆盖）,搜索词报告,SP-AUTO-MIX-王云-转向器-KC4PSP16600-重点,460.0,5.0,1.0,146.99,2.16,待补ABA搜索量/排名,B0H6WM22T1,词组,新建对应ASIN关键词投放，7天复核,待运营确认
2014 ct200h rack and pinion,机会词（有出单未覆盖）,搜索词报告,SP-KW-Mix-转向器-王云-PT4SGE19400-重点,37.0,6.0,1.0,146.99,4.46,待补ABA搜索量/排名,B0H6WMYKNQ,词组,新建对应ASIN关键词投放，7天复核,待运营确认
1998 honda crv steering rack,机会词（有出单未覆盖）,搜索词报告,SP-KW-转向器-王云-KC4PSP15900-B0DPMWTLZB,2.0,1.0,1.0,145.99,0.65,待补ABA搜索量/排名,B0DPMWTLZB,词组,新建对应ASIN关键词投放，7天复核,待运营确认
1999 honda crv steering rack,机会词（有出单未覆盖）,搜索词报告,SP-KW-Mix-转向器-王云-KC4PSP15900-重点,5.0,1.0,1.0,145.99,0.65,待补ABA搜索量/排名,B0DPMWTLZB,词组,新建对应ASIN关键词投放，7天复核,待运营确认
steering rack toyota highlander 2003,机会词（有出单未覆盖）,搜索词报告,SP-KW-MIX-转向器-王云-手动,1.0,1.0,1.0,145.99,0.48,待补ABA搜索量/排名,B0F9P2QX6Z,词组,新建对应ASIN关键词投放，7天复核,待运营确认
rack and pinion,机会词（有出单未覆盖）,搜索词报告,SP-KW-MIXS-王云-转向器-KC4PSP18000；SP-KW-Mix-转向器-王云-KC4PSP18000-重点,211.0,5.0,1.0,145.46,2.71,待补ABA搜索量/排名,B0GCMGPV1W,词组,新建对应ASIN关键词投放，7天复核,待运营确认
1998 honda civic rack and pinion kit,机会词（有出单未覆盖）,搜索词报告,SP-Auto-Mix-转向器-王云-KC4PSP16500-重点,3.0,1.0,1.0,144.99,0.62,待补ABA搜索量/排名,B0DPCXF2L9,词组,新建对应ASIN关键词投放，7天复核,待运营确认
2002 suzuki xl7,机会词（有出单未覆盖）,搜索词报告,SP-AUTO-MIXS-王云-转向器大于0.12,3.0,1.0,1.0,144.99,0.48,待补ABA搜索量/排名,B0DWMT4JDS,词组,新建对应ASIN关键词投放，7天复核,待运营确认
kac power steering rack and pinion rav4 1998,机会词（有出单未覆盖）,搜索词报告,SP-Auto-Mix-转向器-王云-KC4SGE00400-重点,2.0,1.0,1.0,143.99,0.8,待补ABA搜索量/排名,B0GR4V3RNT,词组,新建对应ASIN关键词投放，7天复核,待运营确认
rack and pinion 2000 forerunner,机会词（有出单未覆盖）,搜索词报告,SP-KW-KC4PSP16100-B0DPCXYMH5-转向器-vine,1.0,1.0,1.0,142.99,0.88,待补ABA搜索量/排名,B0DPCXYMH5,词组,新建对应ASIN关键词投放，7天复核,待运营确认
rack and pinion for toyota 4runner 2000,机会词（有出单未覆盖）,搜索词报告,SP-KW-MIXS-王云-转向器-B0DPCXYMH5,1.0,1.0,1.0,142.99,0.88,待补ABA搜索量/排名,B0DPCXYMH5,词组,新建对应ASIN关键词投放，7天复核,待运营确认
2003 hyundai elantra power steering rack and.pinion outer tie rods suspension kit,机会词（有出单未覆盖）,搜索词报告,SP-KW-Mix-转向器-王云-KC4SGE04200-重点,4.0,1.0,1.0,141.99,0.63,待补ABA搜索量/排名,B0H6WLCCKW,词组,新建对应ASIN关键词投放，7天复核,待运营确认
hyundai elantra hydraulic steering rack,机会词（有出单未覆盖）,搜索词报告,SP-AUTO-MIX-转向器-王云-大于0.12,4.0,1.0,1.0,140.99,0.45,待补ABA搜索量/排名,B0DPCXMDMM,词组,新建对应ASIN关键词投放，7天复核,待运营确认
rack and pinion,机会词（有出单未覆盖）,搜索词报告,SP-AUTO-MIX-王云-转向器-KX4SGE08200-重点；SP-AUTO-MIXS-王云-转向器-KX4SGE08200；SP-AUTO-MIXS-王云-转向器大于0.12,1070.0,15.0,1.0,139.99,5.99,待补ABA搜索量/排名,B0DPCXKRCL,词组,新建对应ASIN关键词投放，7天复核,待运营确认
chevrolet cobalt,机会词（有出单未覆盖）,搜索词报告,SP-AUTO-MIXS-王云-转向器-KC4SGE05300,1.0,1.0,1.0,138.99,0.45,待补ABA搜索量/排名,B0FLY1TWFX,词组,新建对应ASIN关键词投放，7天复核,待运营确认
electric steering rack for chevy cobalt 2008,机会词（有出单未覆盖）,搜索词报告,SP-KW-MIXS-王云-转向器-PT4SGE20300,10.0,1.0,1.0,138.99,0.74,待补ABA搜索量/排名,B0GR45YTCV,词组,新建对应ASIN关键词投放，7天复核,待运营确认
rack and pinion steering assembly,机会词（有出单未覆盖）,搜索词报告,SP-AUTO-MIX-王云-转向器-KC4SGE00100-重点；SP-AUTO-MIXS-王云-转向器-KC4SGE00100,157.0,7.0,1.0,137.99,4.09,待补ABA搜索量/排名,B0DPQLLN9D,词组,新建对应ASIN关键词投放，7天复核,待运营确认
2001 audi s4 steering rack,机会词（有出单未覆盖）,搜索词报告,SP-KW-MIXS-王云-转向器-KX4SGE17400,4.0,1.0,1.0,137.99,0.66,待补ABA搜索量/排名,B0GR4JV9H7,词组,新建对应ASIN关键词投放，7天复核,待运营确认
power steering rack prius 2007,机会词（有出单未覆盖）,搜索词报告,SP-Auto-Mix-转向器26新品-王云-OO4SGE38900,1.0,1.0,1.0,137.99,0.6,待补ABA搜索量/排名,B0H6WHND3D,词组,新建对应ASIN关键词投放，7天复核,待运营确认
honda crv2001 steering rancampiño,机会词（有出单未覆盖）,搜索词报告,SP-Auto-Mix-转向器-王云-KC4PSP15900-重点,2.0,1.0,1.0,137.99,0.65,待补ABA搜索量/排名,B0H6WJ68X4,词组,新建对应ASIN关键词投放，7天复核,待运营确认
2004 chevy impala 3.8l rack and pinion,机会词（有出单未覆盖）,搜索词报告,SP-AUTO-MIX-王云-转向器-KC4PSP16600-重点,2.0,1.0,1.0,137.99,0.8,待补ABA搜索量/排名,B0H6WM22T1,词组,新建对应ASIN关键词投放，7天复核,待运营确认
2007 chevy impala racketeer,机会词（有出单未覆盖）,搜索词报告,SP-AUTO-MIX-王云-转向器-KC4PSP16600-重点,2.0,1.0,1.0,137.99,0.64,待补ABA搜索量/排名,B0H6WM22T1,词组,新建对应ASIN关键词投放，7天复核,待运营确认
rack and pinion for chevrolet trailblazer 2005 4x4 lt,机会词（有出单未覆盖）,搜索词报告,SP-KW-MIXS-王云-转向器-KC4PSP18000,8.0,1.0,1.0,135.79,0.88,待补ABA搜索量/排名,B0GCMGPV1W,词组,新建对应ASIN关键词投放，7天复核,待运营确认
2007 hyundai accent rack and pinion,机会词（有出单未覆盖）,搜索词报告,SP-KW-MIXS-王云-转向器-KX4SGE16800,15.0,2.0,1.0,134.99,1.24,待补ABA搜索量/排名,B0F66ZWC45,词组,新建对应ASIN关键词投放，7天复核,待运营确认
2008 hyundai accent rack and pinion (buyautoparts rack and pinion with power steering 80-01464r remanufactured),机会词（有出单未覆盖）,搜索词报告,SP-KW-Mix-转向器-王云-KX4SGE16800-重点,4.0,1.0,1.0,134.99,0.33,待补ABA搜索量/排名,B0F66ZWC45,词组,新建对应ASIN关键词投放，7天复核,待运营确认
2001 toyota avalon rack and pinion,机会词（有出单未覆盖）,搜索词报告,SP-KW-MIXS-王云-转向器-KC4SGE04300,11.0,3.0,1.0,133.99,2.85,待补ABA搜索量/排名,B0GR4QK84Z,词组,新建对应ASIN关键词投放，7天复核,待运营确认
rack y pinion toyota avalon 2000,机会词（有出单未覆盖）,搜索词报告,SP-KW-MIXS-王云-转向器-KC4SGE04300,19.0,1.0,1.0,133.99,0.98,待补ABA搜索量/排名,B0GR4QK84Z,词组,新建对应ASIN关键词投放，7天复核,待运营确认
2008 dodge sprinter 3500 diesel 3.0 steering rack,机会词（有出单未覆盖）,搜索词报告,SP-KW-MIXS-王云-转向器-KC4SGE00600,14.0,7.0,1.0,132.13,6.39,待补ABA搜索量/排名,B0GR3Z8FHX,词组,新建对应ASIN关键词投放，7天复核,待运营确认
"10 hyundai elantra touring,wagon stealing rack,",机会词（有出单未覆盖）,搜索词报告,SP-Auto-Mix-转向器-王云-PT4SGE23900-重点,3.0,1.0,1.0,131.96,0.6,待补ABA搜索量/排名,B0DWMW8QBM,词组,新建对应ASIN关键词投放，7天复核,待运营确认
power steering rack and pinion assembly for 2011-2020 automatic toyota sienna,机会词（有出单未覆盖）,搜索词报告,SP-KW-MIX-转向器-王云-手动,6.0,1.0,1.0,130.61,0.9,待补ABA搜索量/排名,B0F9P6Z4J9,词组,新建对应ASIN关键词投放，7天复核,待运营确认
2008 hyundai accent steering rack,机会词（有出单未覆盖）,搜索词报告,SP-KW-MIXS-王云-转向器-手动,1.0,1.0,1.0,129.99,0.48,待补ABA搜索量/排名,B0FCY4HGCF,词组,新建对应ASIN关键词投放，7天复核,待运营确认
2000 lexus es300 rack and pinion,机会词（有出单未覆盖）,搜索词报告,SP-KW-MIX-王云-转向器-KC4SGE04300-重点,1.0,1.0,1.0,128.59,0.64,待补ABA搜索量/排名,B0H6XDL6SG,词组,新建对应ASIN关键词投放，7天复核,待运营确认
rack and pinion,机会词（有出单未覆盖）,搜索词报告,SP-AUTO-MIX-王云-转向器-KC4SGE04300-重点,2.0,1.0,1.0,128.59,0.6,待补ABA搜索量/排名,B0H6XDL6SG,词组,新建对应ASIN关键词投放，7天复核,待运营确认
2013 hyundai elantra rack a ping,机会词（有出单未覆盖）,搜索词报告,SP-AUTO-MIX-转向器-王云-大于0.12,9.0,1.0,1.0,126.99,0.5,待补ABA搜索量/排名,B0DPCXMDMM,词组,新建对应ASIN关键词投放，7天复核,待运营确认
power steering rack and pinion assembly fits,机会词（有出单未覆盖）,搜索词报告,SP-KW-MIXS-转向器-王云-KW组表现差暂停商品,1.0,1.0,1.0,126.99,0.55,待补ABA搜索量/排名,B0DWMVYC9M,词组,新建对应ASIN关键词投放，7天复核,待运营确认
2012 hyundai elantra 1.8 rack and pinion,机会词（有出单未覆盖）,搜索词报告,SP-AUTO-MIXS-王云-转向器-PT4SGE19700,1.0,1.0,1.0,126.99,0.54,待补ABA搜索量/排名,B0DWMW2718,词组,新建对应ASIN关键词投放，7天复核,待运营确认
rack and pinion for 2011 hyundai elantra gls,机会词（有出单未覆盖）,搜索词报告,SP-KW-Mix-转向器-王云-PT4SGE23900-重点,7.0,1.0,1.0,126.99,0.81,待补ABA搜索量/排名,B0DWMW8QBM,词组,新建对应ASIN关键词投放，7天复核,待运营确认
hyundai elantra 2013 mechanical rack and pinion,机会词（有出单未覆盖）,搜索词报告,SP-KW-MIX-转向器-王云-手动,2.0,1.0,1.0,126.99,0.48,待补ABA搜索量/排名,B0F9P2QX6Z,词组,新建对应ASIN关键词投放，7天复核,待运营确认
toyota corolla 93 recampiño,机会词（有出单未覆盖）,搜索词报告,SP-AUTO-MIXS-转向器-王云-Auto组表现差暂停商品,7.0,2.0,1.0,126.99,1.0,待补ABA搜索量/排名,B0F9P45CHY,词组,新建对应ASIN关键词投放，7天复核,待运营确认
03 toyota avalon rack and pinion 3.1 engine,机会词（有出单未覆盖）,搜索词报告,SP-KW-MIX-王云-转向器-KC4SGE04300-重点,4.0,1.0,1.0,126.89,0.67,待补ABA搜索量/排名,B0GR4QK84Z,词组,新建对应ASIN关键词投放，7天复核,待运营确认
2007 toyota sequoia power steering rack,机会词（有出单未覆盖）,搜索词报告,SP-KW-转向器-王云-KC4PSP16000-B0CN15P14D,3.0,1.0,1.0,126.43,1.02,待补ABA搜索量/排名,B0CN15P14D,词组,新建对应ASIN关键词投放，7天复核,待运营确认
2000 toyota avalon xls rack and pinion,机会词（有出单未覆盖）,搜索词报告,SP-KW-MIX-王云-转向器-KC4SGE04300-重点,10.0,1.0,1.0,125.52,0.87,待补ABA搜索量/排名,B0H6XDL6SG,词组,新建对应ASIN关键词投放，7天复核,待运营确认
2008 chevy silverado 1500 4.8 ls steering rack,机会词（有出单未覆盖）,搜索词报告,SP-Auto-Mix-转向器-王云-KC4PSP16200-重点,11.0,1.0,1.0,123.2,0.8,待补ABA搜索量/排名,B0DPQG957S,词组,新建对应ASIN关键词投放，7天复核,待运营确认
steering rack and pinion 2011 toyota sienna xle awd,机会词（有出单未覆盖）,搜索词报告,SP-AUTO-MIXS-王云-转向器大于0.12,2.0,1.0,1.0,121.99,0.4,待补ABA搜索量/排名,B0FCY4HGCF,词组,新建对应ASIN关键词投放，7天复核,待运营确认
2008 cobalt rackand pinion knuckle,机会词（有出单未覆盖）,搜索词报告,SP-AUTO-MIXS-王云-转向器-KC4SGE05300,17.0,4.0,1.0,121.99,1.93,待补ABA搜索量/排名,B0FLY1TWFX,词组,新建对应ASIN关键词投放，7天复核,待运营确认
philtop steering gear toyota sienna 2012 xle,机会词（有出单未覆盖）,搜索词报告,SP-Auto-Mix-转向器-王云-PT4SGE19200-重点,31.0,4.0,1.0,120.99,2.11,待补ABA搜索量/排名,B0DWMTCC74,词组,新建对应ASIN关键词投放，7天复核,待运营确认
rack and pinion toyota sienna 2015 fwd,机会词（有出单未覆盖）,搜索词报告,SP-KW-MIXS-王云-转向器-PT4SGE19200,9.0,1.0,1.0,120.99,0.66,待补ABA搜索量/排名,B0DWMTCC74,词组,新建对应ASIN关键词投放，7天复核,待运营确认
rack & pinion assembly hyundai elantra 2015,机会词（有出单未覆盖）,搜索词报告,SP-KW-MIXS-王云-转向器-PT4SGE19800,1.0,1.0,1.0,119.99,0.84,待补ABA搜索量/排名,B0F18R2YW4,词组,新建对应ASIN关键词投放，7天复核,待运营确认
2015 hyundai elantra directional machine assembly,机会词（有出单未覆盖）,搜索词报告,SP-AUTO-MIXS-王云-转向器大于0.12,3.0,2.0,1.0,119.99,0.8,待补ABA搜索量/排名,B0F6LQ1J5Y,词组,新建对应ASIN关键词投放，7天复核,待运营确认
power steering rack and pinion rav4 2010,机会词（有出单未覆盖）,搜索词报告,SP-KW-BR-LXX-steering-B0GGRP12H1-年份车型-BS,1.0,1.0,1.0,119.99,1.72,待补ABA搜索量/排名,B0GGRP12H1,词组,新建对应ASIN关键词投放，7天复核,待运营确认
toyota rav4 2006 steering rack cross,机会词（有出单未覆盖）,搜索词报告,SP-KW-BR-LXX-steering-B0GGRP12H1-年份车型-BS,2.0,1.0,1.0,119.99,1.72,待补ABA搜索量/排名,B0GGRP12H1,词组,新建对应ASIN关键词投放，7天复核,待运营确认
toyota rav4 2009 steering rack:,机会词（有出单未覆盖）,搜索词报告,SP-KW-BR-LXX-steering-B0GGRP12H1-年份车型-BS,1.0,1.0,1.0,119.99,1.72,待补ABA搜索量/排名,B0GGRP12H1,词组,新建对应ASIN关键词投放，7天复核,待运营确认
rack & pinion hyundai veloster 2013,机会词（有出单未覆盖）,搜索词报告,SP-KW-Mix-转向器-王云-PT4SGE19800-重点,24.0,1.0,1.0,119.99,0.91,待补ABA搜索量/排名,B0GR42MZ7S,词组,新建对应ASIN关键词投放，7天复核,待运营确认
kia forte 2014 sector,机会词（有出单未覆盖）,搜索词报告,SP-AUTO-MIXS-王云-转向器-PT4SGE26300,11.0,6.0,1.0,118.99,3.55,待补ABA搜索量/排名,B0DWMWLGF3,词组,新建对应ASIN关键词投放，7天复核,待运营确认
2009 hhr rack and pinion,机会词（有出单未覆盖）,搜索词报告,SP-AUTO-MIX-转向器-王云-大于0.12,3.0,1.0,1.0,117.99,0.45,待补ABA搜索量/排名,B0F18B5J2V,词组,新建对应ASIN关键词投放，7天复核,待运营确认
2011 hyundai accent power steering line set steering rack for a 2011 hyundai accent hatchback 1.6 l,机会词（有出单未覆盖）,搜索词报告,SP-KW-MIXS-王云-转向器-手动,0.0,0.0,1.0,116.99,0.0,待补ABA搜索量/排名,B0DPCXMRG4,词组,新建对应ASIN关键词投放，7天复核,待运营确认
rackpiño for a hhr2009 lt,机会词（有出单未覆盖）,搜索词报告,SP-AUTO-MIX-转向器-王云-大于0.12,1.0,1.0,1.0,116.99,0.38,待补ABA搜索量/排名,B0F672VQYZ,词组,新建对应ASIN关键词投放，7天复核,待运营确认
rack and pinion assembly hyundai accent 2006,机会词（有出单未覆盖）,搜索词报告,SP-AUTO-MIXS-王云-转向器-KX4SGE16800,2.0,1.0,1.0,116.99,0.54,待补ABA搜索量/排名,B0H9LTXV5X,词组,新建对应ASIN关键词投放，7天复核,待运营确认
2005 chevy equinox rack and pinion,机会词（有出单未覆盖）,搜索词报告,SP-KW-PT4SGE26600-B0DWMW19KX-02,5.0,3.0,1.0,114.99,3.51,待补ABA搜索量/排名,B0DWMW19KX,词组,新建对应ASIN关键词投放，7天复核,待运营确认
2016 chevy trax awd rack pinion,机会词（有出单未覆盖）,搜索词报告,SP-KW-MIXS-王云-转向器-PT4SGE20800,23.0,2.0,1.0,114.99,1.2,待补ABA搜索量/排名,B0DWMW4MXR,词组,新建对应ASIN关键词投放，7天复核,待运营确认
rack and pinion,机会词（有出单未覆盖）,搜索词报告,SP-Auto-Mix-转向器-王云-PT4SGE20800-重点,8.0,2.0,1.0,114.99,1.05,待补ABA搜索量/排名,B0GQZGPBM2,词组,新建对应ASIN关键词投放，7天复核,待运营确认
b0f1kgvv1b,机会词（有出单未覆盖）,搜索词报告,SP-AUTO-MIX-转向器-王云-大于0.12,3.0,1.0,1.0,113.1,0.08,待补ABA搜索量/排名,B0F18B5J2V,词组,新建对应ASIN关键词投放，7天复核,待运营确认
power steering rack sienna 2015,机会词（有出单未覆盖）,搜索词报告,SP-KW-MIXS-王云-转向器-PT4SGE19200,15.0,2.0,1.0,112.55,1.62,待补ABA搜索量/排名,B0GR4C16WD,词组,新建对应ASIN关键词投放，7天复核,待运营确认
steering rack hyundai santa fe 2013,机会词（有出单未覆盖）,搜索词报告,SP-KW-MIX-转向器-王云-手动,7.0,2.0,1.0,112.3,1.8,待补ABA搜索量/排名,B0F43KHJC2,词组,新建对应ASIN关键词投放，7天复核,待运营确认
2017 chevy trax steering rack,机会词（有出单未覆盖）,搜索词报告,SP-AUTO-MIXS-王云-转向器大于0.12,1.0,1.0,1.0,111.99,0.27,待补ABA搜索量/排名,B0F6LQ1J5Y,词组,新建对应ASIN关键词投放，7天复核,待运营确认
power steering rack,机会词（有出单未覆盖）,搜索词报告,SP-KW-MIXS-王云-转向器王云-KC4SGE01800,9.0,1.0,1.0,111.61,0.73,待补ABA搜索量/排名,B0GR4C9BN5,词组,新建对应ASIN关键词投放，7天复核,待运营确认
2009 versa steering gear clock,机会词（有出单未覆盖）,搜索词报告,SP-Auto-Mix-转向器-王云-PT4SGE26000-重点,4.0,2.0,1.0,108.99,0.99,待补ABA搜索量/排名,B0GR4PVZMB,词组,新建对应ASIN关键词投放，7天复核,待运营确认
2017 toyota sienna rack pinion,机会词（有出单未覆盖）,搜索词报告,SP-kw-Mix-转向器-王云-PT4SGE19200-重点,9.0,1.0,1.0,108.29,0.75,待补ABA搜索量/排名,B0DWMTCC74,词组,新建对应ASIN关键词投放，7天复核,待运营确认
rack and pinion toyota sienna 2020,机会词（有出单未覆盖）,搜索词报告,SP-KW-MIXS-王云-转向器-PT4SGE19200,34.0,2.0,1.0,108.25,1.63,待补ABA搜索量/排名,B0GR4C16WD,词组,新建对应ASIN关键词投放，7天复核,待运营确认
complete steering rack and pinion for chevrolet malibu and pontiac g6 (2004-2012),机会词（有出单未覆盖）,搜索词报告,SP-KW-MIX-转向器-王云-手动,5.0,1.0,1.0,107.99,0.47,待补ABA搜索量/排名,B0CN15P14D,词组,新建对应ASIN关键词投放，7天复核,待运营确认
2010 hyundai elantra steering rack,机会词（有出单未覆盖）,搜索词报告,SP-AUTO-MIXS-王云-转向器大于0.12,4.0,2.0,1.0,107.99,0.8,待补ABA搜索量/排名,B0DPCXKRCL,词组,新建对应ASIN关键词投放，7天复核,待运营确认
racanpiñode the direction of toyota corolla 2010,机会词（有出单未覆盖）,搜索词报告,SP-AUTO-MIX-转向器-王云-大于0.12,1.0,1.0,1.0,107.99,0.37,待补ABA搜索量/排名,B0F18B5J2V,词组,新建对应ASIN关键词投放，7天复核,待运营确认
alexa give me a rack and pinion for a 2018 toyota avalon,机会词（有出单未覆盖）,搜索词报告,SP-KW-MIX-王云-转向器-KC4SGE05500-重点,4.0,1.0,1.0,106.99,0.45,待补ABA搜索量/排名,B0F53BT2RC,词组,新建对应ASIN关键词投放，7天复核,待运营确认
corolla 2010 power steering,机会词（有出单未覆盖）,搜索词报告,SP-AUTO-MIX-转向器-王云-大于0.12,5.0,1.0,1.0,106.99,0.48,待补ABA搜索量/排名,B0F672VQYZ,词组,新建对应ASIN关键词投放，7天复核,待运营确认
rack and pinion 2016 toyota camry,机会词（有出单未覆盖）,搜索词报告,SP-KW-MIX-王云-转向器-KC4SGE05500-重点,18.0,1.0,1.0,106.99,0.6,待补ABA搜索量/排名,B0F6LJCHXW,词组,新建对应ASIN关键词投放，7天复核,待运营确认
steering rack for 2012-2017 toyota camry | 1-pc | a-premium appsr120,机会词（有出单未覆盖）,搜索词报告,SP-KW-MIXS-王云-转向器-KC4SGE05500,1.0,1.0,1.0,106.99,0.45,待补ABA搜索量/排名,B0F6LJCHXW,词组,新建对应ASIN关键词投放，7天复核,待运营确认
steering rack and pinion toyota camry 2013 hybrid,机会词（有出单未覆盖）,搜索词报告,SP-KW-MIX-王云-转向器-KC4SGE05500-重点,9.0,3.0,1.0,106.99,1.8,待补ABA搜索量/排名,B0GR39CKDS,词组,新建对应ASIN关键词投放，7天复核,待运营确认
power steering corolla 2009,机会词（有出单未覆盖）,搜索词报告,SP-AUTO-MIX-转向器-王云-大于0.12,2.0,1.0,1.0,105.99,0.6,待补ABA搜索量/排名,B0F18B5J2V,词组,新建对应ASIN关键词投放，7天复核,待运营确认
rack and pinion for 2010 chevy cobalt,机会词（有出单未覆盖）,搜索词报告,SP-KW-MIXS-王云-转向器-PT4SGE20300；SP-kw-Mix-转向器-王云-PT4SGE20300-重点,9.0,2.0,1.0,105.82,1.38,待补ABA搜索量/排名,B0H6WLQHP5,词组,新建对应ASIN关键词投放，7天复核,待运营确认
toyota rav 4 2017 rack and pinion,机会词（有出单未覆盖）,搜索词报告,SP-KW-Mix-转向器-王云-PT4SGE19100-重点,1.0,1.0,1.0,104.99,0.91,待补ABA搜索量/排名,B0DWMW85HW,词组,新建对应ASIN关键词投放，7天复核,待运营确认
2010 versa 1.8 rack and pinion,机会词（有出单未覆盖）,搜索词报告,SP-KW-MIXS-王云-转向器-PT4SGE25800,4.0,1.0,1.0,104.99,0.69,待补ABA搜索量/排名,B0GR317V49,词组,新建对应ASIN关键词投放，7天复核,待运营确认
rack and pinion camry 2013,机会词（有出单未覆盖）,搜索词报告,SP-KW-KC4SGE05500-B0F43P82KJ-转向器-vine,5.0,1.0,1.0,102.99,0.8,待补ABA搜索量/排名,B0F43P82KJ,词组,新建对应ASIN关键词投放，7天复核,待运营确认
1.8 nissan sentra 2017 steering rack,机会词（有出单未覆盖）,搜索词报告,SP-KW-MIXS-王云-转向器-PT4SGE18300,3.0,2.0,1.0,102.99,0.9,待补ABA搜索量/排名,B0F6Y1Q67S,词组,新建对应ASIN关键词投放，7天复核,待运营确认
rack and pinion toyota yaris 2007 hatchback,机会词（有出单未覆盖）,搜索词报告,SP-KW-MIX-转向器-王云-手动,2.0,1.0,1.0,101.97,0.48,待补ABA搜索量/排名,B0F9P2QX6Z,词组,新建对应ASIN关键词投放，7天复核,待运营确认
mustang 2 manual steering rack,机会词（有出单未覆盖）,搜索词报告,SP-KW-MIX-转向器-王云-手动,3.0,2.0,1.0,101.0,0.54,待补ABA搜索量/排名,B0F9P2QX6Z,词组,新建对应ASIN关键词投放，7天复核,待运营确认
power steering pump for a chevy avalanche 07,机会词（有出单未覆盖）,搜索词报告,SP-AUTO-MIXS-王云-转向器大于0.12,9.0,3.0,1.0,99.99,1.2,待补ABA搜索量/排名,B0DPZN1RR3,词组,新建对应ASIN关键词投放，7天复核,待运营确认
nissan versa hatchback 2010 steering rack,机会词（有出单未覆盖）,搜索词报告,SP-KW-MIXS-王云-转向器-PT4SGE25800,2.0,1.0,1.0,99.99,0.69,待补ABA搜索量/排名,B0DWMVNZQQ,词组,新建对应ASIN关键词投放，7天复核,待运营确认
2017 toyota sienna le rack and pinion,机会词（有出单未覆盖）,搜索词报告,SP-Kw-Mix-转向器-王云-PT4SGE26100-重点,2.0,2.0,1.0,99.99,1.62,待补ABA搜索量/排名,B0FLY4J24Z,词组,新建对应ASIN关键词投放，7天复核,待运营确认
rack and pinion for a 2017 nissan sentra,机会词（有出单未覆盖）,搜索词报告,SP-AUTO-MIXS-王云-转向器大于0.12,1.0,1.0,1.0,98.99,0.4,待补ABA搜索量/排名,B0DPCXKRCL,词组,新建对应ASIN关键词投放，7天复核,待运营确认
rack and pinion rav 4 2002,机会词（有出单未覆盖）,搜索词报告,SP-KW-转向器-王云-KC4SGE03400-B0DPCWQQCS,0.0,0.0,1.0,97.99,0.0,待补ABA搜索量/排名,B0DPCWQQCS,词组,新建对应ASIN关键词投放，7天复核,待运营确认
pinto rack and pinion,机会词（有出单未覆盖）,搜索词报告,SP-AUTO-MIX-王云-转向器-KC4SGE00100-重点；SP-AUTO-MIXS-王云-转向器-KC4SGE00100,46.0,4.0,1.0,95.99,1.56,待补ABA搜索量/排名,B0DPQLLN9D,词组,新建对应ASIN关键词投放，7天复核,待运营确认
1999 landcruiser rack and pinion,机会词（有出单未覆盖）,搜索词报告,SP-KW-Mix-转向器-王云-PT4SGE22500-重点,2.0,1.0,1.0,93.61,0.45,待补ABA搜索量/排名,B0DWMTVB9C,词组,新建对应ASIN关键词投放，7天复核,待运营确认
manual steering rack and pinion,机会词（有出单未覆盖）,搜索词报告,SP-AUTO-MIX-王云-转向器-KC4SGE00100-重点；SP-AUTO-MIXS-王云-转向器-KC4SGE00100,24.0,5.0,1.0,92.99,3.0,待补ABA搜索量/排名,B0DPQLLN9D,词组,新建对应ASIN关键词投放，7天复核,待运营确认
rack and pinion,机会词（有出单未覆盖）,搜索词报告,SP-AUTO-MIX-王云-转向器-KC4SGE00100-重点,1160.0,22.0,1.0,92.99,12.45,待补ABA搜索量/排名,B0DPQLLN9D,词组,新建对应ASIN关键词投放，7天复核,待运营确认
hydraulic steering rack,机会词（有出单未覆盖）,搜索词报告,SP-KW-MIX-转向器-王云-手动,48.0,1.0,1.0,92.39,0.6,待补ABA搜索量/排名,B0DWMSHL7S,词组,新建对应ASIN关键词投放，7天复核,待运营确认
08 expedition rack and pinion,机会词（有出单未覆盖）,搜索词报告,SP-AUTO-MIX-转向器-王云-大于0.12,6.0,2.0,1.0,92.36,1.0,待补ABA搜索量/排名,B0GR4FCY4R,词组,新建对应ASIN关键词投放，7天复核,待运营确认
car pinion for toyota prius 2014,机会词（有出单未覆盖）,搜索词报告,SP-KW-MIXS-王云-转向器-PT4SGE19400,2.0,1.0,1.0,90.79,0.57,待补ABA搜索量/排名,B0GQZ5YHNS,词组,新建对应ASIN关键词投放，7天复核,待运营确认
racketering for 2011 toyota camry,机会词（有出单未覆盖）,搜索词报告,SP-Auto-Mix-转向器-王云-KX4SGE08000-重点,1.0,1.0,1.0,90.39,0.45,待补ABA搜索量/排名,B0DQ5F635B,词组,新建对应ASIN关键词投放，7天复核,待运营确认
2018 nissan titan rack and pinion,机会词（有出单未覆盖）,搜索词报告,SP-KW-MIX-转向器-王云-手动,2.0,1.0,1.0,87.99,0.3,待补ABA搜索量/排名,B0F9P2QX6Z,词组,新建对应ASIN关键词投放，7天复核,待运营确认
philtop 22-2039 rack and pinion 2010 f150,机会词（有出单未覆盖）,搜索词报告,SP-KW-MIXS-王云-转向器-手动,2.0,1.0,1.0,87.83,0.45,待补ABA搜索量/排名,B0DPCY3SC2,词组,新建对应ASIN关键词投放，7天复核,待运营确认
2006 toyota sienna steering rack,机会词（有出单未覆盖）,搜索词报告,SP-KW-MIXS-王云-转向器-KC4SGE02500,6.0,1.0,1.0,86.65,1.04,待补ABA搜索量/排名,B0GR4FJFKY,词组,新建对应ASIN关键词投放，7天复核,待运营确认
2010 gmc terrain rack and pinion,机会词（有出单未覆盖）,搜索词报告,SP-AUTO-MIX-转向器-王云-大于0.12,7.0,2.0,1.0,81.99,1.2,待补ABA搜索量/排名,B0F9P6Z4J9,词组,新建对应ASIN关键词投放，7天复核,待运营确认
rack and pinion,机会词（有出单未覆盖）,搜索词报告,SP-AUTO-MIX-转向器-王云-大于0.12,399.0,8.0,1.0,78.63,2.56,待补ABA搜索量/排名,B0F671L76Z,词组,新建对应ASIN关键词投放，7天复核,待运营确认
2008 nissan titan rack and pinion,机会词（有出单未覆盖）,搜索词报告,SP-AUTO-MIX-转向器-王云-大于0.12,1.0,1.0,1.0,77.99,0.38,待补ABA搜索量/排名,B0DPCWN73Z,词组,新建对应ASIN关键词投放，7天复核,待运营确认
tercel accessories,机会词（有出单未覆盖）,搜索词报告,SP-AUTO-MIXS-王云-转向器大于0.12,0.0,0.0,1.0,77.99,0.0,待补ABA搜索量/排名,B0DPCXH2PS,词组,新建对应ASIN关键词投放，7天复核,待运营确认
audi a4 steering,机会词（有出单未覆盖）,搜索词报告,SP-AUTO-MIX-转向器-王云-大于0.12,2.0,1.0,1.0,75.99,0.6,待补ABA搜索量/排名,B0F18B5J2V,词组,新建对应ASIN关键词投放，7天复核,待运营确认
2007 toyota tacoma 4.0 rack and pinion,机会词（有出单未覆盖）,搜索词报告,SP-KW-MIXS-王云-转向器-KX4SGE13700,1.0,1.0,1.0,72.14,0.6,待补ABA搜索量/排名,B0DPCXKHXJ,词组,新建对应ASIN关键词投放，7天复核,待运营确认
b0g42flcjv,机会词（有出单未覆盖）,搜索词报告,SP-AUTO-MIXS-王云-转向器大于0.12,2.0,1.0,1.0,71.29,0.16,待补ABA搜索量/排名,B0D2D19CXW,词组,新建对应ASIN关键词投放，7天复核,待运营确认
toyota rav4 2000 parts,机会词（有出单未覆盖）,搜索词报告,SP-AUTO-MIXS-王云-转向器大于0.12,7.0,2.0,1.0,69.84,0.85,待补ABA搜索量/排名,B0DWMX4BRG,词组,新建对应ASIN关键词投放，7天复核,待运营确认
rack and pinion,机会词（有出单未覆盖）,搜索词报告,SP-AUTO-MIX-转向器-王云-大于0.12,522.0,2.0,1.0,68.58,0.63,待补ABA搜索量/排名,B0F672VQYZ,词组,新建对应ASIN关键词投放，7天复核,待运营确认
08 328i bmw rack and pinion replacement,机会词（有出单未覆盖）,搜索词报告,SP-KW-MIXS-转向器-王云-KW组表现差暂停商品,9.0,2.0,1.0,66.99,1.1,待补ABA搜索量/排名,B0GSCHRBZ9,词组,新建对应ASIN关键词投放，7天复核,待运营确认
2004 toyota solara v6 rack and pinion,机会词（有出单未覆盖）,搜索词报告,SP-KW-MIX-转向器-王云-手动,2.0,1.0,1.0,59.99,0.75,待补ABA搜索量/排名,B0DWMSHL7S,词组,新建对应ASIN关键词投放，7天复核,待运营确认
steering rack and pinion,机会词（有出单未覆盖）,搜索词报告,SP-AUTO-MIXS-王云-转向器-PT4SGE19700；SP-Auto-Mix-转向器-王云-PT4SGE19700-重点,39.0,6.0,1.0,59.99,2.7,待补ABA搜索量/排名,B0DWMW2718,词组,新建对应ASIN关键词投放，7天复核,待运营确认
2002 honda accord steering rack,机会词（有出单未覆盖）,搜索词报告,SP-KW-Mix-转向器26新品-王云-OO4SGE36600,3.0,1.0,1.0,59.99,0.68,待补ABA搜索量/排名,B0GTT88NQL,词组,新建对应ASIN关键词投放，7天复核,待运营确认
steering rak for 2005 chevy cobalt,机会词（有出单未覆盖）,搜索词报告,SP-AUTO-MIXS-王云-转向器大于0.12,5.0,2.0,1.0,50.79,0.8,待补ABA搜索量/排名,B0FCY4HGCF,词组,新建对应ASIN关键词投放，7天复核,待运营确认
2007 mustang steering rack,机会词（有出单未覆盖）,搜索词报告,SP-AUTO-MIX-转向器-王云-大于0.12,2.0,1.0,1.0,49.99,0.5,待补ABA搜索量/排名,B0F9P6Z4J9,词组,新建对应ASIN关键词投放，7天复核,待运营确认
2004 chevy colorado 3.5i 4x4 rack and pinion rubber bushings,机会词（有出单未覆盖）,搜索词报告,SP-AUTO-MIX-转向器-王云-大于0.12,1.0,1.0,1.0,38.8,0.06,待补ABA搜索量/排名,B0DPCX66CY,词组,新建对应ASIN关键词投放，7天复核,待运营确认
honda accord parts,机会词（有出单未覆盖）,搜索词报告,SP-AUTO-MIXS-王云-转向器-OO4SGE38200,2.0,1.0,1.0,30.21,0.6,待补ABA搜索量/排名,B0H6WR88T9,词组,新建对应ASIN关键词投放，7天复核,待运营确认
aae manual rack and pinion,机会词（有出单未覆盖）,搜索词报告,SP-Auto-Mix-转向器-王云-KC4PSP16500-重点,2.0,1.0,1.0,27.52,0.62,待补ABA搜索量/排名,B0GR4BW6FC,词组,新建对应ASIN关键词投放，7天复核,待运营确认
rack n pinion,机会词（有出单未覆盖）,搜索词报告,SP-AUTO-MIXS-王云-转向器大于0.12,11.0,1.0,1.0,20.81,0.48,待补ABA搜索量/排名,B0DWMT4JDS,词组,新建对应ASIN关键词投放，7天复核,待运营确认
