待否词,广告活动,活动ID,ASIN,原判定类型,原应用层级,适配状态,可否决,原因,处理动作,确认状态
power steering rack and pinion toyota 4 runner 1998,SP-KW-BR-LXX-steering-B0GGRPCTLZ/B0GGRVNLHG-车型1-BS,789174415196,B0GGRPCTLZ,不相关品牌,L2活动级否定,适配外,可否定,未命中该ASIN适配范围,按模块D层级否定,待运营确认
rack and pinion boots 1997 toyota tacoma,SP-KW-BR-LXX-steering-B0GGRPCTLZ/B0GGRVNLHG-车型1-BS,789174415196,B0GGRPCTLZ,适配外年份,L2活动级否定,正确车型/年份,禁止否定,搜索词命中该ASIN适配品牌/车型/年份,从否词清单移除,待运营确认
2007 nissan 350z steering rack 93284m,SP-KW-MIXS-王云-转向器-OO4SGE39100,8225861911505,B0GSCHV15P,不相关品牌/车型,L2活动级否定,适配外,可否定,未命中该ASIN适配范围,按模块D层级否定,待运营确认
2006 hyundai sonata 3.3 rack and pinion,SP-KW-MIXS-王云-转向器-OO4SGE37000,9142979043827,B0GR51CJ8M,适配外年份,L2活动级否定,正确车型/年份,禁止否定,搜索词命中该ASIN适配品牌/车型/年份,从否词清单移除,待运营确认
2003 lincoln towncar rack and pinion,SP-KW-MIXS-王云-转向器-OO4SGE34300,20978556205150,B0H6XD418V,不相关品牌,L2活动级否定,适配外,可否定,未命中该ASIN适配范围,按模块D层级否定,待运营确认
hydraulic steering rack honda odyssey 2006,SP-AUTO-MIXS-王云-转向器-OO4SGE38100,21159205231221,B0GTTJPBYK,适配外年份,L2活动级否定,正确车型/年份,禁止否定,搜索词命中该ASIN适配品牌/车型/年份,从否词清单移除,待运营确认
steering rack and pinion toyota rav4 2007,SP-KW-MIXS-王云-转向器-B0DWMSF77S-02,49452471507623,B0DWMSF77S,适配外年份,L2活动级否定,正确车型/年份,禁止否定,搜索词命中该ASIN适配品牌/车型/年份,从否词清单移除,待运营确认
04 gmc canyon rack and pinion steering assembly,SP-AUTO-MIXS-王云-转向器大于0.12,49811275669002,B0D2D19CXW,不相关品牌/车型,L2活动级否定,混合活动其他ASIN适配,可否定（仅广告组）,该ASIN不适配，但同活动其他ASIN适配,仅对该ASIN广告组否定（L3）,待运营确认
2005 dodge ram 1500 rack and pinion,SP-AUTO-MIXS-王云-转向器大于0.12,49811275669002,B0D2D19CXW,不相关品牌/车型,L2活动级否定,混合活动其他ASIN适配,可否定（仅广告组）,该ASIN不适配，但同活动其他ASIN适配,仅对该ASIN广告组否定（L3）,待运营确认
2008 subaru wrxsteering rack,SP-AUTO-MIXS-王云-转向器大于0.12,49811275669002,B0D2D19CXW,不相关品牌,L2活动级否定,适配外,可否定,未命中该ASIN适配范围,按模块D层级否定,待运营确认
2011 kia forte rack and pinion,SP-AUTO-MIXS-王云-转向器大于0.12,49811275669002,B0D2D19CXW,不相关品牌/车型,L2活动级否定,混合活动其他ASIN适配,可否定（仅广告组）,该ASIN不适配，但同活动其他ASIN适配,仅对该ASIN广告组否定（L3）,待运营确认
cadillac steering rack and pinion,SP-AUTO-MIXS-王云-转向器大于0.12,49811275669002,B0D2D19CXW,不相关品牌,L2活动级否定,适配外,可否定,未命中该ASIN适配范围,按模块D层级否定,待运营确认
ford fusion se 2.5l rack and pinion,SP-AUTO-MIXS-王云-转向器大于0.12,49811275669002,B0D2D19CXW,不相关品牌,L2活动级否定,适配外,可否定,未命中该ASIN适配范围,按模块D层级否定,待运营确认
hydraulic steering rack hyundai accent 2005,SP-AUTO-MIXS-王云-转向器大于0.12,49811275669002,B0D2D19CXW,不相关品牌/车型,L2活动级否定,适配外,可否定,未命中该ASIN适配范围,按模块D层级否定,待运营确认
rack and pinion boot kia soul 2014,SP-AUTO-MIXS-王云-转向器大于0.12,49811275669002,B0D2D19CXW,不相关品牌/车型,L2活动级否定,混合活动其他ASIN适配,可否定（仅广告组）,该ASIN不适配，但同活动其他ASIN适配,仅对该ASIN广告组否定（L3）,待运营确认
rack and pinion ford explorer 2013,SP-AUTO-MIXS-王云-转向器大于0.12,49811275669002,B0D2D19CXW,不相关品牌/车型,L2活动级否定,适配外,可否定,未命中该ASIN适配范围,按模块D层级否定,待运营确认
rack and pinion honda crv 2007,SP-AUTO-MIXS-王云-转向器大于0.12,49811275669002,B0D2D19CXW,不相关品牌,L2活动级否定,适配外,可否定,未命中该ASIN适配范围,按模块D层级否定,待运营确认
rack and pinion steering assembly ford ranger 1998,SP-AUTO-MIXS-王云-转向器大于0.12,49811275669002,B0D2D19CXW,不相关品牌/车型,L2活动级否定,混合活动其他ASIN适配,可否定（仅广告组）,该ASIN不适配，但同活动其他ASIN适配,仅对该ASIN广告组否定（L3）,待运营确认
steering rack for bmw 2004 325 ci,SP-AUTO-MIXS-王云-转向器大于0.12,49811275669002,B0D2D19CXW,不相关品牌,L2活动级否定,适配外,可否定,未命中该ASIN适配范围,按模块D层级否定,待运营确认
02 lexus rx300 steering rack,SP-AUTO-MIXS-王云-转向器大于0.12,49811275669002,B0DWMW2718,不相关品牌/车型,L2活动级否定,混合活动其他ASIN适配,可否定（仅广告组）,该ASIN不适配，但同活动其他ASIN适配,仅对该ASIN广告组否定（L3）,待运营确认
1990 toyota corolla rack and pinion,SP-AUTO-MIXS-王云-转向器大于0.12,49811275669002,B0DWMW2718,不相关品牌/车型,L2活动级否定,适配外,可否定,未命中该ASIN适配范围,按模块D层级否定,待运营确认
1995 dodge dakota rack and pinion,SP-AUTO-MIXS-王云-转向器大于0.12,49811275669002,B0DWMW2718,不相关品牌/车型,L2活动级否定,适配外,可否定,未命中该ASIN适配范围,按模块D层级否定,待运营确认
2004 toyota 4runner 4.0 rack and pinion,SP-AUTO-MIXS-王云-转向器大于0.12,49811275669002,B0DWMW2718,不相关品牌/车型,L2活动级否定,混合活动其他ASIN适配,可否定（仅广告组）,该ASIN不适配，但同活动其他ASIN适配,仅对该ASIN广告组否定（L3）,待运营确认
2005 nissan murano awd power steering rack new,SP-AUTO-MIXS-王云-转向器大于0.12,49811275669002,B0DWMW2718,不相关品牌/车型,L2活动级否定,混合活动其他ASIN适配,可否定（仅广告组）,该ASIN不适配，但同活动其他ASIN适配,仅对该ASIN广告组否定（L3）,待运营确认
2008 honda accord se 3.5 rack and pinion assy,SP-AUTO-MIXS-王云-转向器大于0.12,49811275669002,B0DWMW2718,不相关品牌/车型,L2活动级否定,混合活动其他ASIN适配,可否定（仅广告组）,该ASIN不适配，但同活动其他ASIN适配,仅对该ASIN广告组否定（L3）,待运营确认
2011 subaru legacy rack and pinion,SP-AUTO-MIXS-王云-转向器大于0.12,49811275669002,B0DWMW2718,不相关品牌/车型,L2活动级否定,适配外,可否定,未命中该ASIN适配范围,按模块D层级否定,待运营确认
honda odyssey 1996 power steering rack,SP-AUTO-MIXS-王云-转向器大于0.12,49811275669002,B0DWMW2718,不相关品牌/车型,L2活动级否定,适配外,可否定,未命中该ASIN适配范围,按模块D层级否定,待运营确认
hyundai kona 2021 car rack and pinion,SP-AUTO-MIXS-王云-转向器大于0.12,49811275669002,B0DWMW2718,不相关品牌,L2活动级否定,适配外,可否定,未命中该ASIN适配范围,按模块D层级否定,待运营确认
power steering rack and pinion kia sorento 2011,SP-AUTO-MIXS-王云-转向器大于0.12,49811275669002,B0DWMW2718,不相关品牌/车型,L2活动级否定,混合活动其他ASIN适配,可否定（仅广告组）,该ASIN不适配，但同活动其他ASIN适配,仅对该ASIN广告组否定（L3）,待运营确认
power steering rack ford ranger 1999,SP-AUTO-MIXS-王云-转向器大于0.12,49811275669002,B0DWMW2718,不相关品牌/车型,L2活动级否定,混合活动其他ASIN适配,可否定（仅广告组）,该ASIN不适配，但同活动其他ASIN适配,仅对该ASIN广告组否定（L3）,待运营确认
power steering rack ram 1500,SP-AUTO-MIXS-王云-转向器大于0.12,49811275669002,B0DWMW2718,不相关品牌/车型,L2活动级否定,混合活动其他ASIN适配,可否定（仅广告组）,该ASIN不适配，但同活动其他ASIN适配,仅对该ASIN广告组否定（L3）,待运营确认
rack and pinion cadillac eldorado,SP-AUTO-MIXS-王云-转向器大于0.12,49811275669002,B0DWMW2718,不相关品牌,L2活动级否定,适配外,可否定,未命中该ASIN适配范围,按模块D层级否定,待运营确认
rack and pinion for honda odyssey 2012,SP-AUTO-MIXS-王云-转向器大于0.12,49811275669002,B0DWMW2718,不相关品牌/车型,L2活动级否定,混合活动其他ASIN适配,可否定（仅广告组）,该ASIN不适配，但同活动其他ASIN适配,仅对该ASIN广告组否定（L3）,待运营确认
rack and pinion for hyundai kona 2021,SP-AUTO-MIXS-王云-转向器大于0.12,49811275669002,B0DWMW2718,不相关品牌,L2活动级否定,适配外,可否定,未命中该ASIN适配范围,按模块D层级否定,待运营确认
rack and pinion ford ranger 1998,SP-AUTO-MIXS-王云-转向器大于0.12,49811275669002,B0DWMW2718,不相关品牌/车型,L2活动级否定,混合活动其他ASIN适配,可否定（仅广告组）,该ASIN不适配，但同活动其他ASIN适配,仅对该ASIN广告组否定（L3）,待运营确认
rack and pinion honda crv 2008,SP-AUTO-MIXS-王云-转向器大于0.12,49811275669002,B0DWMW2718,不相关品牌,L2活动级否定,适配外,可否定,未命中该ASIN适配范围,按模块D层级否定,待运营确认
rack and pinion hyundai elantra 2013,SP-AUTO-MIXS-王云-转向器大于0.12,49811275669002,B0DWMW2718,适配外年份,L2活动级否定,正确车型/年份,禁止否定,搜索词命中该ASIN适配品牌/车型/年份,从否词清单移除,待运营确认
steering rack and pinion for suzuki grand vitara,SP-AUTO-MIXS-王云-转向器大于0.12,49811275669002,B0DWMW2718,不相关品牌/车型,L2活动级否定,混合活动其他ASIN适配,可否定（仅广告组）,该ASIN不适配，但同活动其他ASIN适配,仅对该ASIN广告组否定（L3）,待运营确认
steering rack and pinion seal kit for acura integra 1993,SP-AUTO-MIXS-王云-转向器大于0.12,49811275669002,B0DWMW2718,不相关品牌/车型,L2活动级否定,适配外,可否定,未命中该ASIN适配范围,按模块D层级否定,待运营确认
toyota sienna 2001 hydraulic steering rack,SP-AUTO-MIXS-王云-转向器大于0.12,49811275669002,B0DWMW2718,不相关品牌/车型,L2活动级否定,混合活动其他ASIN适配,可否定（仅广告组）,该ASIN不适配，但同活动其他ASIN适配,仅对该ASIN广告组否定（L3）,待运营确认
1999 isuzu amigo rack and pinion,SP-AUTO-MIXS-王云-转向器大于0.12,49811275669002,B0F6LQ1J5Y,不相关品牌,L2活动级否定,适配外,可否定,未命中该ASIN适配范围,按模块D层级否定,待运营确认
2002 nissan sentra ser rack and pinion,SP-AUTO-MIXS-王云-转向器大于0.12,49811275669002,B0F6LQ1J5Y,不相关品牌/车型,L2活动级否定,混合活动其他ASIN适配,可否定（仅广告组）,该ASIN不适配，但同活动其他ASIN适配,仅对该ASIN广告组否定（L3）,待运营确认
2005-2010 honda odyssey steering gear/rack power rack and pinion,SP-AUTO-MIXS-王云-转向器大于0.12,49811275669002,B0F6LQ1J5Y,不相关品牌/车型,L2活动级否定,混合活动其他ASIN适配,可否定（仅广告组）,该ASIN不适配，但同活动其他ASIN适配,仅对该ASIN广告组否定（L3）,待运营确认
2007 gmc yukon rack and pinion,SP-AUTO-MIXS-王云-转向器大于0.12,49811275669002,B0F6LQ1J5Y,不相关品牌/车型,L2活动级否定,混合活动其他ASIN适配,可否定（仅广告组）,该ASIN不适配，但同活动其他ASIN适配,仅对该ASIN广告组否定（L3）,待运营确认
bmw rack and pinion,SP-AUTO-MIXS-王云-转向器大于0.12,49811275669002,B0F6LQ1J5Y,不相关品牌,L2活动级否定,适配外,可否定,未命中该ASIN适配范围,按模块D层级否定,待运营确认
electric power steering rack ford f150 2014,SP-AUTO-MIXS-王云-转向器大于0.12,49811275669002,B0F6LQ1J5Y,不相关品牌,L2活动级否定,适配外,可否定,未命中该ASIN适配范围,按模块D层级否定,待运营确认
hydraulic steering rack for mitsubishi pajero io,SP-AUTO-MIXS-王云-转向器大于0.12,49811275669002,B0F6LQ1J5Y,不相关品牌,L2活动级否定,适配外,可否定,未命中该ASIN适配范围,按模块D层级否定,待运营确认
kit reparation hydraulic power steering rack and pinion compatible with 2008-2012 honda accord 2.4l 3.5l oem# 26-2746 53601ta5a02 53601ta6a02,SP-AUTO-MIXS-王云-转向器大于0.12,49811275669002,B0F6LQ1J5Y,不相关品牌/车型,L2活动级否定,混合活动其他ASIN适配,可否定（仅广告组）,该ASIN不适配，但同活动其他ASIN适配,仅对该ASIN广告组否定（L3）,待运营确认
rack and pinion 1999 toyota sienna 6 cylinder,SP-AUTO-MIXS-王云-转向器大于0.12,49811275669002,B0F6LQ1J5Y,不相关品牌/车型,L2活动级否定,混合活动其他ASIN适配,可否定（仅广告组）,该ASIN不适配，但同活动其他ASIN适配,仅对该ASIN广告组否定（L3）,待运营确认
rack and pinion 2016 ram,SP-AUTO-MIXS-王云-转向器大于0.12,49811275669002,B0F6LQ1J5Y,不相关品牌,L2活动级否定,适配外,可否定,未命中该ASIN适配范围,按模块D层级否定,待运营确认
rack and pinion 99 nissan pathfinder,SP-AUTO-MIXS-王云-转向器大于0.12,49811275669002,B0F6LQ1J5Y,不相关品牌,L2活动级否定,适配外,可否定,未命中该ASIN适配范围,按模块D层级否定,待运营确认
rack and pinion 99 toyota tacoma,SP-AUTO-MIXS-王云-转向器大于0.12,49811275669002,B0F6LQ1J5Y,不相关品牌/车型,L2活动级否定,混合活动其他ASIN适配,可否定（仅广告组）,该ASIN不适配，但同活动其他ASIN适配,仅对该ASIN广告组否定（L3）,待运营确认
rack and pinion for 87 toyota corolla,SP-AUTO-MIXS-王云-转向器大于0.12,49811275669002,B0F6LQ1J5Y,不相关品牌/车型,L2活动级否定,混合活动其他ASIN适配,可否定（仅广告组）,该ASIN不适配，但同活动其他ASIN适配,仅对该ASIN广告组否定（L3）,待运营确认
rack and pinion hyundai excel,SP-AUTO-MIXS-王云-转向器大于0.12,49811275669002,B0F6LQ1J5Y,不相关品牌,L2活动级否定,适配外,可否定,未命中该ASIN适配范围,按模块D层级否定,待运营确认
07 chevrolet express 1500 awd rack and pinion,SP-AUTO-MIXS-王云-转向器大于0.12,49811275669002,B0FCY2SJ1V,不相关品牌/车型,L2活动级否定,混合活动其他ASIN适配,可否定（仅广告组）,该ASIN不适配，但同活动其他ASIN适配,仅对该ASIN广告组否定（L3）,待运营确认
09 subaru outback 2.5 power steering rack,SP-AUTO-MIXS-王云-转向器大于0.12,49811275669002,B0FCY2SJ1V,不相关品牌/车型,L2活动级否定,混合活动其他ASIN适配,可否定（仅广告组）,该ASIN不适配，但同活动其他ASIN适配,仅对该ASIN广告组否定（L3）,待运营确认
16 ford fusion rack and pinion,SP-AUTO-MIXS-王云-转向器大于0.12,49811275669002,B0FCY2SJ1V,不相关品牌,L2活动级否定,适配外,可否定,未命中该ASIN适配范围,按模块D层级否定,待运营确认
1999 ford mustang rack and pinion,SP-AUTO-MIXS-王云-转向器大于0.12,49811275669002,B0FCY2SJ1V,不相关品牌/车型,L2活动级否定,混合活动其他ASIN适配,可否定（仅广告组）,该ASIN不适配，但同活动其他ASIN适配,仅对该ASIN广告组否定（L3）,待运营确认
2001 gmc yukon xl rack and pinion,SP-AUTO-MIXS-王云-转向器大于0.12,49811275669002,B0FCY2SJ1V,不相关品牌/车型,L2活动级否定,适配外,可否定,未命中该ASIN适配范围,按模块D层级否定,待运营确认
2003 ford ranger super cab rack and pinion,SP-AUTO-MIXS-王云-转向器大于0.12,49811275669002,B0FCY2SJ1V,不相关品牌/车型,L2活动级否定,混合活动其他ASIN适配,可否定（仅广告组）,该ASIN不适配，但同活动其他ASIN适配,仅对该ASIN广告组否定（L3）,待运营确认
2011 ford f150 electronic rack and pinion,SP-AUTO-MIXS-王云-转向器大于0.12,49811275669002,B0FCY2SJ1V,不相关品牌,L2活动级否定,适配外,可否定,未命中该ASIN适配范围,按模块D层级否定,待运营确认
2011 kia optima rack and pinion,SP-AUTO-MIXS-王云-转向器大于0.12,49811275669002,B0FCY2SJ1V,不相关品牌,L2活动级否定,适配外,可否定,未命中该ASIN适配范围,按模块D层级否定,待运营确认
2011 subaru outback steering rack,SP-AUTO-MIXS-王云-转向器大于0.12,49811275669002,B0FCY2SJ1V,不相关品牌/车型,L2活动级否定,适配外,可否定,未命中该ASIN适配范围,按模块D层级否定,待运营确认
gmc envoy power steering rack and pump,SP-AUTO-MIXS-王云-转向器大于0.12,49811275669002,B0FCY2SJ1V,不相关品牌/车型,L2活动级否定,混合活动其他ASIN适配,可否定（仅广告组）,该ASIN不适配，但同活动其他ASIN适配,仅对该ASIN广告组否定（L3）,待运营确认
honda cr-v 1997 rack and pinion kit,SP-AUTO-MIXS-王云-转向器大于0.12,49811275669002,B0FCY2SJ1V,不相关品牌/车型,L2活动级否定,混合活动其他ASIN适配,可否定（仅广告组）,该ASIN不适配，但同活动其他ASIN适配,仅对该ASIN广告组否定（L3）,待运营确认
power steering rack and pinion kia rio accent 2012 2017,SP-AUTO-MIXS-王云-转向器大于0.12,49811275669002,B0FCY2SJ1V,不相关品牌/车型,L2活动级否定,混合活动其他ASIN适配,可否定（仅广告组）,该ASIN不适配，但同活动其他ASIN适配,仅对该ASIN广告组否定（L3）,待运营确认
"rack and pinion, fit for 2003-2009 dodge ram 1500 pickup",SP-AUTO-MIXS-王云-转向器大于0.12,49811275669002,B0FCY2SJ1V,不相关品牌/车型,L2活动级否定,混合活动其他ASIN适配,可否定（仅广告组）,该ASIN不适配，但同活动其他ASIN适配,仅对该ASIN广告组否定（L3）,待运营确认
steering rack for lexus es 350,SP-AUTO-MIXS-王云-转向器大于0.12,49811275669002,B0FCY2SJ1V,不相关品牌,L2活动级否定,适配外,可否定,未命中该ASIN适配范围,按模块D层级否定,待运营确认
1999 toyota sienna rack and pinion,SP-AUTO-MIXS-王云-转向器大于0.12,49811275669002,B0FCY5DXQT,不相关品牌/车型,L2活动级否定,混合活动其他ASIN适配,可否定（仅广告组）,该ASIN不适配，但同活动其他ASIN适配,仅对该ASIN广告组否定（L3）,待运营确认
2002 dodge ram 1500 rack and pinion,SP-AUTO-MIXS-王云-转向器大于0.12,49811275669002,B0FCY5DXQT,不相关品牌/车型,L2活动级否定,混合活动其他ASIN适配,可否定（仅广告组）,该ASIN不适配，但同活动其他ASIN适配,仅对该ASIN广告组否定（L3）,待运营确认
2005 dodge dakota rack and pinion steering assembly,SP-AUTO-MIXS-王云-转向器大于0.12,49811275669002,B0FCY5DXQT,不相关品牌/车型,L2活动级否定,混合活动其他ASIN适配,可否定（仅广告组）,该ASIN不适配，但同活动其他ASIN适配,仅对该ASIN广告组否定（L3）,待运营确认
2009 audi a4 rack and pinion,SP-AUTO-MIXS-王云-转向器大于0.12,49811275669002,B0FCY5DXQT,不相关品牌/车型,L2活动级否定,适配外,可否定,未命中该ASIN适配范围,按模块D层级否定,待运营确认
2012 gmc canyon rack and pinion,SP-AUTO-MIXS-王云-转向器大于0.12,49811275669002,B0FCY5DXQT,不相关品牌/车型,L2活动级否定,混合活动其他ASIN适配,可否定（仅广告组）,该ASIN不适配，但同活动其他ASIN适配,仅对该ASIN广告组否定（L3）,待运营确认
power steering rack and pinion assembly compatible for 2007-2011 honda cr-v japan built,SP-AUTO-MIXS-王云-转向器大于0.12,49811275669002,B0FCY5DXQT,不相关品牌/车型,L2活动级否定,混合活动其他ASIN适配,可否定（仅广告组）,该ASIN不适配，但同活动其他ASIN适配,仅对该ASIN广告组否定（L3）,待运营确认
rack and pinion assembly 2.4l mitsubishi outlander replacement,SP-AUTO-MIXS-王云-转向器大于0.12,49811275669002,B0FCY5DXQT,不相关品牌/车型,L2活动级否定,混合活动其他ASIN适配,可否定（仅广告组）,该ASIN不适配，但同活动其他ASIN适配,仅对该ASIN广告组否定（L3）,待运营确认
rack and pinion assembly hyundai santa fe kia sorento,SP-AUTO-MIXS-王云-转向器大于0.12,49811275669002,B0FCY5DXQT,不相关品牌/车型,L2活动级否定,混合活动其他ASIN适配,可否定（仅广告组）,该ASIN不适配，但同活动其他ASIN适配,仅对该ASIN广告组否定（L3）,待运营确认
rack and pinion for 2008 ford explorer,SP-AUTO-MIXS-王云-转向器大于0.12,49811275669002,B0FCY5DXQT,不相关品牌/车型,L2活动级否定,适配外,可否定,未命中该ASIN适配范围,按模块D层级否定,待运营确认
rack and pinion steering unit 1987 toyota camry le,SP-AUTO-MIXS-王云-转向器大于0.12,49811275669002,B0FCY5DXQT,不相关品牌/车型,L2活动级否定,适配外,可否定,未命中该ASIN适配范围,按模块D层级否定,待运营确认
steering rack for ford trac 2001,SP-AUTO-MIXS-王云-转向器大于0.12,49811275669002,B0FCY5DXQT,不相关品牌,L2活动级否定,适配外,可否定,未命中该ASIN适配范围,按模块D层级否定,待运营确认
2000 toyota tacoma rack and pinion,SP-KW-BR-LXX-steering-B0GGRPCTLZ-年份车型-BS,61928172652888,B0GGRVNLHG,适配外年份,L2活动级否定,正确车型/年份,禁止否定,搜索词命中该ASIN适配品牌/车型/年份,从否词清单移除,待运营确认
2005 buick lesabre rack and pinion,SP-AUTO-MIXS-王云-转向器-OO4SGE34000,71625158862907,B0H6WHS9SC,不相关品牌,L2活动级否定,适配外,可否定,未命中该ASIN适配范围,按模块D层级否定,待运营确认
honda pilot 2014 steering rack,SP-KW-BR-王云-转向器-B0GQZ68DTZ-KX4SGE09200,72312284171248,B0GQZ68DTZ,适配外年份,L2活动级否定,正确车型/年份,禁止否定,搜索词命中该ASIN适配品牌/车型/年份,从否词清单移除,待运营确认
2001 toyota tundra rack and pinion,SP-KW-BR-LXX-Steering-B0GGRG8WHM-年份车型-BS,73523872393772,B0GGRG8WHM,适配外年份,L2活动级否定,正确车型/年份,禁止否定,搜索词命中该ASIN适配品牌/车型/年份,从否词清单移除,待运营确认
2003 toyota tundra steering rack,SP-KW-BR-LXX-Steering-B0GGRG8WHM-年份车型-BS,73523872393772,B0GGRG8WHM,适配外年份,L2活动级否定,正确车型/年份,禁止否定,搜索词命中该ASIN适配品牌/车型/年份,从否词清单移除,待运营确认
rack and pinion 2006 toyota tundra,SP-KW-BR-LXX-Steering-B0GGRG8WHM-年份车型-BS,73523872393772,B0GGRG8WHM,适配外年份,L2活动级否定,正确车型/年份,禁止否定,搜索词命中该ASIN适配品牌/车型/年份,从否词清单移除,待运营确认
rack and pinion toyota tundra 2005,SP-KW-BR-LXX-Steering-B0GGRG8WHM-年份车型-BS,73523872393772,B0GGRG8WHM,适配外年份,L2活动级否定,正确车型/年份,禁止否定,搜索词命中该ASIN适配品牌/车型/年份,从否词清单移除,待运营确认
2006 acura tl rack and pinion,SP-KW-BR-LXX-steering-B0GGRKXPRZ-年份车型-BS,86454565772850,B0GGRKXPRZ,不相关品牌/车型,L2活动级否定,适配外,可否定,未命中该ASIN适配范围,按模块D层级否定,待运营确认
2007 honda civic rack and pinion,SP-KW-BR-LXX-steering-B0GGRKXPRZ-年份车型-BS,86454565772850,B0GGRKXPRZ,适配外年份,L2活动级否定,正确车型/年份,禁止否定,搜索词命中该ASIN适配品牌/车型/年份,从否词清单移除,待运营确认
hydraulic steering rack honda civic 2008,SP-KW-BR-LXX-steering-B0GGRKXPRZ-年份车型-BS,86454565772850,B0GGRKXPRZ,适配外年份,L2活动级否定,正确车型/年份,禁止否定,搜索词命中该ASIN适配品牌/车型/年份,从否词清单移除,待运营确认
steering rack for honda civic 2006,SP-KW-BR-LXX-steering-B0GGRKXPRZ-年份车型-BS,86454565772850,B0GGRKXPRZ,适配外年份,L2活动级否定,正确车型/年份,禁止否定,搜索词命中该ASIN适配品牌/车型/年份,从否词清单移除,待运营确认
2001 toyota tundra steering rack,SP-KW-BR-王云-转向器-B0CN15P14D-KC4PSP16000,90360036699472,B0CN15P14D,适配外年份,L2活动级否定,正确车型/年份,禁止否定,搜索词命中该ASIN适配品牌/车型/年份,从否词清单移除,待运营确认
1994 toyota corolla steering rack,SP-KW-BR-LXX-steering-T-品牌词根-BS,93182329373564,B0GGRGLMRS,适配外年份,L2活动级否定,正确车型/年份,禁止否定,搜索词命中该ASIN适配品牌/车型/年份,从否词清单移除,待运营确认
toyota corolla ae110 steering rack 1995 right hand drive,SP-KW-BR-LXX-steering-T-品牌词根-BS,93182329373564,B0GGRGLMRS,适配外年份,L2活动级否定,正确车型/年份,禁止否定,搜索词命中该ASIN适配品牌/车型/年份,从否词清单移除,待运营确认
1996 toyota corolla rack and pinion,SP-KW-BR-LXX-Steering-B0GGRGLMRS-年份车型-BS,95558575236247,B0GGRGLMRS,适配外年份,L2活动级否定,正确车型/年份,禁止否定,搜索词命中该ASIN适配品牌/车型/年份,从否词清单移除,待运营确认
1998 toyota corolla rack and pinion,SP-KW-BR-LXX-Steering-B0GGRGLMRS-年份车型-BS,95558575236247,B0GGRGLMRS,适配外年份,L2活动级否定,正确车型/年份,禁止否定,搜索词命中该ASIN适配品牌/车型/年份,从否词清单移除,待运营确认
2000 toyota corolla power steering rack,SP-KW-BR-LXX-Steering-B0GGRGLMRS-年份车型-BS,95558575236247,B0GGRGLMRS,适配外年份,L2活动级否定,正确车型/年份,禁止否定,搜索词命中该ASIN适配品牌/车型/年份,从否词清单移除,待运营确认
2001 toyota corolla rack and pinion,SP-KW-BR-LXX-Steering-B0GGRGLMRS-年份车型-BS,95558575236247,B0GGRGLMRS,适配外年份,L2活动级否定,正确车型/年份,禁止否定,搜索词命中该ASIN适配品牌/车型/年份,从否词清单移除,待运营确认
rack and pinion 2001 toyota corolla,SP-KW-BR-LXX-Steering-B0GGRGLMRS-年份车型-BS,95558575236247,B0GGRGLMRS,适配外年份,L2活动级否定,正确车型/年份,禁止否定,搜索词命中该ASIN适配品牌/车型/年份,从否词清单移除,待运营确认
2003 chevrolet venture rack and pinion,SP-KW-MIXS-王云-转向器-OO4SGE34000,95934807766687,B0H6WHS9SC,适配外年份,L2活动级否定,正确车型/年份,禁止否定,搜索词命中该ASIN适配品牌/车型/年份,从否词清单移除,待运营确认
2007 buick rendezvous rack and pinion,SP-KW-MIXS-王云-转向器-OO4SGE34000,95934807766687,B0H6WHS9SC,适配外年份,L2活动级否定,正确车型/年份,禁止否定,搜索词命中该ASIN适配品牌/车型/年份,从否词清单移除,待运营确认
2003 acura mdx rack and pinion,SP-AUTO-MIXS-王云-转向器-OO4SGE38000,97735560875290,B0GTT7Y37J,适配外年份,L2活动级否定,正确车型/年份,禁止否定,搜索词命中该ASIN适配品牌/车型/年份,从否词清单移除,待运营确认
2007 gmc sierra 1500 blue toprack and pinion,SP-AUTO-MIXS-王云-转向器-OO4SGE35600,100433204518578,B0GSD39Q7L,不相关品牌/车型,L2活动级否定,适配外,可否定,未命中该ASIN适配范围,按模块D层级否定,待运营确认
1999 honda civic rack and pinion,SP-KW-BR-王云-转向器-B0DPMWTLZB-KC4PSP15900,108434675542588,B0DPMWTLZB,不相关品牌/车型,L2活动级否定,适配外,可否定,未命中该ASIN适配范围,按模块D层级否定,待运营确认
2002 honda accord rack and pinion set,SP-KW-BR-王云-转向器-B0DPMWTLZB-KC4PSP15900,108434675542588,B0DPMWTLZB,不相关品牌/车型,L2活动级否定,适配外,可否定,未命中该ASIN适配范围,按模块D层级否定,待运营确认
2006 toyota tacoma rack and pinion,SP-KW-BR-LXX-steering-B0GGRBJL29-年份车型-BS,123355151989281,B0GGRBJL29,适配外年份,L2活动级否定,正确车型/年份,禁止否定,搜索词命中该ASIN适配品牌/车型/年份,从否词清单移除,待运营确认
2008 toyota tacoma masterpro power steering rack and pinion - remanufactured - 311-0223 part # 311-0223 line: mpp,SP-KW-BR-LXX-steering-B0GGRBJL29-年份车型-BS,123355151989281,B0GGRBJL29,适配外年份,L2活动级否定,正确车型/年份,禁止否定,搜索词命中该ASIN适配品牌/车型/年份,从否词清单移除,待运营确认
2014 toyota tacoma rack and pinion,SP-KW-BR-LXX-steering-B0GGRBJL29-年份车型-BS,123355151989281,B0GGRBJL29,适配外年份,L2活动级否定,正确车型/年份,禁止否定,搜索词命中该ASIN适配品牌/车型/年份,从否词清单移除,待运营确认
2014 toyota tacoma trd rack and pinion 1 ea crdn,SP-KW-BR-LXX-steering-B0GGRBJL29-年份车型-BS,123355151989281,B0GGRBJL29,适配外年份,L2活动级否定,正确车型/年份,禁止否定,搜索词命中该ASIN适配品牌/车型/年份,从否词清单移除,待运营确认
2016-23 toyota tacoma power steering rack and pinion,SP-KW-BR-LXX-steering-B0GGRBJL29-年份车型-BS,123355151989281,B0GGRBJL29,适配外年份,L2活动级否定,正确车型/年份,禁止否定,搜索词命中该ASIN适配品牌/车型/年份,从否词清单移除,待运营确认
rack and pinion mejorado toyota tacoma 2008,SP-KW-BR-LXX-steering-B0GGRBJL29-年份车型-BS,123355151989281,B0GGRBJL29,适配外年份,L2活动级否定,正确车型/年份,禁止否定,搜索词命中该ASIN适配品牌/车型/年份,从否词清单移除,待运营确认
rack and pinion steering assembly toyota tacoma 2011,SP-KW-BR-LXX-steering-B0GGRBJL29-年份车型-BS,123355151989281,B0GGRBJL29,适配外年份,L2活动级否定,正确车型/年份,禁止否定,搜索词命中该ASIN适配品牌/车型/年份,从否词清单移除,待运营确认
rack and pinion toyota tacoma 2014,SP-KW-BR-LXX-steering-B0GGRBJL29-年份车型-BS,123355151989281,B0GGRBJL29,适配外年份,L2活动级否定,正确车型/年份,禁止否定,搜索词命中该ASIN适配品牌/车型/年份,从否词清单移除,待运营确认
a 2013 honda accord rack and pinion,SP-KW-MIXS-王云-转向器-OO4SGE36600,138796703668965,B0GTTL469N,不相关品牌/车型,L2活动级否定,适配外,可否定,未命中该ASIN适配范围,按模块D层级否定,待运营确认
2007 toyota rav4 rack and pinion,SP-KW-BR-LXX-steering-B0GGRP12H1-年份车型-BS,146249750997649,B0GGRP12H1,适配外年份,L2活动级否定,正确车型/年份,禁止否定,搜索词命中该ASIN适配品牌/车型/年份,从否词清单移除,待运营确认
2008 toyota rav4 steering rack,SP-KW-BR-LXX-steering-B0GGRP12H1-年份车型-BS,146249750997649,B0GGRP12H1,适配外年份,L2活动级否定,正确车型/年份,禁止否定,搜索词命中该ASIN适配品牌/车型/年份,从否词清单移除,待运营确认
rack and pinion toyota highlander 2006,SP-KW-BR-LXX-steering-B0GGRP12H1-年份车型-BS,146249750997649,B0GGRP12H1,不相关品牌/车型,L2活动级否定,适配外,可否定,未命中该ASIN适配范围,按模块D层级否定,待运营确认
rack and pinion toyota rav4 2013,SP-KW-BR-LXX-steering-B0GGRP12H1-年份车型-BS,146249750997649,B0GGRP12H1,适配外年份,L2活动级否定,正确车型/年份,禁止否定,搜索词命中该ASIN适配品牌/车型/年份,从否词清单移除,待运营确认
toyota rav4 2009 steering rack:,SP-KW-BR-LXX-steering-B0GGRP12H1-年份车型-BS,146249750997649,B0GGRP12H1,适配外年份,L2活动级否定,正确车型/年份,禁止否定,搜索词命中该ASIN适配品牌/车型/年份,从否词清单移除,待运营确认
2012 hyundai accent steering rack,SP-KW-BR-王云-转向器-B0F673LWGL-PT4SGE19900,147564474553098,B0F673LWGL,适配外年份,L2活动级否定,正确车型/年份,禁止否定,搜索词命中该ASIN适配品牌/车型/年份,从否词清单移除,待运营确认
2013 hyundai elantra rack and pinion,SP-KW-BR-王云-转向器-B0F673LWGL-PT4SGE19900,147564474553098,B0F673LWGL,不相关品牌/车型,L2活动级否定,适配外,可否定,未命中该ASIN适配范围,按模块D层级否定,待运营确认
rack and pinion kia rio 2014,SP-KW-BR-王云-转向器-B0F673LWGL-PT4SGE19900,147564474553098,B0F673LWGL,适配外年份,L2活动级否定,正确车型/年份,禁止否定,搜索词命中该ASIN适配品牌/车型/年份,从否词清单移除,待运营确认
2000 toyota tacoma rack and pinion,SP-KW-BR-王云-转向器-B0DPZS94X1-KX4SGE14500,150279347644092,B0DPZS94X1,适配外年份,L2活动级否定,正确车型/年份,禁止否定,搜索词命中该ASIN适配品牌/车型/年份,从否词清单移除,待运营确认
rack and pinion volkswagen beetle 2000,SP-KW-MIXS-王云-转向器-OO4SGE38500,156160119395826,B0GTTG7ZVC,适配外年份,L2活动级否定,正确车型/年份,禁止否定,搜索词命中该ASIN适配品牌/车型/年份,从否词清单移除,待运营确认
2004 toyota 4runner rack and pinion,SP-KW-BR-王云-转向器-B0DPCXMRG4-KC4SGE03700,171762181066933,B0DPCXMRG4,适配外年份,L2活动级否定,正确车型/年份,禁止否定,搜索词命中该ASIN适配品牌/车型/年份,从否词清单移除,待运营确认
2005 lexus sc430 rack and pinion,SP-KW-BR-王云-转向器-B0DPCXMRG4-KC4SGE03700,171762181066933,B0DPCXMRG4,不相关品牌,L2活动级否定,适配外,可否定,未命中该ASIN适配范围,按模块D层级否定,待运营确认
2006 lexus rx400h steering rack and pinion,SP-KW-BR-王云-转向器-B0DPCXMRG4-KC4SGE03700,171762181066933,B0DPCXMRG4,不相关品牌,L2活动级否定,适配外,可否定,未命中该ASIN适配范围,按模块D层级否定,待运营确认
"power steering rack and pinion assembly toyota 4runner 2007, sport edition",SP-KW-BR-王云-转向器-B0DPCXMRG4-KC4SGE03700,171762181066933,B0DPCXMRG4,适配外年份,L2活动级否定,正确车型/年份,禁止否定,搜索词命中该ASIN适配品牌/车型/年份,从否词清单移除,待运营确认
rack and pinion toyota highlander 2006,SP-KW-BR-王云-转向器-B0DPCXMRG4-KC4SGE03700,171762181066933,B0DPCXMRG4,不相关品牌/车型,L2活动级否定,适配外,可否定,未命中该ASIN适配范围,按模块D层级否定,待运营确认
1995 toyota celica rack and pinion,SP-AUTO-MIX-LXX-Steering-B0GGRGLMRS-BS,182111083032286,B0GGRGLMRS,不相关品牌,L2活动级否定,适配外,可否定,未命中该ASIN适配范围,按模块D层级否定,待运营确认
2000 buick century rack and pinion with magnsteer,SP-KW-MIXS-王云-转向器-OO4SGE34100,188917118027942,B0GSCYCMBG,适配外年份,L2活动级否定,正确车型/年份,禁止否定,搜索词命中该ASIN适配品牌/车型/年份,从否词清单移除,待运营确认
2002 buick century with magnasteer power steering rack and pinion,SP-KW-MIXS-王云-转向器-OO4SGE34100,188917118027942,B0GSCYCMBG,适配外年份,L2活动级否定,正确车型/年份,禁止否定,搜索词命中该ASIN适配品牌/车型/年份,从否词清单移除,待运营确认
rack and pinion hyundai elantra 2012,SP-KW-转向器-王云-PT4SGE19800-B0F18R2YW4,189999489097630,B0F18R2YW4,不相关品牌/车型,L2活动级否定,适配外,可否定,未命中该ASIN适配范围,按模块D层级否定,待运营确认
2010 honda accord rack and pinion,SP-KW-BR-LXX-steering-B0GGRTVYBN-年份车型-BS,190261231232507,B0GGRTVYBN,适配外年份,L2活动级否定,正确车型/年份,禁止否定,搜索词命中该ASIN适配品牌/车型/年份,从否词清单移除,待运营确认
2012 honda accord rack and pinion,SP-KW-BR-LXX-steering-B0GGRTVYBN-年份车型-BS,190261231232507,B0GGRTVYBN,适配外年份,L2活动级否定,正确车型/年份,禁止否定,搜索词命中该ASIN适配品牌/车型/年份,从否词清单移除,待运营确认
2008 gmc sierra 1500 power steering rack,SP-KW-BR-LXX-Steering-B0GGRX6PKD-年份车型1-BS,192917277839475,B0GGRX6PKD,适配外年份,L2活动级否定,正确车型/年份,禁止否定,搜索词命中该ASIN适配品牌/车型/年份,从否词清单移除,待运营确认
2006 buick lucerne 3.8l rack and pinion,SP-KW-BR-王云-转向器-B0GQZCB8W1-KC4PSP17200,203943778819822,B0GQZCB8W1,不相关品牌/车型,L2活动级否定,适配外,可否定,未命中该ASIN适配范围,按模块D层级否定,待运营确认
2012 subaru impreza rack and pinion,SP-KW-BR-王云-转向器-B0GQZCB8W1-KC4PSP17200,203943778819822,B0GQZCB8W1,适配外年份,L2活动级否定,正确车型/年份,禁止否定,搜索词命中该ASIN适配品牌/车型/年份,从否词清单移除,待运营确认
rack and pinion subaru legacy 2007,SP-KW-BR-王云-转向器-B0GQZCB8W1-KC4PSP17200,203943778819822,B0GQZCB8W1,不相关品牌/车型,L2活动级否定,适配外,可否定,未命中该ASIN适配范围,按模块D层级否定,待运营确认
subaru impreza 2010 rack and pinion,SP-KW-BR-王云-转向器-B0GQZCB8W1-KC4PSP17200,203943778819822,B0GQZCB8W1,适配外年份,L2活动级否定,正确车型/年份,禁止否定,搜索词命中该ASIN适配品牌/车型/年份,从否词清单移除,待运营确认
2011 honda pilot rack and pinion,SP-KW-BR-王云-转向器-B0DWK1388B-KX4SGE09200,225614269067288,B0DWK1388B,适配外年份,L2活动级否定,正确车型/年份,禁止否定,搜索词命中该ASIN适配品牌/车型/年份,从否词清单移除,待运营确认
2004 gmc envoy rack and pinion,SP-KW-BR-LXX-STEERING-B0GGRMCDM2-年份车型-BS,228515548038331,B0GGRMCDM2,适配外年份,L2活动级否定,正确车型/年份,禁止否定,搜索词命中该ASIN适配品牌/车型/年份,从否词清单移除,待运营确认
2004 lexus rx 330 power steering rack,SP-KW-BR-王云-转向器-B0DPCWYHXB-KC4PSP17700,242884828741717,B0DPCWYHXB,不相关品牌,L2活动级否定,适配外,可否定,未命中该ASIN适配范围,按模块D层级否定,待运营确认
2004 lexus rx330 rack and pinion,SP-KW-BR-王云-转向器-B0DPCWYHXB-KC4PSP17700,242884828741717,B0DPCWYHXB,适配外年份,L2活动级否定,正确车型/年份,禁止否定,搜索词命中该ASIN适配品牌/车型/年份,从否词清单移除,待运营确认
2005 lexus rx330 rack and pinion left hand drive,SP-KW-BR-王云-转向器-B0DPCWYHXB-KC4PSP17700,242884828741717,B0DPCWYHXB,适配外年份,L2活动级否定,正确车型/年份,禁止否定,搜索词命中该ASIN适配品牌/车型/年份,从否词清单移除,待运营确认
2007 toyota highlander rack and pinion,SP-KW-BR-王云-转向器-B0DPCWYHXB-KC4PSP17700,242884828741717,B0DPCWYHXB,适配外年份,L2活动级否定,正确车型/年份,禁止否定,搜索词命中该ASIN适配品牌/车型/年份,从否词清单移除,待运营确认
2008 toyota highlander rack and pinion,SP-KW-BR-王云-转向器-B0DPCWYHXB-KC4PSP17700,242884828741717,B0DPCWYHXB,不相关品牌/车型,L2活动级否定,适配外,可否定,未命中该ASIN适配范围,按模块D层级否定,待运营确认
2008 toyota highlander rack and pinion eps,SP-KW-BR-王云-转向器-B0DPCWYHXB-KC4PSP17700,242884828741717,B0DPCWYHXB,不相关品牌/车型,L2活动级否定,适配外,可否定,未命中该ASIN适配范围,按模块D层级否定,待运营确认
2009 lexus rx 350 rack and pinion,SP-KW-BR-王云-转向器-B0DPCWYHXB-KC4PSP17700,242884828741717,B0DPCWYHXB,不相关品牌,L2活动级否定,适配外,可否定,未命中该ASIN适配范围,按模块D层级否定,待运营确认
2009 toyota sienna rack and pinion,SP-KW-BR-王云-转向器-B0DPCWYHXB-KC4PSP17700,242884828741717,B0DPCWYHXB,不相关品牌/车型,L2活动级否定,适配外,可否定,未命中该ASIN适配范围,按模块D层级否定,待运营确认
2013 toyota tacoma rack and pinion,SP-KW-BR-王云-转向器-B0DPCWYHXB-KC4PSP17700,242884828741717,B0DPCWYHXB,不相关品牌/车型,L2活动级否定,适配外,可否定,未命中该ASIN适配范围,按模块D层级否定,待运营确认
hydraulic steering rack toyota highlander 2005,SP-KW-BR-王云-转向器-B0DPCWYHXB-KC4PSP17700,242884828741717,B0DPCWYHXB,适配外年份,L2活动级否定,正确车型/年份,禁止否定,搜索词命中该ASIN适配品牌/车型/年份,从否词清单移除,待运营确认
rack and pinion toyota highlander 2006,SP-KW-BR-王云-转向器-B0DPCWYHXB-KC4PSP17700,242884828741717,B0DPCWYHXB,适配外年份,L2活动级否定,正确车型/年份,禁止否定,搜索词命中该ASIN适配品牌/车型/年份,从否词清单移除,待运营确认
2005 bmw 330i rack and pinion,SP-KW-BR-王云-转向器-B0DPQLYGNY-KC4PSP17600,246704904027352,B0DPQLYGNY,适配外年份,L2活动级否定,正确车型/年份,禁止否定,搜索词命中该ASIN适配品牌/车型/年份,从否词清单移除,待运营确认
bmw 2004 330ci power steering rack,SP-KW-BR-王云-转向器-B0DPQLYGNY-KC4PSP17600,246704904027352,B0DPQLYGNY,适配外年份,L2活动级否定,正确车型/年份,禁止否定,搜索词命中该ASIN适配品牌/车型/年份,从否词清单移除,待运营确认
rack and pinion dodge avenger lux 2011,SP-KW-BR-王云-转向器-B0DWMTWWMP-PT4SGE20100-02,249321799595783,B0DWMTWWMP,不相关品牌,L2活动级否定,适配外,可否定,未命中该ASIN适配范围,按模块D层级否定,待运营确认
2009 honda odyssey rack and pinion,SP-KW-BR-LXX-steering-B0GGRLVFL2-年份车型-BS,254891395175079,B0GGRLVFL2,不相关品牌/车型,L2活动级否定,适配外,可否定,未命中该ASIN适配范围,按模块D层级否定,待运营确认
2010 honda stream rack and pinion genuine,SP-KW-BR-LXX-steering-B0GGRLVFL2-年份车型-BS,254891395175079,B0GGRLVFL2,不相关品牌,L2活动级否定,适配外,可否定,未命中该ASIN适配范围,按模块D层级否定,待运营确认
2011 honda odyssey rack and pinion,SP-KW-BR-LXX-steering-B0GGRLVFL2-年份车型-BS,254891395175079,B0GGRLVFL2,适配外年份,L2活动级否定,正确车型/年份,禁止否定,搜索词命中该ASIN适配品牌/车型/年份,从否词清单移除,待运营确认
2012 honda odyssey rack and pinion,SP-KW-BR-LXX-steering-B0GGRLVFL2-年份车型-BS,254891395175079,B0GGRLVFL2,适配外年份,L2活动级否定,正确车型/年份,禁止否定,搜索词命中该ASIN适配品牌/车型/年份,从否词清单移除,待运营确认
2016 honda odyssey se rack and pinion,SP-KW-BR-LXX-steering-B0GGRLVFL2-年份车型-BS,254891395175079,B0GGRLVFL2,适配外年份,L2活动级否定,正确车型/年份,禁止否定,搜索词命中该ASIN适配品牌/车型/年份,从否词清单移除,待运营确认
honda civic 2013 hydraulic power steering rack and pinion,SP-KW-BR-LXX-steering-B0GGRLVFL2-年份车型-BS,254891395175079,B0GGRLVFL2,不相关品牌/车型,L2活动级否定,适配外,可否定,未命中该ASIN适配范围,按模块D层级否定,待运营确认
honda odyssey 2016 steering rack,SP-KW-BR-LXX-steering-B0GGRLVFL2-年份车型-BS,254891395175079,B0GGRLVFL2,适配外年份,L2活动级否定,正确车型/年份,禁止否定,搜索词命中该ASIN适配品牌/车型/年份,从否词清单移除,待运营确认
hydraulic steering rack for honda odyssey 2012,SP-KW-BR-LXX-steering-B0GGRLVFL2-年份车型-BS,254891395175079,B0GGRLVFL2,适配外年份,L2活动级否定,正确车型/年份,禁止否定,搜索词命中该ASIN适配品牌/车型/年份,从否词清单移除,待运营确认
rack and pinion for honda odyssey 2012,SP-KW-BR-LXX-steering-B0GGRLVFL2-年份车型-BS,254891395175079,B0GGRLVFL2,适配外年份,L2活动级否定,正确车型/年份,禁止否定,搜索词命中该ASIN适配品牌/车型/年份,从否词清单移除,待运营确认
2008 pontiac g6 rack and pinion,SP-Auto-Mix-转向器26新品-王云-OO4SGE38600,258194284646081,B0GTTK8CX2,适配外年份,L2活动级否定,正确车型/年份,禁止否定,搜索词命中该ASIN适配品牌/车型/年份,从否词清单移除,待运营确认
toyota 4runner 2004 sr5 rack and pinion,SP-KW-BR-LXX-steering-B0GGRMHY37-车型1-BS,260675737301872,B0GGRMHY37,适配外年份,L2活动级否定,正确车型/年份,禁止否定,搜索词命中该ASIN适配品牌/车型/年份,从否词清单移除,待运营确认
1990 honda accord rack and pinion,SP-KW-MIXS-王云-转向器-手动,268206496571761,B0DPCXMRG4,不相关品牌/车型,L2活动级否定,适配外,可否定,未命中该ASIN适配范围,按模块D层级否定,待运营确认
1999 toyota sienna rack and pinion,SP-KW-MIXS-王云-转向器-手动,268206496571761,B0DPCXMRG4,不相关品牌/车型,L2活动级否定,混合活动其他ASIN适配,可否定（仅广告组）,该ASIN不适配，但同活动其他ASIN适配,仅对该ASIN广告组否定（L3）,待运营确认
2000 chevrolet cavalier steering rack,SP-KW-MIXS-王云-转向器-手动,268206496571761,B0DPCXMRG4,不相关品牌,L2活动级否定,适配外,可否定,未命中该ASIN适配范围,按模块D层级否定,待运营确认
2000 subaru legacy hydraulic steering rack,SP-KW-MIXS-王云-转向器-手动,268206496571761,B0DPCXMRG4,不相关品牌/车型,L2活动级否定,适配外,可否定,未命中该ASIN适配范围,按模块D层级否定,待运营确认
2003 cartier l lincoln town car rack and pinion,SP-KW-MIXS-王云-转向器-手动,268206496571761,B0DPCXMRG4,不相关品牌/车型,L2活动级否定,混合活动其他ASIN适配,可否定（仅广告组）,该ASIN不适配，但同活动其他ASIN适配,仅对该ASIN广告组否定（L3）,待运营确认
2003 chevrolet venture rack and pinion,SP-KW-MIXS-王云-转向器-手动,268206496571761,B0DPCXMRG4,不相关品牌/车型,L2活动级否定,混合活动其他ASIN适配,可否定（仅广告组）,该ASIN不适配，但同活动其他ASIN适配,仅对该ASIN广告组否定（L3）,待运营确认
2003 ford mustang gt rack and pinion,SP-KW-MIXS-王云-转向器-手动,268206496571761,B0DPCXMRG4,不相关品牌/车型,L2活动级否定,混合活动其他ASIN适配,可否定（仅广告组）,该ASIN不适配，但同活动其他ASIN适配,仅对该ASIN广告组否定（L3）,待运营确认
2004 ford focus rack and pinion,SP-KW-MIXS-王云-转向器-手动,268206496571761,B0DPCXMRG4,不相关品牌/车型,L2活动级否定,适配外,可否定,未命中该ASIN适配范围,按模块D层级否定,待运营确认
2004 lexus rx 330 power steering rack,SP-KW-MIXS-王云-转向器-手动,268206496571761,B0DPCXMRG4,不相关品牌,L2活动级否定,适配外,可否定,未命中该ASIN适配范围,按模块D层级否定,待运营确认
2005 nissan armada rack and pinion,SP-KW-MIXS-王云-转向器-手动,268206496571761,B0DPCXMRG4,不相关品牌/车型,L2活动级否定,适配外,可否定,未命中该ASIN适配范围,按模块D层级否定,待运营确认
2006 bmw 330i steering rack,SP-KW-MIXS-王云-转向器-手动,268206496571761,B0DPCXMRG4,不相关品牌/车型,L2活动级否定,适配外,可否定,未命中该ASIN适配范围,按模块D层级否定,待运营确认
2007 honda crv rack and pinion electronic,SP-KW-MIXS-王云-转向器-手动,268206496571761,B0DPCXMRG4,不相关品牌,L2活动级否定,适配外,可否定,未命中该ASIN适配范围,按模块D层级否定,待运营确认
2007 toyota tundra 2wd rack and pinion,SP-KW-MIXS-王云-转向器-手动,268206496571761,B0DPCXMRG4,不相关品牌/车型,L2活动级否定,混合活动其他ASIN适配,可否定（仅广告组）,该ASIN不适配，但同活动其他ASIN适配,仅对该ASIN广告组否定（L3）,待运营确认
2008 ford f150 xlt power steering rack,SP-KW-MIXS-王云-转向器-手动,268206496571761,B0DPCXMRG4,不相关品牌,L2活动级否定,适配外,可否定,未命中该ASIN适配范围,按模块D层级否定,待运营确认
2008 honda accord rack and pinion,SP-KW-MIXS-王云-转向器-手动,268206496571761,B0DPCXMRG4,不相关品牌/车型,L2活动级否定,混合活动其他ASIN适配,可否定（仅广告组）,该ASIN不适配，但同活动其他ASIN适配,仅对该ASIN广告组否定（L3）,待运营确认
2009 nissan maxima rack and pinion,SP-KW-MIXS-王云-转向器-手动,268206496571761,B0DPCXMRG4,不相关品牌/车型,L2活动级否定,混合活动其他ASIN适配,可否定（仅广告组）,该ASIN不适配，但同活动其他ASIN适配,仅对该ASIN广告组否定（L3）,待运营确认
2009 toyota venza rack and pinion,SP-KW-MIXS-王云-转向器-手动,268206496571761,B0DPCXMRG4,不相关品牌,L2活动级否定,适配外,可否定,未命中该ASIN适配范围,按模块D层级否定,待运营确认
2010 ford flex rack and pinion,SP-KW-MIXS-王云-转向器-手动,268206496571761,B0DPCXMRG4,不相关品牌/车型,L2活动级否定,混合活动其他ASIN适配,可否定（仅广告组）,该ASIN不适配，但同活动其他ASIN适配,仅对该ASIN广告组否定（L3）,待运营确认
2010 nissan altima rack and pinion v6,SP-KW-MIXS-王云-转向器-手动,268206496571761,B0DPCXMRG4,不相关品牌/车型,L2活动级否定,混合活动其他ASIN适配,可否定（仅广告组）,该ASIN不适配，但同活动其他ASIN适配,仅对该ASIN广告组否定（L3）,待运营确认
2011 jeep grand cherokee steering rack boot,SP-KW-MIXS-王云-转向器-手动,268206496571761,B0DPCXMRG4,不相关品牌/车型,L2活动级否定,混合活动其他ASIN适配,可否定（仅广告组）,该ASIN不适配，但同活动其他ASIN适配,仅对该ASIN广告组否定（L3）,待运营确认
2013 hyundai genesis coupe 2.0 steering rack,SP-KW-MIXS-王云-转向器-手动,268206496571761,B0DPCXMRG4,不相关品牌,L2活动级否定,适配外,可否定,未命中该ASIN适配范围,按模块D层级否定,待运营确认
2013 hyundai santa fe sport rack and pinion,SP-KW-MIXS-王云-转向器-手动,268206496571761,B0DPCXMRG4,不相关品牌/车型,L2活动级否定,混合活动其他ASIN适配,可否定（仅广告组）,该ASIN不适配，但同活动其他ASIN适配,仅对该ASIN广告组否定（L3）,待运营确认
2014 ram 1500 rack and pinion,SP-KW-MIXS-王云-转向器-手动,268206496571761,B0DPCXMRG4,不相关品牌/车型,L2活动级否定,适配外,可否定,未命中该ASIN适配范围,按模块D层级否定,待运营确认
2017 subaru legacy rack and pinion,SP-KW-MIXS-王云-转向器-手动,268206496571761,B0DPCXMRG4,不相关品牌/车型,L2活动级否定,适配外,可否定,未命中该ASIN适配范围,按模块D层级否定,待运营确认
2025 nissan sentra rack and pinion,SP-KW-MIXS-王云-转向器-手动,268206496571761,B0DPCXMRG4,不相关品牌/车型,L2活动级否定,适配外,可否定,未命中该ASIN适配范围,按模块D层级否定,待运营确认
26-2747 53601shja86 hydraulic power steering rack & pinion assembly fit for honda odyssey 2007-2010 parod,SP-KW-MIXS-王云-转向器-手动,268206496571761,B0DPCXMRG4,不相关品牌/车型,L2活动级否定,混合活动其他ASIN适配,可否定（仅广告组）,该ASIN不适配，但同活动其他ASIN适配,仅对该ASIN广告组否定（L3）,待运营确认
bmw remanufactured steering rack 328i,SP-KW-MIXS-王云-转向器-手动,268206496571761,B0DPCXMRG4,不相关品牌/车型,L2活动级否定,混合活动其他ASIN适配,可否定（仅广告组）,该ASIN不适配，但同活动其他ASIN适配,仅对该ASIN广告组否定（L3）,待运营确认
bmw z3 2000 non-m steering rack,SP-KW-MIXS-王云-转向器-手动,268206496571761,B0DPCXMRG4,不相关品牌/车型,L2活动级否定,混合活动其他ASIN适配,可否定（仅广告组）,该ASIN不适配，但同活动其他ASIN适配,仅对该ASIN广告组否定（L3）,待运营确认
chevrolet cavalier 1990 steering rack,SP-KW-MIXS-王云-转向器-手动,268206496571761,B0DPCXMRG4,不相关品牌,L2活动级否定,适配外,可否定,未命中该ASIN适配范围,按模块D层级否定,待运营确认
for subaru wrx sti 2015 2016 2017 hydraulic power steering rack & pinion gap $361.25 $425.00 • fits your 2015 subaru wrx sti,SP-KW-MIXS-王云-转向器-手动,268206496571761,B0DPCXMRG4,不相关品牌,L2活动级否定,适配外,可否定,未命中该ASIN适配范围,按模块D层级否定,待运营确认
ford explorer 2011 power steering rack,SP-KW-MIXS-王云-转向器-手动,268206496571761,B0DPCXMRG4,不相关品牌/车型,L2活动级否定,适配外,可否定,未命中该ASIN适配范围,按模块D层级否定,待运营确认
ford mustang 2000 steering rack,SP-KW-MIXS-王云-转向器-手动,268206496571761,B0DPCXMRG4,不相关品牌/车型,L2活动级否定,混合活动其他ASIN适配,可否定（仅广告组）,该ASIN不适配，但同活动其他ASIN适配,仅对该ASIN广告组否定（L3）,待运营确认
ford pinto 2000 steering rack,SP-KW-MIXS-王云-转向器-手动,268206496571761,B0DPCXMRG4,不相关品牌/车型,L2活动级否定,适配外,可否定,未命中该ASIN适配范围,按模块D层级否定,待运营确认
honda talon rack and pinion,SP-KW-MIXS-王云-转向器-手动,268206496571761,B0DPCXMRG4,不相关品牌,L2活动级否定,适配外,可否定,未命中该ASIN适配范围,按模块D层级否定,待运营确认
hydraulic steering rack toyota siena dorman,SP-KW-MIXS-王云-转向器-手动,268206496571761,B0DPCXMRG4,不相关品牌,L2活动级否定,适配外,可否定,未命中该ASIN适配范围,按模块D层级否定,待运营确认
hyundai entourage 2007 rack and pinion,SP-KW-MIXS-王云-转向器-手动,268206496571761,B0DPCXMRG4,不相关品牌,L2活动级否定,适配外,可否定,未命中该ASIN适配范围,按模块D层级否定,待运营确认
hyundai steering rack 2020,SP-KW-MIXS-王云-转向器-手动,268206496571761,B0DPCXMRG4,不相关品牌,L2活动级否定,适配外,可否定,未命中该ASIN适配范围,按模块D层级否定,待运营确认
jeep cherokee steering racks and pin,SP-KW-MIXS-王云-转向器-手动,268206496571761,B0DPCXMRG4,不相关品牌,L2活动级否定,适配外,可否定,未命中该ASIN适配范围,按模块D层级否定,待运营确认
power steering rack and pinion assembly compatible for 2007-2011 honda cr-v japan built,SP-KW-MIXS-王云-转向器-手动,268206496571761,B0DPCXMRG4,不相关品牌/车型,L2活动级否定,混合活动其他ASIN适配,可否定（仅广告组）,该ASIN不适配，但同活动其他ASIN适配,仅对该ASIN广告组否定（L3）,待运营确认
rack and pinion 2007-2012 nissan versa,SP-KW-MIXS-王云-转向器-手动,268206496571761,B0DPCXMRG4,不相关品牌/车型,L2活动级否定,混合活动其他ASIN适配,可否定（仅广告组）,该ASIN不适配，但同活动其他ASIN适配,仅对该ASIN广告组否定（L3）,待运营确认
rack and pinion for 2008 ford explorer,SP-KW-MIXS-王云-转向器-手动,268206496571761,B0DPCXMRG4,不相关品牌/车型,L2活动级否定,适配外,可否定,未命中该ASIN适配范围,按模块D层级否定,待运营确认
rack and pinion for a 2007 dodge ram 15102 wheel dr.,SP-KW-MIXS-王云-转向器-手动,268206496571761,B0DPCXMRG4,不相关品牌,L2活动级否定,适配外,可否定,未命中该ASIN适配范围,按模块D层级否定,待运营确认
rack and pinion honda pilot lx,SP-KW-MIXS-王云-转向器-手动,268206496571761,B0DPCXMRG4,不相关品牌/车型,L2活动级否定,混合活动其他ASIN适配,可否定（仅广告组）,该ASIN不适配，但同活动其他ASIN适配,仅对该ASIN广告组否定（L3）,待运营确认
rack and pinion with servotronics2007 audi a4,SP-KW-MIXS-王云-转向器-手动,268206496571761,B0DPCXMRG4,不相关品牌/车型,L2活动级否定,适配外,可否定,未命中该ASIN适配范围,按模块D层级否定,待运营确认
steering rack and pinion for a 2016 dodge charger.,SP-KW-MIXS-王云-转向器-手动,268206496571761,B0DPCXMRG4,不相关品牌/车型,L2活动级否定,混合活动其他ASIN适配,可否定（仅广告组）,该ASIN不适配，但同活动其他ASIN适配,仅对该ASIN广告组否定（L3）,待运营确认
1998 honda crv rack and pinion,SP-KW-MIXS-王云-转向器-手动,268206496571761,B0DWMVSV8M,不相关品牌,L2活动级否定,适配外,可否定,未命中该ASIN适配范围,按模块D层级否定,待运营确认
2001ford ranger 4.0 rack and pinion,SP-KW-MIXS-王云-转向器-手动,268206496571761,B0DWMVSV8M,不相关品牌/车型,L2活动级否定,混合活动其他ASIN适配,可否定（仅广告组）,该ASIN不适配，但同活动其他ASIN适配,仅对该ASIN广告组否定（L3）,待运营确认
2002 toyota 4 runner rack and pinion,SP-KW-MIXS-王云-转向器-手动,268206496571761,B0DWMVSV8M,不相关品牌,L2活动级否定,适配外,可否定,未命中该ASIN适配范围,按模块D层级否定,待运营确认
2002 toyota celica rack and pinion,SP-KW-MIXS-王云-转向器-手动,268206496571761,B0DWMVSV8M,不相关品牌,L2活动级否定,适配外,可否定,未命中该ASIN适配范围,按模块D层级否定,待运营确认
2002 toyota sienna rack and pinion,SP-KW-MIXS-王云-转向器-手动,268206496571761,B0DWMVSV8M,不相关品牌/车型,L2活动级否定,混合活动其他ASIN适配,可否定（仅广告组）,该ASIN不适配，但同活动其他ASIN适配,仅对该ASIN广告组否定（L3）,待运营确认
2003 dodge ram rack and pinion,SP-KW-MIXS-王云-转向器-手动,268206496571761,B0DWMVSV8M,不相关品牌,L2活动级否定,适配外,可否定,未命中该ASIN适配范围,按模块D层级否定,待运营确认
2003 toyota camry rack and pinion,SP-KW-MIXS-王云-转向器-手动,268206496571761,B0DWMVSV8M,不相关品牌/车型,L2活动级否定,混合活动其他ASIN适配,可否定（仅广告组）,该ASIN不适配，但同活动其他ASIN适配,仅对该ASIN广告组否定（L3）,待运营确认
2006 suzuki swift sport steering rack,SP-KW-MIXS-王云-转向器-手动,268206496571761,B0DWMVSV8M,不相关品牌,L2活动级否定,适配外,可否定,未命中该ASIN适配范围,按模块D层级否定,待运营确认
2007 acura tsx rack and pinion,SP-KW-MIXS-王云-转向器-手动,268206496571761,B0DWMVSV8M,不相关品牌/车型,L2活动级否定,混合活动其他ASIN适配,可否定（仅广告组）,该ASIN不适配，但同活动其他ASIN适配,仅对该ASIN广告组否定（L3）,待运营确认
2007 ford focus rack and pinion,SP-KW-MIXS-王云-转向器-手动,268206496571761,B0DWMVSV8M,不相关品牌/车型,L2活动级否定,混合活动其他ASIN适配,可否定（仅广告组）,该ASIN不适配，但同活动其他ASIN适配,仅对该ASIN广告组否定（L3）,待运营确认
2007 toyota tacoma power steering rack complete sets,SP-KW-MIXS-王云-转向器-手动,268206496571761,B0DWMVSV8M,不相关品牌/车型,L2活动级否定,混合活动其他ASIN适配,可否定（仅广告组）,该ASIN不适配，但同活动其他ASIN适配,仅对该ASIN广告组否定（L3）,待运营确认
2007-2011 honda crv steering rack connection,SP-KW-MIXS-王云-转向器-手动,268206496571761,B0DWMVSV8M,不相关品牌,L2活动级否定,适配外,可否定,未命中该ASIN适配范围,按模块D层级否定,待运营确认
2008 honda crv rack and pinion bolts,SP-KW-MIXS-王云-转向器-手动,268206496571761,B0DWMVSV8M,不相关品牌,L2活动级否定,适配外,可否定,未命中该ASIN适配范围,按模块D层级否定,待运营确认
2008 mercedes benz ml350 3.5l power steering rack,SP-KW-MIXS-王云-转向器-手动,268206496571761,B0DWMVSV8M,不相关品牌/车型,L2活动级否定,混合活动其他ASIN适配,可否定（仅广告组）,该ASIN不适配，但同活动其他ASIN适配,仅对该ASIN广告组否定（L3）,待运营确认
2008 subaru wrx power steering rack,SP-KW-MIXS-王云-转向器-手动,268206496571761,B0DWMVSV8M,不相关品牌,L2活动级否定,适配外,可否定,未命中该ASIN适配范围,按模块D层级否定,待运营确认
2012 nissan altima 2.5 coupe rack and pinion 49001-ja01b,SP-KW-MIXS-王云-转向器-手动,268206496571761,B0DWMVSV8M,不相关品牌/车型,L2活动级否定,混合活动其他ASIN适配,可否定（仅广告组）,该ASIN不适配，但同活动其他ASIN适配,仅对该ASIN广告组否定（L3）,待运营确认
2015 honda accord rack and pinion,SP-KW-MIXS-王云-转向器-手动,268206496571761,B0DWMVSV8M,不相关品牌/车型,L2活动级否定,适配外,可否定,未命中该ASIN适配范围,按模块D层级否定,待运营确认
2017 nissan titan rack and pinion,SP-KW-MIXS-王云-转向器-手动,268206496571761,B0DWMVSV8M,不相关品牌/车型,L2活动级否定,适配外,可否定,未命中该ASIN适配范围,按模块D层级否定,待运营确认
90 honda accord rack and pinion,SP-KW-MIXS-王云-转向器-手动,268206496571761,B0DWMVSV8M,不相关品牌/车型,L2活动级否定,混合活动其他ASIN适配,可否定（仅广告组）,该ASIN不适配，但同活动其他ASIN适配,仅对该ASIN广告组否定（L3）,待运营确认
98 ford mustang rack and pinion,SP-KW-MIXS-王云-转向器-手动,268206496571761,B0DWMVSV8M,不相关品牌/车型,L2活动级否定,混合活动其他ASIN适配,可否定（仅广告组）,该ASIN不适配，但同活动其他ASIN适配,仅对该ASIN广告组否定（L3）,待运营确认
a steering rack and pinion for acura tsx 05,SP-KW-MIXS-王云-转向器-手动,268206496571761,B0DWMVSV8M,不相关品牌/车型,L2活动级否定,混合活动其他ASIN适配,可否定（仅广告组）,该ASIN不适配，但同活动其他ASIN适配,仅对该ASIN广告组否定（L3）,待运营确认
electric rack and pinion for 2013 hyundai santa fe sport,SP-KW-MIXS-王云-转向器-手动,268206496571761,B0DWMVSV8M,不相关品牌/车型,L2活动级否定,混合活动其他ASIN适配,可否定（仅广告组）,该ASIN不适配，但同活动其他ASIN适配,仅对该ASIN广告组否定（L3）,待运营确认
honda accord electrical steering rack,SP-KW-MIXS-王云-转向器-手动,268206496571761,B0DWMVSV8M,不相关品牌/车型,L2活动级否定,混合活动其他ASIN适配,可否定（仅广告组）,该ASIN不适配，但同活动其他ASIN适配,仅对该ASIN广告组否定（L3）,待运营确认
honda civic 2013 hydraulic power steering rack and pinion,SP-KW-MIXS-王云-转向器-手动,268206496571761,B0DWMVSV8M,不相关品牌/车型,L2活动级否定,适配外,可否定,未命中该ASIN适配范围,按模块D层级否定,待运营确认
hydraulic steering rack honda cr-v 2007,SP-KW-MIXS-王云-转向器-手动,268206496571761,B0DWMVSV8M,不相关品牌/车型,L2活动级否定,混合活动其他ASIN适配,可否定（仅广告组）,该ASIN不适配，但同活动其他ASIN适配,仅对该ASIN广告组否定（L3）,待运营确认
new 2001ford ranger 4.0 rack and pinion,SP-KW-MIXS-王云-转向器-手动,268206496571761,B0DWMVSV8M,不相关品牌/车型,L2活动级否定,混合活动其他ASIN适配,可否定（仅广告组）,该ASIN不适配，但同活动其他ASIN适配,仅对该ASIN广告组否定（L3）,待运营确认
nissan titan refurbished steering rack and pinion for a 2018,SP-KW-MIXS-王云-转向器-手动,268206496571761,B0DWMVSV8M,不相关品牌/车型,L2活动级否定,适配外,可否定,未命中该ASIN适配范围,按模块D层级否定,待运营确认
power steering rack & pinion 2013 ford fusion titanium,SP-KW-MIXS-王云-转向器-手动,268206496571761,B0DWMVSV8M,不相关品牌,L2活动级否定,适配外,可否定,未命中该ASIN适配范围,按模块D层级否定,待运营确认
power steering rack & pinion assembly for toyota camry le se xle sedan 2002-2006 4425006131,SP-KW-MIXS-王云-转向器-手动,268206496571761,B0DWMVSV8M,不相关品牌/车型,L2活动级否定,混合活动其他ASIN适配,可否定（仅广告组）,该ASIN不适配，但同活动其他ASIN适配,仅对该ASIN广告组否定（L3）,待运营确认
power steering rack ford focus 2014,SP-KW-MIXS-王云-转向器-手动,268206496571761,B0DWMVSV8M,不相关品牌/车型,L2活动级否定,适配外,可否定,未命中该ASIN适配范围,按模块D层级否定,待运营确认
rack and pinion for 09g37 infiniti at a low cost with free shipping,SP-KW-MIXS-王云-转向器-手动,268206496571761,B0DWMVSV8M,不相关品牌,L2活动级否定,适配外,可否定,未命中该ASIN适配范围,按模块D层级否定,待运营确认
rack and pinion for a 2006 dodge dakota,SP-KW-MIXS-王云-转向器-手动,268206496571761,B0DWMVSV8M,不相关品牌/车型,L2活动级否定,混合活动其他ASIN适配,可否定（仅广告组）,该ASIN不适配，但同活动其他ASIN适配,仅对该ASIN广告组否定（L3）,待运营确认
rack and pinion for mercedes benz e 350 2006,SP-KW-MIXS-王云-转向器-手动,268206496571761,B0DWMVSV8M,不相关品牌,L2活动级否定,适配外,可否定,未命中该ASIN适配范围,按模块D层级否定,待运营确认
rack and pinion honda fit 2009,SP-KW-MIXS-王云-转向器-手动,268206496571761,B0DWMVSV8M,不相关品牌,L2活动级否定,适配外,可否定,未命中该ASIN适配范围,按模块D层级否定,待运营确认
rack and pinion jeep liberty 2004,SP-KW-MIXS-王云-转向器-手动,268206496571761,B0DWMVSV8M,不相关品牌/车型,L2活动级否定,混合活动其他ASIN适配,可否定（仅广告组）,该ASIN不适配，但同活动其他ASIN适配,仅对该ASIN广告组否定（L3）,待运营确认
rwd steering rack ram 1500,SP-KW-MIXS-王云-转向器-手动,268206496571761,B0DWMVSV8M,不相关品牌/车型,L2活动级否定,混合活动其他ASIN适配,可否定（仅广告组）,该ASIN不适配，但同活动其他ASIN适配,仅对该ASIN广告组否定（L3）,待运营确认
steering rack for subaru crosstrek 2016,SP-KW-MIXS-王云-转向器-手动,268206496571761,B0DWMVSV8M,不相关品牌,L2活动级否定,适配外,可否定,未命中该ASIN适配范围,按模块D层级否定,待运营确认
steering rack honda accord 2.2 model 1992,SP-KW-MIXS-王云-转向器-手动,268206496571761,B0DWMVSV8M,不相关品牌/车型,L2活动级否定,适配外,可否定,未命中该ASIN适配范围,按模块D层级否定,待运营确认
toyota tundra rack and pinion,SP-KW-MIXS-王云-转向器-手动,268206496571761,B0DWMVSV8M,不相关品牌/车型,L2活动级否定,混合活动其他ASIN适配,可否定（仅广告组）,该ASIN不适配，但同活动其他ASIN适配,仅对该ASIN广告组否定（L3）,待运营确认
1990 nissan 300zx steering rack,SP-KW-MIXS-王云-转向器-手动,268206496571761,B0DWMWLGF3,不相关品牌/车型,L2活动级否定,适配外,可否定,未命中该ASIN适配范围,按模块D层级否定,待运营确认
1999 ford mustang rack and pinion,SP-KW-MIXS-王云-转向器-手动,268206496571761,B0DWMWLGF3,不相关品牌/车型,L2活动级否定,混合活动其他ASIN适配,可否定（仅广告组）,该ASIN不适配，但同活动其他ASIN适配,仅对该ASIN广告组否定（L3）,待运营确认
2002 toyota camry 2.4l power steering rack,SP-KW-MIXS-王云-转向器-手动,268206496571761,B0DWMWLGF3,不相关品牌/车型,L2活动级否定,混合活动其他ASIN适配,可否定（仅广告组）,该ASIN不适配，但同活动其他ASIN适配,仅对该ASIN广告组否定（L3）,待运营确认
2003 ford ranger super cab rack and pinion,SP-KW-MIXS-王云-转向器-手动,268206496571761,B0DWMWLGF3,不相关品牌/车型,L2活动级否定,混合活动其他ASIN适配,可否定（仅广告组）,该ASIN不适配，但同活动其他ASIN适配,仅对该ASIN广告组否定（L3）,待运营确认
2004 ford f150 rack and pinion,SP-KW-MIXS-王云-转向器-手动,268206496571761,B0DWMWLGF3,不相关品牌,L2活动级否定,适配外,可否定,未命中该ASIN适配范围,按模块D层级否定,待运营确认
2005 acura mdx rack and pinion,SP-KW-MIXS-王云-转向器-手动,268206496571761,B0DWMWLGF3,不相关品牌/车型,L2活动级否定,混合活动其他ASIN适配,可否定（仅广告组）,该ASIN不适配，但同活动其他ASIN适配,仅对该ASIN广告组否定（L3）,待运营确认
2005 bmw 330i rack and pinion,SP-KW-MIXS-王云-转向器-手动,268206496571761,B0DWMWLGF3,不相关品牌/车型,L2活动级否定,混合活动其他ASIN适配,可否定（仅广告组）,该ASIN不适配，但同活动其他ASIN适配,仅对该ASIN广告组否定（L3）,待运营确认
2006 hyundai sonata rack and pinion,SP-KW-MIXS-王云-转向器-手动,268206496571761,B0DWMWLGF3,不相关品牌/车型,L2活动级否定,混合活动其他ASIN适配,可否定（仅广告组）,该ASIN不适配，但同活动其他ASIN适配,仅对该ASIN广告组否定（L3）,待运营确认
2006 jeep liberty 3.7l rack and pinion,SP-KW-MIXS-王云-转向器-手动,268206496571761,B0DWMWLGF3,不相关品牌/车型,L2活动级否定,适配外,可否定,未命中该ASIN适配范围,按模块D层级否定,待运营确认
2006 mercedes benz ml 350 4matic rack and pinion,SP-KW-MIXS-王云-转向器-手动,268206496571761,B0DWMWLGF3,不相关品牌,L2活动级否定,适配外,可否定,未命中该ASIN适配范围,按模块D层级否定,待运营确认
2008 lexus es350 rack and pinion,SP-KW-MIXS-王云-转向器-手动,268206496571761,B0DWMWLGF3,不相关品牌/车型,L2活动级否定,混合活动其他ASIN适配,可否定（仅广告组）,该ASIN不适配，但同活动其他ASIN适配,仅对该ASIN广告组否定（L3）,待运营确认
2009 nissan murano rack and pinion,SP-KW-MIXS-王云-转向器-手动,268206496571761,B0DWMWLGF3,不相关品牌/车型,L2活动级否定,适配外,可否定,未命中该ASIN适配范围,按模块D层级否定,待运营确认
2010 ford f-150 lariat 5.4l power steering racks,SP-KW-MIXS-王云-转向器-手动,268206496571761,B0DWMWLGF3,不相关品牌/车型,L2活动级否定,混合活动其他ASIN适配,可否定（仅广告组）,该ASIN不适配，但同活动其他ASIN适配,仅对该ASIN广告组否定（L3）,待运营确认
2011 kia optima rack and pinion,SP-KW-MIXS-王云-转向器-手动,268206496571761,B0DWMWLGF3,不相关品牌,L2活动级否定,适配外,可否定,未命中该ASIN适配范围,按模块D层级否定,待运营确认
2012 kia optima rack and pinion,SP-KW-MIXS-王云-转向器-手动,268206496571761,B0DWMWLGF3,不相关品牌,L2活动级否定,适配外,可否定,未命中该ASIN适配范围,按模块D层级否定,待运营确认
2014 chrysler 300s rack-and-pinion electrical,SP-KW-MIXS-王云-转向器-手动,268206496571761,B0DWMWLGF3,不相关品牌/车型,L2活动级否定,混合活动其他ASIN适配,可否定（仅广告组）,该ASIN不适配，但同活动其他ASIN适配,仅对该ASIN广告组否定（L3）,待运营确认
2014 chrysler town and country rack and pinion,SP-KW-MIXS-王云-转向器-手动,268206496571761,B0DWMWLGF3,不相关品牌,L2活动级否定,适配外,可否定,未命中该ASIN适配范围,按模块D层级否定,待运营确认
2014 hyundai equus steering rack,SP-KW-MIXS-王云-转向器-手动,268206496571761,B0DWMWLGF3,不相关品牌,L2活动级否定,适配外,可否定,未命中该ASIN适配范围,按模块D层级否定,待运营确认
2018 toyota sienna rack and pinion,SP-KW-MIXS-王云-转向器-手动,268206496571761,B0DWMWLGF3,不相关品牌/车型,L2活动级否定,混合活动其他ASIN适配,可否定（仅广告组）,该ASIN不适配，但同活动其他ASIN适配,仅对该ASIN广告组否定（L3）,待运营确认
chrysler 300 rack and pinion,SP-KW-MIXS-王云-转向器-手动,268206496571761,B0DWMWLGF3,不相关品牌/车型,L2活动级否定,混合活动其他ASIN适配,可否定（仅广告组）,该ASIN不适配，但同活动其他ASIN适配,仅对该ASIN广告组否定（L3）,待运营确认
honda odyssey 2016 steering rack,SP-KW-MIXS-王云-转向器-手动,268206496571761,B0DWMWLGF3,不相关品牌/车型,L2活动级否定,混合活动其他ASIN适配,可否定（仅广告组）,该ASIN不适配，但同活动其他ASIN适配,仅对该ASIN广告组否定（L3）,待运营确认
hydraulic steering rack for ram 1500 2006,SP-KW-MIXS-王云-转向器-手动,268206496571761,B0DWMWLGF3,不相关品牌/车型,L2活动级否定,适配外,可否定,未命中该ASIN适配范围,按模块D层级否定,待运营确认
hydraulic steering rack hyundai accent 2005,SP-KW-MIXS-王云-转向器-手动,268206496571761,B0DWMWLGF3,不相关品牌/车型,L2活动级否定,适配外,可否定,未命中该ASIN适配范围,按模块D层级否定,待运营确认
jeep grand cherokee 2011 steering rack,SP-KW-MIXS-王云-转向器-手动,268206496571761,B0DWMWLGF3,不相关品牌/车型,L2活动级否定,混合活动其他ASIN适配,可否定（仅广告组）,该ASIN不适配，但同活动其他ASIN适配,仅对该ASIN广告组否定（L3）,待运营确认
jeep liberty hydraulic steering rack,SP-KW-MIXS-王云-转向器-手动,268206496571761,B0DWMWLGF3,不相关品牌/车型,L2活动级否定,混合活动其他ASIN适配,可否定（仅广告组）,该ASIN不适配，但同活动其他ASIN适配,仅对该ASIN广告组否定（L3）,待运营确认
power steering rack & pinion assembly for 2011 - 2013 mazda 2 1.5l df7132110b,SP-KW-MIXS-王云-转向器-手动,268206496571761,B0DWMWLGF3,不相关品牌/车型,L2活动级否定,混合活动其他ASIN适配,可否定（仅广告组）,该ASIN不适配，但同活动其他ASIN适配,仅对该ASIN广告组否定（L3）,待运营确认
power steering rack gear fits mitsubishi canter,SP-KW-MIXS-王云-转向器-手动,268206496571761,B0DWMWLGF3,不相关品牌,L2活动级否定,适配外,可否定,未命中该ASIN适配范围,按模块D层级否定,待运营确认
rack and pinion 2011 mitsubishi lancer,SP-KW-MIXS-王云-转向器-手动,268206496571761,B0DWMWLGF3,不相关品牌/车型,L2活动级否定,混合活动其他ASIN适配,可否定（仅广告组）,该ASIN不适配，但同活动其他ASIN适配,仅对该ASIN广告组否定（L3）,待运营确认
rack and pinion bmw 328i 2016,SP-KW-MIXS-王云-转向器-手动,268206496571761,B0DWMWLGF3,不相关品牌/车型,L2活动级否定,适配外,可否定,未命中该ASIN适配范围,按模块D层级否定,待运营确认
rack and pinion for 2006 ford f150 5.4 triton,SP-KW-MIXS-王云-转向器-手动,268206496571761,B0DWMWLGF3,不相关品牌,L2活动级否定,适配外,可否定,未命中该ASIN适配范围,按模块D层级否定,待运营确认
rack and pinion for chevrolet trailblazer ls 2006,SP-KW-MIXS-王云-转向器-手动,268206496571761,B0DWMWLGF3,不相关品牌/车型,L2活动级否定,混合活动其他ASIN适配,可否定（仅广告组）,该ASIN不适配，但同活动其他ASIN适配,仅对该ASIN广告组否定（L3）,待运营确认
rack and pinion steering for 2017 kia sportage,SP-KW-MIXS-王云-转向器-手动,268206496571761,B0DWMWLGF3,不相关品牌/车型,L2活动级否定,适配外,可否定,未命中该ASIN适配范围,按模块D层级否定,待运营确认
rack and pinion toyota rav 4 2008,SP-KW-MIXS-王云-转向器-手动,268206496571761,B0DWMWLGF3,不相关品牌,L2活动级否定,适配外,可否定,未命中该ASIN适配范围,按模块D层级否定,待运营确认
steering rack and pinion for 2014 kia sorento,SP-KW-MIXS-王云-转向器-手动,268206496571761,B0DWMWLGF3,不相关品牌/车型,L2活动级否定,适配外,可否定,未命中该ASIN适配范围,按模块D层级否定,待运营确认
steering rack and pinion for kia sportage 2020,SP-KW-MIXS-王云-转向器-手动,268206496571761,B0DWMWLGF3,不相关品牌/车型,L2活动级否定,适配外,可否定,未命中该ASIN适配范围,按模块D层级否定,待运营确认
steering rack for hyundai sonata,SP-KW-MIXS-王云-转向器-手动,268206496571761,B0DWMWLGF3,不相关品牌/车型,L2活动级否定,混合活动其他ASIN适配,可否定（仅广告组）,该ASIN不适配，但同活动其他ASIN适配,仅对该ASIN广告组否定（L3）,待运营确认
steering rack for hyundai sonata 2013,SP-KW-MIXS-王云-转向器-手动,268206496571761,B0DWMWLGF3,不相关品牌/车型,L2活动级否定,混合活动其他ASIN适配,可否定（仅广告组）,该ASIN不适配，但同活动其他ASIN适配,仅对该ASIN广告组否定（L3）,待运营确认
steering rack honda civic lxs 1.8,SP-KW-MIXS-王云-转向器-手动,268206496571761,B0DWMWLGF3,不相关品牌/车型,L2活动级否定,混合活动其他ASIN适配,可否定（仅广告组）,该ASIN不适配，但同活动其他ASIN适配,仅对该ASIN广告组否定（L3）,待运营确认
toyota camry hybrid 2007-2011 electric power steering rack and pinion oem,SP-KW-MIXS-王云-转向器-手动,268206496571761,B0DWMWLGF3,不相关品牌/车型,L2活动级否定,混合活动其他ASIN适配,可否定（仅广告组）,该ASIN不适配，但同活动其他ASIN适配,仅对该ASIN广告组否定（L3）,待运营确认
14 dodge avenger 3.6 steering rack,SP-KW-MIXS-王云-转向器-手动,268206496571761,B0GR2RS2P2,不相关品牌,L2活动级否定,适配外,可否定,未命中该ASIN适配范围,按模块D层级否定,待运营确认
1999 isuzu amigo rack and pinion,SP-KW-MIXS-王云-转向器-手动,268206496571761,B0GR2RS2P2,不相关品牌,L2活动级否定,适配外,可否定,未命中该ASIN适配范围,按模块D层级否定,待运营确认
2.4l 2005 honda accord rack and pinion,SP-KW-MIXS-王云-转向器-手动,268206496571761,B0GR2RS2P2,不相关品牌/车型,L2活动级否定,混合活动其他ASIN适配,可否定（仅广告组）,该ASIN不适配，但同活动其他ASIN适配,仅对该ASIN广告组否定（L3）,待运营确认
2001 lexus gs 430 rack and pinion,SP-KW-MIXS-王云-转向器-手动,268206496571761,B0GR2RS2P2,不相关品牌,L2活动级否定,适配外,可否定,未命中该ASIN适配范围,按模块D层级否定,待运营确认
2002 jeep liberty steering rack,SP-KW-MIXS-王云-转向器-手动,268206496571761,B0GR2RS2P2,不相关品牌/车型,L2活动级否定,混合活动其他ASIN适配,可否定（仅广告组）,该ASIN不适配，但同活动其他ASIN适配,仅对该ASIN广告组否定（L3）,待运营确认
"2002 toyota prius steering rack""",SP-KW-MIXS-王云-转向器-手动,268206496571761,B0GR2RS2P2,不相关品牌/车型,L2活动级否定,适配外,可否定,未命中该ASIN适配范围,按模块D层级否定,待运营确认
2003 cadillac escalade rack and pinion,SP-KW-MIXS-王云-转向器-手动,268206496571761,B0GR2RS2P2,不相关品牌/车型,L2活动级否定,适配外,可否定,未命中该ASIN适配范围,按模块D层级否定,待运营确认
2003 honda accord ex 2.4 l rack and pinion,SP-KW-MIXS-王云-转向器-手动,268206496571761,B0GR2RS2P2,不相关品牌/车型,L2活动级否定,混合活动其他ASIN适配,可否定（仅广告组）,该ASIN不适配，但同活动其他ASIN适配,仅对该ASIN广告组否定（L3）,待运营确认
2004 gmc savana 1500 power steering rack,SP-KW-MIXS-王云-转向器-手动,268206496571761,B0GR2RS2P2,不相关品牌/车型,L2活动级否定,混合活动其他ASIN适配,可否定（仅广告组）,该ASIN不适配，但同活动其他ASIN适配,仅对该ASIN广告组否定（L3）,待运营确认
2005 acura rsx rack and pinion,SP-KW-MIXS-王云-转向器-手动,268206496571761,B0GR2RS2P2,不相关品牌,L2活动级否定,适配外,可否定,未命中该ASIN适配范围,按模块D层级否定,待运营确认
2005 honda element rack and pinion,SP-KW-MIXS-王云-转向器-手动,268206496571761,B0GR2RS2P2,不相关品牌/车型,L2活动级否定,混合活动其他ASIN适配,可否定（仅广告组）,该ASIN不适配，但同活动其他ASIN适配,仅对该ASIN广告组否定（L3）,待运营确认
2006 honda accord 2.4 rack and pinion lines,SP-KW-MIXS-王云-转向器-手动,268206496571761,B0GR2RS2P2,不相关品牌/车型,L2活动级否定,混合活动其他ASIN适配,可否定（仅广告组）,该ASIN不适配，但同活动其他ASIN适配,仅对该ASIN广告组否定（L3）,待运营确认
2006 honda accord power steering rack and pinion with outer tie roda,SP-KW-MIXS-王云-转向器-手动,268206496571761,B0GR2RS2P2,不相关品牌/车型,L2活动级否定,混合活动其他ASIN适配,可否定（仅广告组）,该ASIN不适配，但同活动其他ASIN适配,仅对该ASIN广告组否定（L3）,待运营确认
2006 honda acura rack and pinion,SP-KW-MIXS-王云-转向器-手动,268206496571761,B0GR2RS2P2,不相关品牌,L2活动级否定,适配外,可否定,未命中该ASIN适配范围,按模块D层级否定,待运营确认
2007 ford ranger steering rack,SP-KW-MIXS-王云-转向器-手动,268206496571761,B0GR2RS2P2,不相关品牌/车型,L2活动级否定,混合活动其他ASIN适配,可否定（仅广告组）,该ASIN不适配，但同活动其他ASIN适配,仅对该ASIN广告组否定（L3）,待运营确认
2008 ford explorer 4.0 power steering rack,SP-KW-MIXS-王云-转向器-手动,268206496571761,B0GR2RS2P2,不相关品牌/车型,L2活动级否定,适配外,可否定,未命中该ASIN适配范围,按模块D层级否定,待运营确认
2008 honda civic rack and pinion,SP-KW-MIXS-王云-转向器-手动,268206496571761,B0GR2RS2P2,不相关品牌/车型,L2活动级否定,混合活动其他ASIN适配,可否定（仅广告组）,该ASIN不适配，但同活动其他ASIN适配,仅对该ASIN广告组否定（L3）,待运营确认
2009 kia optima rack and pinion,SP-KW-MIXS-王云-转向器-手动,268206496571761,B0GR2RS2P2,不相关品牌,L2活动级否定,适配外,可否定,未命中该ASIN适配范围,按模块D层级否定,待运营确认
2009 nissan murano power steering rack,SP-KW-MIXS-王云-转向器-手动,268206496571761,B0GR2RS2P2,不相关品牌/车型,L2活动级否定,适配外,可否定,未命中该ASIN适配范围,按模块D层级否定,待运营确认
2010 ford fusion power steering rack,SP-KW-MIXS-王云-转向器-手动,268206496571761,B0GR2RS2P2,不相关品牌,L2活动级否定,适配外,可否定,未命中该ASIN适配范围,按模块D层级否定,待运营确认
2011 ford fusion rack and pinion,SP-KW-MIXS-王云-转向器-手动,268206496571761,B0GR2RS2P2,不相关品牌,L2活动级否定,适配外,可否定,未命中该ASIN适配范围,按模块D层级否定,待运营确认
2012 toyota camry se rack and pinion,SP-KW-MIXS-王云-转向器-手动,268206496571761,B0GR2RS2P2,不相关品牌/车型,L2活动级否定,混合活动其他ASIN适配,可否定（仅广告组）,该ASIN不适配，但同活动其他ASIN适配,仅对该ASIN广告组否定（L3）,待运营确认
2013 dodge charger rack and pinion,SP-KW-MIXS-王云-转向器-手动,268206496571761,B0GR2RS2P2,不相关品牌/车型,L2活动级否定,混合活动其他ASIN适配,可否定（仅广告组）,该ASIN不适配，但同活动其他ASIN适配,仅对该ASIN广告组否定（L3）,待运营确认
2014 chrysler 300c rack and pinion,SP-KW-MIXS-王云-转向器-手动,268206496571761,B0GR2RS2P2,不相关品牌/车型,L2活动级否定,混合活动其他ASIN适配,可否定（仅广告组）,该ASIN不适配，但同活动其他ASIN适配,仅对该ASIN广告组否定（L3）,待运营确认
2014 kia optima rack and pinion,SP-KW-MIXS-王云-转向器-手动,268206496571761,B0GR2RS2P2,不相关品牌,L2活动级否定,适配外,可否定,未命中该ASIN适配范围,按模块D层级否定,待运营确认
2014 nissan nv200 steering rack,SP-KW-MIXS-王云-转向器-手动,268206496571761,B0GR2RS2P2,不相关品牌,L2活动级否定,适配外,可否定,未命中该ASIN适配范围,按模块D层级否定,待运营确认
2014 ram 1500 rack and pinion,SP-KW-MIXS-王云-转向器-手动,268206496571761,B0GR2RS2P2,不相关品牌/车型,L2活动级否定,适配外,可否定,未命中该ASIN适配范围,按模块D层级否定,待运营确认
2016 dodge journey rack and pinion steering assembly,SP-KW-MIXS-王云-转向器-手动,268206496571761,B0GR2RS2P2,不相关品牌/车型,L2活动级否定,混合活动其他ASIN适配,可否定（仅广告组）,该ASIN不适配，但同活动其他ASIN适配,仅对该ASIN广告组否定（L3）,待运营确认
2016 honda accord rack and pinion,SP-KW-MIXS-王云-转向器-手动,268206496571761,B0GR2RS2P2,不相关品牌/车型,L2活动级否定,适配外,可否定,未命中该ASIN适配范围,按模块D层级否定,待运营确认
2016 ram 1500 electric rack and pinion assembly,SP-KW-MIXS-王云-转向器-手动,268206496571761,B0GR2RS2P2,不相关品牌/车型,L2活动级否定,适配外,可否定,未命中该ASIN适配范围,按模块D层级否定,待运营确认
2018 infiniti q50s rack and pinion,SP-KW-MIXS-王云-转向器-手动,268206496571761,B0GR2RS2P2,不相关品牌,L2活动级否定,适配外,可否定,未命中该ASIN适配范围,按模块D层级否定,待运营确认
2019 ram 1500 rack and pinion,SP-KW-MIXS-王云-转向器-手动,268206496571761,B0GR2RS2P2,不相关品牌/车型,L2活动级否定,适配外,可否定,未命中该ASIN适配范围,按模块D层级否定,待运营确认
bmw rack and pinion,SP-KW-MIXS-王云-转向器-手动,268206496571761,B0GR2RS2P2,不相关品牌,L2活动级否定,适配外,可否定,未命中该ASIN适配范围,按模块D层级否定,待运营确认
dodge ram 1500 rack and pinion eps,SP-KW-MIXS-王云-转向器-手动,268206496571761,B0GR2RS2P2,不相关品牌/车型,L2活动级否定,混合活动其他ASIN适配,可否定（仅广告组）,该ASIN不适配，但同活动其他ASIN适配,仅对该ASIN广告组否定（L3）,待运营确认
electric power steering rack ford f150 2014,SP-KW-MIXS-王云-转向器-手动,268206496571761,B0GR2RS2P2,不相关品牌,L2活动级否定,适配外,可否定,未命中该ASIN适配范围,按模块D层级否定,待运营确认
ford focus 2009 steering rack,SP-KW-MIXS-王云-转向器-手动,268206496571761,B0GR2RS2P2,不相关品牌/车型,L2活动级否定,混合活动其他ASIN适配,可否定（仅广告组）,该ASIN不适配，但同活动其他ASIN适配,仅对该ASIN广告组否定（L3）,待运营确认
ford rack and pinion,SP-KW-MIXS-王云-转向器-手动,268206496571761,B0GR2RS2P2,不相关品牌,L2活动级否定,适配外,可否定,未命中该ASIN适配范围,按模块D层级否定,待运营确认
heavy duty rack and pinion 2007 gmc yukon,SP-KW-MIXS-王云-转向器-手动,268206496571761,B0GR2RS2P2,不相关品牌/车型,L2活动级否定,混合活动其他ASIN适配,可否定（仅广告组）,该ASIN不适配，但同活动其他ASIN适配,仅对该ASIN广告组否定（L3）,待运营确认
honda 262706 steering rack,SP-KW-MIXS-王云-转向器-手动,268206496571761,B0GR2RS2P2,不相关品牌,L2活动级否定,适配外,可否定,未命中该ASIN适配范围,按模块D层级否定,待运营确认
honda element steering rack,SP-KW-MIXS-王云-转向器-手动,268206496571761,B0GR2RS2P2,不相关品牌/车型,L2活动级否定,混合活动其他ASIN适配,可否定（仅广告组）,该ASIN不适配，但同活动其他ASIN适配,仅对该ASIN广告组否定（L3）,待运营确认
hydraulic steering rack for mitsubishi pajero io,SP-KW-MIXS-王云-转向器-手动,268206496571761,B0GR2RS2P2,不相关品牌,L2活动级否定,适配外,可否定,未命中该ASIN适配范围,按模块D层级否定,待运营确认
hydraulic steering rack hyundai elantra 2013,SP-KW-MIXS-王云-转向器-手动,268206496571761,B0GR2RS2P2,不相关品牌/车型,L2活动级否定,混合活动其他ASIN适配,可否定（仅广告组）,该ASIN不适配，但同活动其他ASIN适配,仅对该ASIN广告组否定（L3）,待运营确认
rack and pinion 2005 dodge ram 1500 2 wd,SP-KW-MIXS-王云-转向器-手动,268206496571761,B0GR2RS2P2,不相关品牌/车型,L2活动级否定,混合活动其他ASIN适配,可否定（仅广告组）,该ASIN不适配，但同活动其他ASIN适配,仅对该ASIN广告组否定（L3）,待运营确认
rack and pinion 99 nissan pathfinder,SP-KW-MIXS-王云-转向器-手动,268206496571761,B0GR2RS2P2,不相关品牌,L2活动级否定,适配外,可否定,未命中该ASIN适配范围,按模块D层级否定,待运营确认
rack and pinion bmw 545i 2005,SP-KW-MIXS-王云-转向器-手动,268206496571761,B0GR2RS2P2,不相关品牌,L2活动级否定,适配外,可否定,未命中该ASIN适配范围,按模块D层级否定,待运营确认
rack and pinion for 08 toyota tundra,SP-KW-MIXS-王云-转向器-手动,268206496571761,B0GR2RS2P2,不相关品牌/车型,L2活动级否定,混合活动其他ASIN适配,可否定（仅广告组）,该ASIN不适配，但同活动其他ASIN适配,仅对该ASIN广告组否定（L3）,待运营确认
rack and pinion for a 2001 jeep grand cherokee laredo 4x4,SP-KW-MIXS-王云-转向器-手动,268206496571761,B0GR2RS2P2,不相关品牌/车型,L2活动级否定,适配外,可否定,未命中该ASIN适配范围,按模块D层级否定,待运营确认
rack and pinion for nissan kicks 2018,SP-KW-MIXS-王云-转向器-手动,268206496571761,B0GR2RS2P2,不相关品牌,L2活动级否定,适配外,可否定,未命中该ASIN适配范围,按模块D层级否定,待运营确认
rack and pinion hyundai elantra 2008,SP-KW-MIXS-王云-转向器-手动,268206496571761,B0GR2RS2P2,不相关品牌/车型,L2活动级否定,混合活动其他ASIN适配,可否定（仅广告组）,该ASIN不适配，但同活动其他ASIN适配,仅对该ASIN广告组否定（L3）,待运营确认
rack and pinion nissan titan 2017,SP-KW-MIXS-王云-转向器-手动,268206496571761,B0GR2RS2P2,不相关品牌/车型,L2活动级否定,适配外,可否定,未命中该ASIN适配范围,按模块D层级否定,待运营确认
rack and pinion steering assembly 2005 gmc sierra 1500,SP-KW-MIXS-王云-转向器-手动,268206496571761,B0GR2RS2P2,不相关品牌/车型,L2活动级否定,混合活动其他ASIN适配,可否定（仅广告组）,该ASIN不适配，但同活动其他ASIN适配,仅对该ASIN广告组否定（L3）,待运营确认
rack and pinion steering assembly for 2006 ford focus zx4,SP-KW-MIXS-王云-转向器-手动,268206496571761,B0GR2RS2P2,不相关品牌/车型,L2活动级否定,混合活动其他ASIN适配,可否定（仅广告组）,该ASIN不适配，但同活动其他ASIN适配,仅对该ASIN广告组否定（L3）,待运营确认
rack and pinion steering assembly for bmw 328i 2007,SP-KW-MIXS-王云-转向器-手动,268206496571761,B0GR2RS2P2,不相关品牌/车型,L2活动级否定,适配外,可否定,未命中该ASIN适配范围,按模块D层级否定,待运营确认
rack and pinion steering chrysler town and country 2015,SP-KW-MIXS-王云-转向器-手动,268206496571761,B0GR2RS2P2,不相关品牌,L2活动级否定,适配外,可否定,未命中该ASIN适配范围,按模块D层级否定,待运营确认
steering rack and pinion for 2005 dodge ram 1500 2wd,SP-KW-MIXS-王云-转向器-手动,268206496571761,B0GR2RS2P2,不相关品牌/车型,L2活动级否定,混合活动其他ASIN适配,可否定（仅广告组）,该ASIN不适配，但同活动其他ASIN适配,仅对该ASIN广告组否定（L3）,待运营确认
steering rack and pinion for 2005 ram 1500 2wd,SP-KW-MIXS-王云-转向器-手动,268206496571761,B0GR2RS2P2,不相关品牌/车型,L2活动级否定,适配外,可否定,未命中该ASIN适配范围,按模块D层级否定,待运营确认
steering rack for gmc 2017,SP-KW-MIXS-王云-转向器-手动,268206496571761,B0GR2RS2P2,不相关品牌,L2活动级否定,适配外,可否定,未命中该ASIN适配范围,按模块D层级否定,待运营确认
steering rack for toyota rav4 2004,SP-KW-MIXS-王云-转向器-手动,268206496571761,B0GR2RS2P2,不相关品牌/车型,L2活动级否定,适配外,可否定,未命中该ASIN适配范围,按模块D层级否定,待运营确认
05 dodge dakota slt 4x4 rack and pinion,SP-KW-MIXS-王云-转向器-手动,268206496571761,B0GSCTYV8X,不相关品牌/车型,L2活动级否定,混合活动其他ASIN适配,可否定（仅广告组）,该ASIN不适配，但同活动其他ASIN适配,仅对该ASIN广告组否定（L3）,待运营确认
2000 suzuki vitara steering rack,SP-KW-MIXS-王云-转向器-手动,268206496571761,B0GSCTYV8X,不相关品牌/车型,L2活动级否定,适配外,可否定,未命中该ASIN适配范围,按模块D层级否定,待运营确认
2002 toyota sienna rack and pinion,SP-KW-MIXS-王云-转向器-手动,268206496571761,B0GSCTYV8X,不相关品牌/车型,L2活动级否定,混合活动其他ASIN适配,可否定（仅广告组）,该ASIN不适配，但同活动其他ASIN适配,仅对该ASIN广告组否定（L3）,待运营确认
2003 toyota sienna rack and pinion,SP-KW-MIXS-王云-转向器-手动,268206496571761,B0GSCTYV8X,不相关品牌/车型,L2活动级否定,混合活动其他ASIN适配,可否定（仅广告组）,该ASIN不适配，但同活动其他ASIN适配,仅对该ASIN广告组否定（L3）,待运营确认
2004 bmw 325ci steering rack,SP-KW-MIXS-王云-转向器-手动,268206496571761,B0GSCTYV8X,不相关品牌/车型,L2活动级否定,混合活动其他ASIN适配,可否定（仅广告组）,该ASIN不适配，但同活动其他ASIN适配,仅对该ASIN广告组否定（L3）,待运营确认
2004 nissan 350z rack and pinion,SP-KW-MIXS-王云-转向器-手动,268206496571761,B0GSCTYV8X,适配外年份,L2活动级否定,正确车型/年份,禁止否定,搜索词命中该ASIN适配品牌/车型/年份,从否词清单移除,待运营确认
2005 buick lesabre rack and pinion,SP-KW-MIXS-王云-转向器-手动,268206496571761,B0GSCTYV8X,不相关品牌,L2活动级否定,适配外,可否定,未命中该ASIN适配范围,按模块D层级否定,待运营确认
2005 ford explorer rack and pinion,SP-KW-MIXS-王云-转向器-手动,268206496571761,B0GSCTYV8X,不相关品牌/车型,L2活动级否定,适配外,可否定,未命中该ASIN适配范围,按模块D层级否定,待运营确认
2005 ford f150 4x4 steering rack,SP-KW-MIXS-王云-转向器-手动,268206496571761,B0GSCTYV8X,不相关品牌,L2活动级否定,适配外,可否定,未命中该ASIN适配范围,按模块D层级否定,待运营确认
2005gmc sierra rack and pinion,SP-KW-MIXS-王云-转向器-手动,268206496571761,B0GSCTYV8X,不相关品牌,L2活动级否定,适配外,可否定,未命中该ASIN适配范围,按模块D层级否定,待运营确认
2007 buick rendezvous rack and pinion,SP-KW-MIXS-王云-转向器-手动,268206496571761,B0GSCTYV8X,不相关品牌/车型,L2活动级否定,混合活动其他ASIN适配,可否定（仅广告组）,该ASIN不适配，但同活动其他ASIN适配,仅对该ASIN广告组否定（L3）,待运营确认
2007 dodge ram 5.6 hemi rack and pinion,SP-KW-MIXS-王云-转向器-手动,268206496571761,B0GSCTYV8X,不相关品牌,L2活动级否定,适配外,可否定,未命中该ASIN适配范围,按模块D层级否定,待运营确认
2008 honda accord se 3.5 rack and pinion assy,SP-KW-MIXS-王云-转向器-手动,268206496571761,B0GSCTYV8X,不相关品牌/车型,L2活动级否定,混合活动其他ASIN适配,可否定（仅广告组）,该ASIN不适配，但同活动其他ASIN适配,仅对该ASIN广告组否定（L3）,待运营确认
2009 acura tsx rack and pinion,SP-KW-MIXS-王云-转向器-手动,268206496571761,B0GSCTYV8X,不相关品牌/车型,L2活动级否定,适配外,可否定,未命中该ASIN适配范围,按模块D层级否定,待运营确认
2010 ford f150 single cab long bed 2wd 4.6l steering rack,SP-KW-MIXS-王云-转向器-手动,268206496571761,B0GSCTYV8X,不相关品牌,L2活动级否定,适配外,可否定,未命中该ASIN适配范围,按模块D层级否定,待运营确认
2011 honda odyssey rack and pinion,SP-KW-MIXS-王云-转向器-手动,268206496571761,B0GSCTYV8X,不相关品牌/车型,L2活动级否定,混合活动其他ASIN适配,可否定（仅广告组）,该ASIN不适配，但同活动其他ASIN适配,仅对该ASIN广告组否定（L3）,待运营确认
2012 ford fusion 3.0 rack and pinion electric,SP-KW-MIXS-王云-转向器-手动,268206496571761,B0GSCTYV8X,不相关品牌,L2活动级否定,适配外,可否定,未命中该ASIN适配范围,按模块D层级否定,待运营确认
2013 ford explorer rack and pinion,SP-KW-MIXS-王云-转向器-手动,268206496571761,B0GSCTYV8X,不相关品牌/车型,L2活动级否定,适配外,可否定,未命中该ASIN适配范围,按模块D层级否定,待运营确认
2013 honda accord rack and pinion used,SP-KW-MIXS-王云-转向器-手动,268206496571761,B0GSCTYV8X,不相关品牌/车型,L2活动级否定,适配外,可否定,未命中该ASIN适配范围,按模块D层级否定,待运营确认
2014 dodge dart steering rack,SP-KW-MIXS-王云-转向器-手动,268206496571761,B0GSCTYV8X,不相关品牌,L2活动级否定,适配外,可否定,未命中该ASIN适配范围,按模块D层级否定,待运营确认
2014 ford mustang rack and pinion,SP-KW-MIXS-王云-转向器-手动,268206496571761,B0GSCTYV8X,不相关品牌/车型,L2活动级否定,适配外,可否定,未命中该ASIN适配范围,按模块D层级否定,待运营确认
ford explorer 2004 steering rack,SP-KW-MIXS-王云-转向器-手动,268206496571761,B0GSCTYV8X,不相关品牌/车型,L2活动级否定,适配外,可否定,未命中该ASIN适配范围,按模块D层级否定,待运营确认
ford explorer 2011 steering rack,SP-KW-MIXS-王云-转向器-手动,268206496571761,B0GSCTYV8X,不相关品牌/车型,L2活动级否定,适配外,可否定,未命中该ASIN适配范围,按模块D层级否定,待运营确认
ford focus hydraulic steering rack,SP-KW-MIXS-王云-转向器-手动,268206496571761,B0GSCTYV8X,不相关品牌/车型,L2活动级否定,混合活动其他ASIN适配,可否定（仅广告组）,该ASIN不适配，但同活动其他ASIN适配,仅对该ASIN广告组否定（L3）,待运营确认
"honda accord gear assembly, steering, rack and pinion",SP-KW-MIXS-王云-转向器-手动,268206496571761,B0GSCTYV8X,不相关品牌/车型,L2活动级否定,混合活动其他ASIN适配,可否定（仅广告组）,该ASIN不适配，但同活动其他ASIN适配,仅对该ASIN广告组否定（L3）,待运营确认
hydraulic steering rack ford limited 2015,SP-KW-MIXS-王云-转向器-手动,268206496571761,B0GSCTYV8X,不相关品牌,L2活动级否定,适配外,可否定,未命中该ASIN适配范围,按模块D层级否定,待运营确认
hydraulic steering rack honda civic 2012 1.8,SP-KW-MIXS-王云-转向器-手动,268206496571761,B0GSCTYV8X,不相关品牌/车型,L2活动级否定,适配外,可否定,未命中该ASIN适配范围,按模块D层级否定,待运营确认
hydraulic steering rack honda pilot 2007,SP-KW-MIXS-王云-转向器-手动,268206496571761,B0GSCTYV8X,不相关品牌/车型,L2活动级否定,混合活动其他ASIN适配,可否定（仅广告组）,该ASIN不适配，但同活动其他ASIN适配,仅对该ASIN广告组否定（L3）,待运营确认
hyundai kona 2021 car rack and pinion,SP-KW-MIXS-王云-转向器-手动,268206496571761,B0GSCTYV8X,不相关品牌,L2活动级否定,适配外,可否定,未命中该ASIN适配范围,按模块D层级否定,待运营确认
i have a 2006 ford f. 154.2 i need a power steering rack and pinion for the truck what would it cost,SP-KW-MIXS-王云-转向器-手动,268206496571761,B0GSCTYV8X,不相关品牌,L2活动级否定,适配外,可否定,未命中该ASIN适配范围,按模块D层级否定,待运营确认
manual steering rack and pinion assembly compatible with hyundai santa fe 2013-2018,SP-KW-MIXS-王云-转向器-手动,268206496571761,B0GSCTYV8X,不相关品牌/车型,L2活动级否定,混合活动其他ASIN适配,可否定（仅广告组）,该ASIN不适配，但同活动其他ASIN适配,仅对该ASIN广告组否定（L3）,待运营确认
philtop electronic power steering rack and pinion compatible with hyundai elantra 2012,SP-KW-MIXS-王云-转向器-手动,268206496571761,B0GSCTYV8X,不相关品牌/车型,L2活动级否定,混合活动其他ASIN适配,可否定（仅广告组）,该ASIN不适配，但同活动其他ASIN适配,仅对该ASIN广告组否定（L3）,待运营确认
rack and pinion 2008 ford focus,SP-KW-MIXS-王云-转向器-手动,268206496571761,B0GSCTYV8X,不相关品牌/车型,L2活动级否定,混合活动其他ASIN适配,可否定（仅广告组）,该ASIN不适配，但同活动其他ASIN适配,仅对该ASIN广告组否定（L3）,待运营确认
rack and pinion 2013 hyundai santa fe sport,SP-KW-MIXS-王云-转向器-手动,268206496571761,B0GSCTYV8X,不相关品牌/车型,L2活动级否定,混合活动其他ASIN适配,可否定（仅广告组）,该ASIN不适配，但同活动其他ASIN适配,仅对该ASIN广告组否定（L3）,待运营确认
rack and pinion cadillac eldorado,SP-KW-MIXS-王云-转向器-手动,268206496571761,B0GSCTYV8X,不相关品牌,L2活动级否定,适配外,可否定,未命中该ASIN适配范围,按模块D层级否定,待运营确认
rack and pinion for honda odyssey 2012,SP-KW-MIXS-王云-转向器-手动,268206496571761,B0GSCTYV8X,不相关品牌/车型,L2活动级否定,混合活动其他ASIN适配,可否定（仅广告组）,该ASIN不适配，但同活动其他ASIN适配,仅对该ASIN广告组否定（L3）,待运营确认
rack and pinion with servotronics2007 audi a4,SP-KW-MIXS-王云-转向器-手动,268206496571761,B0GSCTYV8X,不相关品牌/车型,L2活动级否定,适配外,可否定,未命中该ASIN适配范围,按模块D层级否定,待运营确认
rhd steering rack bmw 318i e46 sedan,SP-KW-MIXS-王云-转向器-手动,268206496571761,B0GSCTYV8X,不相关品牌/车型,L2活动级否定,混合活动其他ASIN适配,可否定（仅广告组）,该ASIN不适配，但同活动其他ASIN适配,仅对该ASIN广告组否定（L3）,待运营确认
steering rack 2009 dodge ram hemi,SP-KW-MIXS-王云-转向器-手动,268206496571761,B0GSCTYV8X,不相关品牌,L2活动级否定,适配外,可否定,未命中该ASIN适配范围,按模块D层级否定,待运营确认
subaru impreza 2014 2.0l electric rack and pinion,SP-KW-MIXS-王云-转向器-手动,268206496571761,B0GSCTYV8X,不相关品牌/车型,L2活动级否定,混合活动其他ASIN适配,可否定（仅广告组）,该ASIN不适配，但同活动其他ASIN适配,仅对该ASIN广告组否定（L3）,待运营确认
subaru rack and pinion,SP-KW-MIXS-王云-转向器-手动,268206496571761,B0GSCTYV8X,不相关品牌,L2活动级否定,适配外,可否定,未命中该ASIN适配范围,按模块D层级否定,待运营确认
toyota sienna 2001 hydraulic steering rack,SP-KW-MIXS-王云-转向器-手动,268206496571761,B0GSCTYV8X,不相关品牌/车型,L2活动级否定,混合活动其他ASIN适配,可否定（仅广告组）,该ASIN不适配，但同活动其他ASIN适配,仅对该ASIN广告组否定（L3）,待运营确认
2004 ford f150 rack and pinion,SP-AUTO-MIXS-王云-转向器-KC4PSP16300,282011808707200,B0FQP6BVPQ,不相关品牌,L2活动级否定,适配外,可否定,未命中该ASIN适配范围,按模块D层级否定,待运营确认
2008 ford f150 4+4 rack and pinion,SP-AUTO-MIXS-王云-转向器-KC4PSP16300,282011808707200,B0GR467465,不相关品牌,L2活动级否定,适配外,可否定,未命中该ASIN适配范围,按模块D层级否定,待运营确认
1993 toyota corolla rack and pinion,SP-KW-MIXS-王云-转向器-KC4PSP15800,285575805306790,B0DQY5LGZ1,适配外年份,L2活动级否定,正确车型/年份,禁止否定,搜索词命中该ASIN适配品牌/车型/年份,从否词清单移除,待运营确认
2006 hyundai accent rack and pinion,SP-KW-MIXS-王云-转向器-KX4SGE16800,286701403790955,B0FCY4HGCF,适配外年份,L2活动级否定,正确车型/年份,禁止否定,搜索词命中该ASIN适配品牌/车型/年份,从否词清单移除,待运营确认
2000 ford ranger rack and pinion,SP-KW-MIXS-王云-转向器-KC4SGE00500,286788515056225,B0DSDQJT1S,适配外年份,L2活动级否定,正确车型/年份,禁止否定,搜索词命中该ASIN适配品牌/车型/年份,从否词清单移除,待运营确认
2000 ford ranger steering rack and pinion,SP-KW-MIXS-王云-转向器-KC4SGE00500,286788515056225,B0GR3ZV3TR,适配外年份,L2活动级否定,正确车型/年份,禁止否定,搜索词命中该ASIN适配品牌/车型/年份,从否词清单移除,待运营确认
steering rack for 2012-2017 toyota camry | 1-pc | a-premium appsr120,SP-KW-MIXS-王云-转向器-KC4SGE05500,287264640879468,B0F6LJCHXW,适配外年份,L2活动级否定,正确车型/年份,禁止否定,搜索词命中该ASIN适配品牌/车型/年份,从否词清单移除,待运营确认
2017 jeep compass 2.4 rack and pinion,SP-KW-MIXS-王云-转向器-KX4SGE09100,289758084695247,B0H6WGBZ8Q,适配外年份,L2活动级否定,正确车型/年份,禁止否定,搜索词命中该ASIN适配品牌/车型/年份,从否词清单移除,待运营确认
rack and pinion toyota rav4 2013,SP-KW-MIXS-王云-转向器-PT4SGE18700,291009935197784,B0FLY3VDV4,适配外年份,L2活动级否定,正确车型/年份,禁止否定,搜索词命中该ASIN适配品牌/车型/年份,从否词清单移除,待运营确认
hydraulic steering rack dodge dakota 2000 3.9,SP-AUTO-MIXS-王云-转向器-KC4SGE04600,291078970738237,B0DPCXMDMM,适配外年份,L2活动级否定,正确车型/年份,禁止否定,搜索词命中该ASIN适配品牌/车型/年份,从否词清单移除,待运营确认
hydraulic steering rack dodge caravan 3.3 l v6 2005,SP-KW-MIXS-王云-转向器-KX4SGE10100,291579047709623,B0GR4M4ZM7,适配外年份,L2活动级否定,正确车型/年份,禁止否定,搜索词命中该ASIN适配品牌/车型/年份,从否词清单移除,待运营确认
2005 dodge grand caravan rack and pinion,SP-KW-MIXS-王云-转向器-KX4SGE10100,291579047709623,B0H6W8QSG9,适配外年份,L2活动级否定,正确车型/年份,禁止否定,搜索词命中该ASIN适配品牌/车型/年份,从否词清单移除,待运营确认
rack and pinion for 2005 chrysler town and country,SP-KW-MIXS-王云-转向器-KX4SGE10100,291579047709623,B0H6W8QSG9,不相关品牌,L2活动级否定,适配外,可否定,未命中该ASIN适配范围,按模块D层级否定,待运营确认
2008 pontiac g6 rack and pinion,SP-KW-MIXS-王云-转向器-PT4SGE20500,292680179653479,B0FCXQK488,适配外年份,L2活动级否定,正确车型/年份,禁止否定,搜索词命中该ASIN适配品牌/车型/年份,从否词清单移除,待运营确认
2007 dodge ram 1500 rack and pinion,SP-KW-MIXS-王云-转向器-KC4SGE00800,294425490142228,B0GQZ61FG1,适配外年份,L2活动级否定,正确车型/年份,禁止否定,搜索词命中该ASIN适配品牌/车型/年份,从否词清单移除,待运营确认
rack and pinion 2010 dodge ram 1500 4x4,SP-KW-MIXS-王云-转向器-KC4SGE00800,294425490142228,B0GQZ61FG1,适配外年份,L2活动级否定,正确车型/年份,禁止否定,搜索词命中该ASIN适配品牌/车型/年份,从否词清单移除,待运营确认
ram 1500 2010 steering rack,SP-KW-MIXS-王云-转向器-KC4SGE00800,294425490142228,B0GQZ61FG1,不相关品牌/车型,L2活动级否定,适配外,可否定,未命中该ASIN适配范围,按模块D层级否定,待运营确认
2002 toyota camry steering rack,SP-KW-BR-王云-转向器-B0F9P3352C-KX4SGE08600,297688755543342,B0F9P3352C,适配外年份,L2活动级否定,正确车型/年份,禁止否定,搜索词命中该ASIN适配品牌/车型/年份,从否词清单移除,待运营确认
2014 kia optima rack and pinion,SP-kw-Mix-转向器-王云-PT4SGE26200-重点,300351629242340,B0DWMTDRJB,不相关品牌,L2活动级否定,适配外,可否定,未命中该ASIN适配范围,按模块D层级否定,待运营确认
"2015 kia optima 2.4 steering rack and pinion”, o “steering gear”, o en español “cremallera de dirección kia",SP-kw-Mix-转向器-王云-PT4SGE26200-重点,300351629242340,B0DWMTDRJB,不相关品牌,L2活动级否定,适配外,可否定,未命中该ASIN适配范围,按模块D层级否定,待运营确认
steering rack for kia optima 2015,SP-kw-Mix-转向器-王云-PT4SGE26200-重点,300351629242340,B0DWMTDRJB,不相关品牌,L2活动级否定,适配外,可否定,未命中该ASIN适配范围,按模块D层级否定,待运营确认
2015 hyundai tucson 2.5 rack and pinion,SP-kw-Mix-转向器-王云-PT4SGE26200-重点,300351629242340,B0DWMTDRJB,适配外年份,L2活动级否定,正确车型/年份,禁止否定,搜索词命中该ASIN适配品牌/车型/年份,从否词清单移除,待运营确认
kia sportage 2016 revolution steering rack,SP-kw-Mix-转向器-王云-PT4SGE26200-重点,300351629242340,B0DWMTDRJB,适配外年份,L2活动级否定,正确车型/年份,禁止否定,搜索词命中该ASIN适配品牌/车型/年份,从否词清单移除,待运营确认
steering rack for hyundai tucson 2016 1.6 l,SP-kw-Mix-转向器-王云-PT4SGE26200-重点,300351629242340,B0DWMTDRJB,不相关品牌/车型,L2活动级否定,适配外,可否定,未命中该ASIN适配范围,按模块D层级否定,待运营确认
2008 buick lucerne rack and pinion 3800,SP-KW-MIXS-王云-转向器-PT4SGE27900,301924735109143,B0F66YZG6G,适配外年份,L2活动级否定,正确车型/年份,禁止否定,搜索词命中该ASIN适配品牌/车型/年份,从否词清单移除,待运营确认
2010 gmc sierra 1500 rack and pinion,SP-KW-BR-王云-转向器-B0F6LMJFW7-KC4PSP16200,304261490340020,B0F6LMJFW7,适配外年份,L2活动级否定,正确车型/年份,禁止否定,搜索词命中该ASIN适配品牌/车型/年份,从否词清单移除,待运营确认
2003 toyota camry rack and pinion,SP-KW-MIXS-王云-转向器-KX4SGE08600,304702232567773,B0GR4KL1YV,适配外年份,L2活动级否定,正确车型/年份,禁止否定,搜索词命中该ASIN适配品牌/车型/年份,从否词清单移除,待运营确认
toyota rack and pinion,SP-KW-MIXS-王云-转向器-KX4SGE08600,304702232567773,B0GR4KL1YV,不相关品牌,L2活动级否定,适配外,可否定,未命中该ASIN适配范围,按模块D层级否定,待运营确认
hyundai santafe steering rack rubber,SP-KW-MIXS-王云-转向器-PT4SGE19600,304960509164834,B0DWMSHL7S,不相关品牌,L2活动级否定,适配外,可否定,未命中该ASIN适配范围,按模块D层级否定,待运营确认
manual steering rack and pinion assembly compatible with hyundai santa fe 2013-2018,SP-KW-MIXS-王云-转向器-PT4SGE19600,304960509164834,B0GR48CMY4,适配外年份,L2活动级否定,正确车型/年份,禁止否定,搜索词命中该ASIN适配品牌/车型/年份,从否词清单移除,待运营确认
2007 honda crv rack and pinion,SP-KW-MIXS-王云-转向器-KC4SGE04700,305552428551389,B0DPCWSF3G,不相关品牌,L2活动级否定,适配外,可否定,未命中该ASIN适配范围,按模块D层级否定,待运营确认
2009 honda crv rack and pinion,SP-KW-MIXS-王云-转向器-KC4SGE04700,305552428551389,B0DPCWSF3G,不相关品牌,L2活动级否定,适配外,可否定,未命中该ASIN适配范围,按模块D层级否定,待运营确认
2011 honda crv rack and pinion,SP-KW-MIXS-王云-转向器-KC4SGE04700,305552428551389,B0DPCWSF3G,不相关品牌,L2活动级否定,适配外,可否定,未命中该ASIN适配范围,按模块D层级否定,待运营确认
honda crv rack and pinion,SP-KW-MIXS-王云-转向器-KC4SGE04700,305552428551389,B0DPCWSF3G,不相关品牌,L2活动级否定,适配外,可否定,未命中该ASIN适配范围,按模块D层级否定,待运营确认
honda crv rack and pinion right hand drive all wheel kits 2007,SP-KW-MIXS-王云-转向器-KC4SGE04700,305552428551389,B0DPCWSF3G,不相关品牌,L2活动级否定,适配外,可否定,未命中该ASIN适配范围,按模块D层级否定,待运营确认
hydraulic steering rack honda cr-v 2007,SP-KW-MIXS-王云-转向器-KC4SGE04700,305552428551389,B0DPCWSF3G,适配外年份,L2活动级否定,正确车型/年份,禁止否定,搜索词命中该ASIN适配品牌/车型/年份,从否词清单移除,待运营确认
toyota camry hybrid 2007-2011 electric power steering rack and pinion oem,SP-AUTO-MIXS-王云-转向器-KC4SGE01800,308590308570177,B0H6WDHXH5,适配外年份,L2活动级否定,正确车型/年份,禁止否定,搜索词命中该ASIN适配品牌/车型/年份,从否词清单移除,待运营确认
2009 hyundai santa fe rack and pinion,SP-KW-MIXS-王云-转向器-KX4SGE14700,309453625967530,B0DPCZ3SPZ,适配外年份,L2活动级否定,正确车型/年份,禁止否定,搜索词命中该ASIN适配品牌/车型/年份,从否词清单移除,待运营确认
2012 mitsubishi lancer steering rack,SP-AUTO-MIXS-王云-转向器-KX4SGE17700,312612243601189,B0DPCWN73Z,适配外年份,L2活动级否定,正确车型/年份,禁止否定,搜索词命中该ASIN适配品牌/车型/年份,从否词清单移除,待运营确认
hydraulic steering rack hyundai santa fe 2002,SP-KW-MIXS-王云-转向器-KC4SGE05000,313628450835140,B0F6LV1CVP,适配外年份,L2活动级否定,正确车型/年份,禁止否定,搜索词命中该ASIN适配品牌/车型/年份,从否词清单移除,待运营确认
toyota sienna 2001 hydraulic steering rack,SP-KW-BR-王云-转向器-B0DPCXS49Q-KX4SGE17100,314896288390667,B0DPCXS49Q,适配外年份,L2活动级否定,正确车型/年份,禁止否定,搜索词命中该ASIN适配品牌/车型/年份,从否词清单移除,待运营确认
set power steering rack and pinion nissan quest 2007 both sides,SP-KW-MIXS-王云-转向器-KC4SGE01200,315156417930204,B0DPCWLPQ4,适配外年份,L2活动级否定,正确车型/年份,禁止否定,搜索词命中该ASIN适配品牌/车型/年份,从否词清单移除,待运营确认
2008 chevrolet equinox rack and pinion,SP-KW-MIXS-王云-转向器-PT4SGE26600,317441049496195,B0F671XZ98,适配外年份,L2活动级否定,正确车型/年份,禁止否定,搜索词命中该ASIN适配品牌/车型/年份,从否词清单移除,待运营确认
2004 lexus rx330 rack and pinion,SP-KW-MIXS-王云-转向器-KC4PSP17700,321185844966604,B0GQZ8BTP9,适配外年份,L2活动级否定,正确车型/年份,禁止否定,搜索词命中该ASIN适配品牌/车型/年份,从否词清单移除,待运营确认
hydraulic steering rack toyota highlander 2005,SP-KW-MIXS-王云-转向器-KC4PSP17700,321185844966604,B0GQZ8BTP9,适配外年份,L2活动级否定,正确车型/年份,禁止否定,搜索词命中该ASIN适配品牌/车型/年份,从否词清单移除,待运营确认
steering rack chevrolet trax 2018 acdelco,SP-KW-MIXS-王云-转向器-PT4SGE20800,325595994693392,B0GR4TWF3D,适配外年份,L2活动级否定,正确车型/年份,禁止否定,搜索词命中该ASIN适配品牌/车型/年份,从否词清单移除,待运营确认
1998 nissan sentra rack and pinion,SP-KW-MIXS-王云-转向器-PT4SGE27500,325682400937210,B0DWMVBR7Q,适配外年份,L2活动级否定,正确车型/年份,禁止否定,搜索词命中该ASIN适配品牌/车型/年份,从否词清单移除,待运营确认
steering rack for nissan sentra 2005,SP-KW-MIXS-王云-转向器-KC4SGE03300,329394352515939,B0GR345J7B,适配外年份,L2活动级否定,正确车型/年份,禁止否定,搜索词命中该ASIN适配品牌/车型/年份,从否词清单移除,待运营确认
rack and pinion toyota rav4 2016 japan built,SP-KW-MIXS-王云-转向器-PT4SGE19100,329468485032754,B0FCXRVNRZ,适配外年份,L2活动级否定,正确车型/年份,禁止否定,搜索词命中该ASIN适配品牌/车型/年份,从否词清单移除,待运营确认
rack and pinion toyota rav4 2013,SP-KW-MIXS-王云-转向器-PT4SGE19100,329468485032754,B0GR322BJM,适配外年份,L2活动级否定,正确车型/年份,禁止否定,搜索词命中该ASIN适配品牌/车型/年份,从否词清单移除,待运营确认
2005 dodge ram rack and pinion,SP-KW-MIXS-王云-转向器-KX4SGE12600,330961875891986,B0F9P2Y523,不相关品牌,L2活动级否定,适配外,可否定,未命中该ASIN适配范围,按模块D层级否定,待运营确认
rack and pinion hyundai veloster 2014,SP-KW-BR-王云-转向器-B0DWMTXQZK-PT4SGE19800,336524135926368,B0DWMTXQZK,适配外年份,L2活动级否定,正确车型/年份,禁止否定,搜索词命中该ASIN适配品牌/车型/年份,从否词清单移除,待运营确认
2003 cartier l lincoln town car rack and pinion,SP-KW-MIXS-王云-转向器-KX4SGE13100,341748835267968,B0DWMVRNCJ,适配外年份,L2活动级否定,正确车型/年份,禁止否定,搜索词命中该ASIN适配品牌/车型/年份,从否词清单移除,待运营确认
2001 lexus rx300 steering rack,SP-KW-BR-王云-转向器-B0DPCX66CY-KX4SGE16500,347733884649482,B0DPCX66CY,适配外年份,L2活动级否定,正确车型/年份,禁止否定,搜索词命中该ASIN适配品牌/车型/年份,从否词清单移除,待运营确认
2001 toyota sequoia rack and pinion,SP-KW-MIXS-王云-转向器-KC4PSP16000,349503289774864,B0CBPGMQHF,适配外年份,L2活动级否定,正确车型/年份,禁止否定,搜索词命中该ASIN适配品牌/车型/年份,从否词清单移除,待运营确认
repair kit for toyota townace steering rack,SP-KW-MIXS-王云-转向器-KC4PSP16000,349503289774864,B0CBS97JLD,不相关品牌,L2活动级否定,适配外,可否定,未命中该ASIN适配范围,按模块D层级否定,待运营确认
steering rack for toyota tundra 2006,SP-KW-MIXS-王云-转向器-KC4PSP16000,349503289774864,B0CBS97JLD,适配外年份,L2活动级否定,正确车型/年份,禁止否定,搜索词命中该ASIN适配品牌/车型/年份,从否词清单移除,待运营确认
2003 toyota tundra steering rack,SP-KW-MIXS-王云-转向器-KC4PSP16000,349503289774864,B0F6LMJQMC,适配外年份,L2活动级否定,正确车型/年份,禁止否定,搜索词命中该ASIN适配品牌/车型/年份,从否词清单移除,待运营确认
2016 hyundai accent rack and pinion,SP-KW-MIXS-王云-转向器-PT4SGE19900,349982971199966,B0GR36VYQS,适配外年份,L2活动级否定,正确车型/年份,禁止否定,搜索词命中该ASIN适配品牌/车型/年份,从否词清单移除,待运营确认
2004 honda pilot steering rack,SP-KW-BR-王云-转向器-B0DPCXH2PS-KC4PSP16700,351206533667751,B0DPCXH2PS,适配外年份,L2活动级否定,正确车型/年份,禁止否定,搜索词命中该ASIN适配品牌/车型/年份,从否词清单移除,待运营确认
2005 honda pilot rack and pinion,SP-KW-BR-王云-转向器-B0DPCXH2PS-KC4PSP16700,351206533667751,B0DPCXH2PS,适配外年份,L2活动级否定,正确车型/年份,禁止否定,搜索词命中该ASIN适配品牌/车型/年份,从否词清单移除,待运营确认
2014 ford f150 rack and pinion,SP-AUTO-MIXS-王云-转向器-KX4SGE13500,359639073501443,B0GR4377DH,不相关品牌,L2活动级否定,适配外,可否定,未命中该ASIN适配范围,按模块D层级否定,待运营确认
f150 7102ford f150 rack and pinion,SP-AUTO-MIXS-王云-转向器-KX4SGE13500,359639073501443,B0H6WGSHB4,不相关品牌,L2活动级否定,适配外,可否定,未命中该ASIN适配范围,按模块D层级否定,待运营确认
1996 honda accord rack and pinion,SP-KW-BR-王云-转向器-B0DWMSG3ML-KX4SGE15200,362438534178874,B0DWMSG3ML,适配外年份,L2活动级否定,正确车型/年份,禁止否定,搜索词命中该ASIN适配品牌/车型/年份,从否词清单移除,待运营确认
power steering rack and pinion assembly for 2003-2004 nissan,SP-KW-MIXS-王云-转向器-KC4SGE02400,364260386744016,B0DM952QZC,不相关品牌,L2活动级否定,适配外,可否定,未命中该ASIN适配范围,按模块D层级否定,待运营确认
2007 toyota tundra 2wd rack and pinion,SP-KW-MIXS-王云-转向器-KX4SGE07700,369823666272133,B0GR31KW4H,适配外年份,L2活动级否定,正确车型/年份,禁止否定,搜索词命中该ASIN适配品牌/车型/年份,从否词清单移除,待运营确认
2013 toyota tundra steering rack,SP-KW-MIXS-王云-转向器-KX4SGE07700,369823666272133,B0GR31KW4H,适配外年份,L2活动级否定,正确车型/年份,禁止否定,搜索词命中该ASIN适配品牌/车型/年份,从否词清单移除,待运营确认
2014 toyota tundra 5.7 rack and pinion,SP-KW-MIXS-王云-转向器-KX4SGE07700,369823666272133,B0GR31KW4H,适配外年份,L2活动级否定,正确车型/年份,禁止否定,搜索词命中该ASIN适配品牌/车型/年份,从否词清单移除,待运营确认
rack and pinion for toyota tundra 2012 4.6 v8,SP-KW-MIXS-王云-转向器-KX4SGE07700,369823666272133,B0GR31KW4H,适配外年份,L2活动级否定,正确车型/年份,禁止否定,搜索词命中该ASIN适配品牌/车型/年份,从否词清单移除,待运营确认
steering rack for toyota tundra year 2013,SP-KW-MIXS-王云-转向器-KX4SGE07700,369823666272133,B0GR31KW4H,适配外年份,L2活动级否定,正确车型/年份,禁止否定,搜索词命中该ASIN适配品牌/车型/年份,从否词清单移除,待运营确认
2012 toyota tundra 5.7 rack and pinion,SP-KW-MIXS-王云-转向器-KX4SGE07700,369823666272133,B0GR3S95R7,适配外年份,L2活动级否定,正确车型/年份,禁止否定,搜索词命中该ASIN适配品牌/车型/年份,从否词清单移除,待运营确认
2011 toyota tundra rack and pinion,SP-KW-MIXS-王云-转向器-KX4SGE07700,369823666272133,B0GR3S95R7,适配外年份,L2活动级否定,正确车型/年份,禁止否定,搜索词命中该ASIN适配品牌/车型/年份,从否词清单移除,待运营确认
rack and pinion toyota tundra 2008,SP-KW-MIXS-王云-转向器-KX4SGE07700,369823666272133,B0GR4N1CBL,适配外年份,L2活动级否定,正确车型/年份,禁止否定,搜索词命中该ASIN适配品牌/车型/年份,从否词清单移除,待运营确认
rack and pinion for toyota tundra 2012 4.6 v8,SP-KW-MIXS-王云-转向器-KX4SGE07700,369823666272133,B0H6WBQ8GH,适配外年份,L2活动级否定,正确车型/年份,禁止否定,搜索词命中该ASIN适配品牌/车型/年份,从否词清单移除,待运营确认
2007 hummer h3 steering rack,SP-KW-MIXS-王云-转向器-KC4SGE01400,370854053393636,B0DPCX6ZS9,适配外年份,L2活动级否定,正确车型/年份,禁止否定,搜索词命中该ASIN适配品牌/车型/年份,从否词清单移除,待运营确认
2006 hummer h3 rack and pinion kit,SP-KW-MIXS-王云-转向器-KC4SGE01400,370854053393636,B0FCXXTN63,适配外年份,L2活动级否定,正确车型/年份,禁止否定,搜索词命中该ASIN适配品牌/车型/年份,从否词清单移除,待运营确认
ford f150 rack and pinion,SP-KW-BR-王云-转向器-B0DPCX4KJV-KX4SGE08100,371418180162499,B0DPCX4KJV,不相关品牌,L2活动级否定,适配外,可否定,未命中该ASIN适配范围,按模块D层级否定,待运营确认
hydraulic steering rack for ford f150 2010,SP-KW-BR-王云-转向器-B0DPCX4KJV-KX4SGE08100,371418180162499,B0DPCX4KJV,不相关品牌,L2活动级否定,适配外,可否定,未命中该ASIN适配范围,按模块D层级否定,待运营确认
2003 gmc envoy rack and pinion,SP-KW-MIXS-王云-转向器-KC4PSP18000,375873629245611,B0GCMGPV1W,适配外年份,L2活动级否定,正确车型/年份,禁止否定,搜索词命中该ASIN适配品牌/车型/年份,从否词清单移除,待运营确认
2004 gmc envoy rack and pinion,SP-KW-MIXS-王云-转向器-KC4PSP18000,375873629245611,B0GCMGPV1W,适配外年份,L2活动级否定,正确车型/年份,禁止否定,搜索词命中该ASIN适配品牌/车型/年份,从否词清单移除,待运营确认
2006 gmc envoy rack and pinion,SP-KW-MIXS-王云-转向器-KC4PSP18000,375873629245611,B0GCMGPV1W,适配外年份,L2活动级否定,正确车型/年份,禁止否定,搜索词命中该ASIN适配品牌/车型/年份,从否词清单移除,待运营确认
2006 isuzu ascender rack and pinion,SP-KW-MIXS-王云-转向器-KC4PSP18000,375873629245611,B0GCMGPV1W,适配外年份,L2活动级否定,正确车型/年份,禁止否定,搜索词命中该ASIN适配品牌/车型/年份,从否词清单移除,待运营确认
2007 gmc envoy rack and pinion,SP-KW-MIXS-王云-转向器-KC4PSP18000,375873629245611,B0GQZG719H,适配外年份,L2活动级否定,正确车型/年份,禁止否定,搜索词命中该ASIN适配品牌/车型/年份,从否词清单移除,待运营确认
2007 isuzu ascender s rack and pinion,SP-KW-MIXS-王云-转向器-KC4PSP18000,375873629245611,B0GQZG719H,适配外年份,L2活动级否定,正确车型/年份,禁止否定,搜索词命中该ASIN适配品牌/车型/年份,从否词清单移除,待运营确认
2005 nissan murano awd power steering rack new,SP-KW-MIXS-王云-转向器-PT4SGE21500,375931766963882,B0GR4CBM9C,适配外年份,L2活动级否定,正确车型/年份,禁止否定,搜索词命中该ASIN适配品牌/车型/年份,从否词清单移除,待运营确认
2005 nissan murano power steering rack good quality and warranty,SP-KW-MIXS-王云-转向器-PT4SGE21500,375931766963882,B0GR4CBM9C,适配外年份,L2活动级否定,正确车型/年份,禁止否定,搜索词命中该ASIN适配品牌/车型/年份,从否词清单移除,待运营确认
2006 nissan murano awd rack and pinion,SP-KW-MIXS-王云-转向器-PT4SGE21500,375931766963882,B0GR4CBM9C,适配外年份,L2活动级否定,正确车型/年份,禁止否定,搜索词命中该ASIN适配品牌/车型/年份,从否词清单移除,待运营确认
2010 kia forte rack and pinion,SP-KW-BR-王云-转向器-B0FLY1BWD5-KX4SGE15400,376419719320595,B0FLY1BWD5,适配外年份,L2活动级否定,正确车型/年份,禁止否定,搜索词命中该ASIN适配品牌/车型/年份,从否词清单移除,待运营确认
2011 kia forte rack and pinion,SP-KW-BR-王云-转向器-B0FLY1BWD5-KX4SGE15400,376419719320595,B0FLY1BWD5,适配外年份,L2活动级否定,正确车型/年份,禁止否定,搜索词命中该ASIN适配品牌/车型/年份,从否词清单移除,待运营确认
2019 nissan sentra rack and pinion,SP-KW-MIXS-王云-转向器-PT4SGE18300,377212123053514,B0H6WPRBFM,适配外年份,L2活动级否定,正确车型/年份,禁止否定,搜索词命中该ASIN适配品牌/车型/年份,从否词清单移除,待运营确认
rack and pinion 2016 nissan sentra,SP-KW-MIXS-王云-转向器-PT4SGE18300,377212123053514,B0H6WPRBFM,适配外年份,L2活动级否定,正确车型/年份,禁止否定,搜索词命中该ASIN适配品牌/车型/年份,从否词清单移除,待运营确认
rack and pinion for nissan sentra 2016 1.8 l,SP-KW-MIXS-王云-转向器-PT4SGE18300,377212123053514,B0H6WPRBFM,适配外年份,L2活动级否定,正确车型/年份,禁止否定,搜索词命中该ASIN适配品牌/车型/年份,从否词清单移除,待运营确认
1999 toyota sienna rack and pinion,SP-KW-MIXS-王云-转向器-KC4PSP17100,380521994144171,B0F9P2Q85P,适配外年份,L2活动级否定,正确车型/年份,禁止否定,搜索词命中该ASIN适配品牌/车型/年份,从否词清单移除,待运营确认
steering rack for a 2010 hyundai elantra,SP-KW-MIXS-王云-转向器-PT4SGE23900,383481604790145,B0DWMWNV9V,适配外年份,L2活动级否定,正确车型/年份,禁止否定,搜索词命中该ASIN适配品牌/车型/年份,从否词清单移除,待运营确认
2006 subaru tribeca steering rack,SP-KW-MIXS-王云-转向器-PT4SGE22800,391929569886115,B0GR3G98M1,不相关品牌/车型,L2活动级否定,适配外,可否定,未命中该ASIN适配范围,按模块D层级否定,待运营确认
2008 toyota tacoma rack and pinion,SP-KW-MIXS-王云-转向器-KX4SGE13700,396016186690011,B0DPCXKHXJ,适配外年份,L2活动级否定,正确车型/年份,禁止否定,搜索词命中该ASIN适配品牌/车型/年份,从否词清单移除,待运营确认
2010 toyota sienna rack and pinion,SP-KW-MIXS-王云-转向器-KC4SGE02500,397594581728985,B0DPCWYNV6,适配外年份,L2活动级否定,正确车型/年份,禁止否定,搜索词命中该ASIN适配品牌/车型/年份,从否词清单移除,待运营确认
rack and pinion assembly toyota venza 2009 286430,SP-KW-MIXS-王云-转向器-KC4SGE02500,397594581728985,B0DPCWYNV6,不相关品牌,L2活动级否定,适配外,可否定,未命中该ASIN适配范围,按模块D层级否定,待运营确认
2008 toyota sienna rack and pinion,SP-KW-MIXS-王云-转向器-KC4SGE02500,397594581728985,B0FLY2GTR9,适配外年份,L2活动级否定,正确车型/年份,禁止否定,搜索词命中该ASIN适配品牌/车型/年份,从否词清单移除,待运营确认
hydraulic steering rack for toyota sienna 2006 le,SP-KW-MIXS-王云-转向器-KC4SGE02500,397594581728985,B0FLY2GTR9,适配外年份,L2活动级否定,正确车型/年份,禁止否定,搜索词命中该ASIN适配品牌/车型/年份,从否词清单移除,待运营确认
2006 toyota sienna steering rack,SP-KW-MIXS-王云-转向器-KC4SGE02500,397594581728985,B0GR4FJFKY,适配外年份,L2活动级否定,正确车型/年份,禁止否定,搜索词命中该ASIN适配品牌/车型/年份,从否词清单移除,待运营确认
complete power steering rack and pinion assembly for toyota sienna 2008,SP-KW-MIXS-王云-转向器-KC4SGE02500,397594581728985,B0GR4FJFKY,适配外年份,L2活动级否定,正确车型/年份,禁止否定,搜索词命中该ASIN适配品牌/车型/年份,从否词清单移除,待运营确认
1974 1978 ford manual steering rack,SP-AUTO-MIXS-王云-转向器-KC4SGE00100,399049815300747,B0DPQLLN9D,不相关品牌,L2活动级否定,适配外,可否定,未命中该ASIN适配范围,按模块D层级否定,待运营确认
1974-1978 ford manual steering rack,SP-AUTO-MIXS-王云-转向器-KC4SGE00100,399049815300747,B0DPQLLN9D,不相关品牌,L2活动级否定,适配外,可否定,未命中该ASIN适配范围,按模块D层级否定,待运营确认
2010 nissan versa hatchback sl rack and pinion,SP-KW-MIXS-王云-转向器-PT4SGE26000,409236748546590,B0GR4PVZMB,适配外年份,L2活动级否定,正确车型/年份,禁止否定,搜索词命中该ASIN适配品牌/车型/年份,从否词清单移除,待运营确认
nissan versa hatchback 2010 steering rack,SP-KW-MIXS-王云-转向器-PT4SGE26000,409236748546590,B0GR4PVZMB,适配外年份,L2活动级否定,正确车型/年份,禁止否定,搜索词命中该ASIN适配品牌/车型/年份,从否词清单移除,待运营确认
rack and pinion nissan versa 2009,SP-KW-MIXS-王云-转向器-PT4SGE26000,409236748546590,B0GR4PVZMB,适配外年份,L2活动级否定,正确车型/年份,禁止否定,搜索词命中该ASIN适配品牌/车型/年份,从否词清单移除,待运营确认
2004 pontiac gto power steering rack n pinion,SP-KW-MIXS-王云-转向器-PT4SGE23100,409258553642061,B0GR4HTKZV,适配外年份,L2活动级否定,正确车型/年份,禁止否定,搜索词命中该ASIN适配品牌/车型/年份,从否词清单移除,待运营确认
rack and pinion chevrolet colorado 2005,SP-KW-BR-王云-转向器-B0DPCWP8WR-KX4SGE14900,410610371881705,B0DPCWP8WR,适配外年份,L2活动级否定,正确车型/年份,禁止否定,搜索词命中该ASIN适配品牌/车型/年份,从否词清单移除,待运营确认
2010 honda pilot rack and pinion,SP-KW-MIXS-王云-转向器-KX4SGE09200,418523720092459,B0F66ZGCVQ,适配外年份,L2活动级否定,正确车型/年份,禁止否定,搜索词命中该ASIN适配品牌/车型/年份,从否词清单移除,待运营确认
rack and pinion jeep grand cherokee 2014,SP-KW-MIXS-王云-转向器-PT4SGE24000,430189376389594,B0H6WL71LG,适配外年份,L2活动级否定,正确车型/年份,禁止否定,搜索词命中该ASIN适配品牌/车型/年份,从否词清单移除,待运营确认
hydraulic steering rack honda accord 2000,SP-KW-MIXS-王云-转向器-KC4SGE02900,430961491465642,B0F9P6TGR8,适配外年份,L2活动级否定,正确车型/年份,禁止否定,搜索词命中该ASIN适配品牌/车型/年份,从否词清单移除,待运营确认
2013 toyota corolla rack and pinion japan built,SP-AUTO-MIXS-王云-转向器-KC4SGE03500,433520460507450,B0H6W9LK57,适配外年份,L2活动级否定,正确车型/年份,禁止否定,搜索词命中该ASIN适配品牌/车型/年份,从否词清单移除,待运营确认
2000 toyota tacoma rack and pinion,SP-KW-MIXS-王云-转向器-KX4SGE14500,435199703309566,B0DR17PR85,适配外年份,L2活动级否定,正确车型/年份,禁止否定,搜索词命中该ASIN适配品牌/车型/年份,从否词清单移除,待运营确认
2002 toyota tacoma steering rack bushings,SP-KW-MIXS-王云-转向器-KX4SGE14500,435199703309566,B0F6LQ1KNV,适配外年份,L2活动级否定,正确车型/年份,禁止否定,搜索词命中该ASIN适配品牌/车型/年份,从否词清单移除,待运营确认
2003 toyota tacoma rack and pinion bushings,SP-KW-MIXS-王云-转向器-KX4SGE14500,435199703309566,B0F6LQ1KNV,适配外年份,L2活动级否定,正确车型/年份,禁止否定,搜索词命中该ASIN适配品牌/车型/年份,从否词清单移除,待运营确认
"steering rack and pinion for toyota 11-15 sienna, steering rack and pinion assembly 2011 2012 2013 2014 2015 replacement",SP-KW-MIXS-王云-转向器-PT4SGE26100,439718848290303,B0FLY4J24Z,适配外年份,L2活动级否定,正确车型/年份,禁止否定,搜索词命中该ASIN适配品牌/车型/年份,从否词清单移除,待运营确认
2014 ram 1500 electronic power steering rack,SP-AUTO-MIXS-王云-转向器-PT4SGE24100,441600428422762,B0GR4K8L8W,不相关品牌/车型,L2活动级否定,适配外,可否定,未命中该ASIN适配范围,按模块D层级否定,待运营确认
ford flex 2009 steering rack and pinion,SP-AUTO-MIXS-王云-转向器-KX4SGE11100,451129904825195,B0DPCX2GY5,适配外年份,L2活动级否定,正确车型/年份,禁止否定,搜索词命中该ASIN适配品牌/车型/年份,从否词清单移除,待运营确认
2004 acura tsx rack and pinion,SP-KW-EX-王云-转向器-B0CRB2W852,451694095287426,B0CRB2W852,适配外年份,L2活动级否定,正确车型/年份,禁止否定,搜索词命中该ASIN适配品牌/车型/年份,从否词清单移除,待运营确认
2003 bmw 325i rack and pinion,SP-KW-MIXS-王云-转向器-KC4PSP17600,452489399212700,B0H6WMSZF1,适配外年份,L2活动级否定,正确车型/年份,禁止否定,搜索词命中该ASIN适配品牌/车型/年份,从否词清单移除,待运营确认
2001 pontiac firebird rack and pinion,SP-KW-MIXS-王云-转向器-PT4SGE28200,454570506752966,B0G7JMS6RP,适配外年份,L2活动级否定,正确车型/年份,禁止否定,搜索词命中该ASIN适配品牌/车型/年份,从否词清单移除,待运营确认
rack and pinion mejorado toyota tacoma 2008,SP-KW-MIXS-王云-转向器-KC4PSP18200,463781884745227,B0F671NLKP,适配外年份,L2活动级否定,正确车型/年份,禁止否定,搜索词命中该ASIN适配品牌/车型/年份,从否词清单移除,待运营确认
steering rack for toyota tacoma 2008 original,SP-KW-MIXS-王云-转向器-KC4PSP18200,463781884745227,B0F671NLKP,适配外年份,L2活动级否定,正确车型/年份,禁止否定,搜索词命中该ASIN适配品牌/车型/年份,从否词清单移除,待运营确认
rack and pinion toyota tacoma 2006,SP-KW-MIXS-王云-转向器-KC4PSP18200,463781884745227,B0F6LRJSGY,适配外年份,L2活动级否定,正确车型/年份,禁止否定,搜索词命中该ASIN适配品牌/车型/年份,从否词清单移除,待运营确认
steering rack for toyota tacoma 2008 original,SP-KW-MIXS-王云-转向器-KC4PSP18200,463781884745227,B0F6LRJSGY,适配外年份,L2活动级否定,正确车型/年份,禁止否定,搜索词命中该ASIN适配品牌/车型/年份,从否词清单移除,待运营确认
2007 dodge dakota rack and pinion,SP-KW-MIXS-王云-转向器-KC4PSP17800,465328045215178,B0DL55X91S,适配外年份,L2活动级否定,正确车型/年份,禁止否定,搜索词命中该ASIN适配品牌/车型/年份,从否词清单移除,待运营确认
1978 ford pinto steering rack,SP-KW-MIXS-王云-转向器-KC4SGE00100,470750437173061,B0DPQLLN9D,适配外年份,L2活动级否定,正确车型/年份,禁止否定,搜索词命中该ASIN适配品牌/车型/年份,从否词清单移除,待运营确认
toyota camry 2001 v6 rack and pinion part,SP-KW-MIXS-王云-转向器-KC4SGE04300,474062958733071,B0DSDP4HXC,适配外年份,L2活动级否定,正确车型/年份,禁止否定,搜索词命中该ASIN适配品牌/车型/年份,从否词清单移除,待运营确认
2001 toyota avalon rack and pinion,SP-KW-MIXS-王云-转向器-KC4SGE04300,474062958733071,B0GR4QK84Z,适配外年份,L2活动级否定,正确车型/年份,禁止否定,搜索词命中该ASIN适配品牌/车型/年份,从否词清单移除,待运营确认
2004 toyota avalon rack and pinion,SP-KW-MIXS-王云-转向器-KC4SGE04300,474062958733071,B0GR4QK84Z,适配外年份,L2活动级否定,正确车型/年份,禁止否定,搜索词命中该ASIN适配品牌/车型/年份,从否词清单移除,待运营确认
2011 nissan maxima power steering rack,SP-KW-MIXS-王云-转向器-KX4SGE12700,484733306076830,B0DSZLTFTL,适配外年份,L2活动级否定,正确车型/年份,禁止否定,搜索词命中该ASIN适配品牌/车型/年份,从否词清单移除,待运营确认
2007 chevrolet impala 3.5 rack and pinion,SP-AUTO-MIXS-王云-转向器-KC4PSP16600,485493807932199,B0GR4G3W29,适配外年份,L2活动级否定,正确车型/年份,禁止否定,搜索词命中该ASIN适配品牌/车型/年份,从否词清单移除,待运营确认
2007 chevrolet impala rack and pinion,SP-AUTO-MIXS-王云-转向器-KC4PSP16600,485493807932199,B0GR4G3W29,适配外年份,L2活动级否定,正确车型/年份,禁止否定,搜索词命中该ASIN适配品牌/车型/年份,从否词清单移除,待运营确认
kit de reparación para rack and pinion de chevrolet impala 2006,SP-AUTO-MIXS-王云-转向器-KC4PSP16600,485493807932199,B0GR4G3W29,适配外年份,L2活动级否定,正确车型/年份,禁止否定,搜索词命中该ASIN适配品牌/车型/年份,从否词清单移除,待运营确认
rack and pinion 2004 honda accord v6 3.0,SP-AUTO-MIXS-王云-转向器-KC4SGE01600,486084287091914,B0GR4R8THQ,适配外年份,L2活动级否定,正确车型/年份,禁止否定,搜索词命中该ASIN适配品牌/车型/年份,从否词清单移除,待运营确认
steering rack gmc 2500 2010,SP-KW-MIXS-王云-转向器-KX4SGE12400,486332328709661,B0DWMWW45F,不相关品牌,L2活动级否定,适配外,可否定,未命中该ASIN适配范围,按模块D层级否定,待运营确认
2010 kia forte rack and pinion detroit axle,SP-KW-MIXS-王云-转向器-KX4SGE15400,486787564067278,B0GR45XNHQ,适配外年份,L2活动级否定,正确车型/年份,禁止否定,搜索词命中该ASIN适配品牌/车型/年份,从否词清单移除,待运营确认
steering rack for jeep liberty 2004,SP-KW-MIXS-王云-转向器-PT4SGE25400,487174028535475,B0DWMVP2YN,适配外年份,L2活动级否定,正确车型/年份,禁止否定,搜索词命中该ASIN适配品牌/车型/年份,从否词清单移除,待运营确认
2002 rack and pinion jeep liberty,SP-KW-MIXS-王云-转向器-PT4SGE25400,487174028535475,B0GR2JB11S,适配外年份,L2活动级否定,正确车型/年份,禁止否定,搜索词命中该ASIN适配品牌/车型/年份,从否词清单移除,待运营确认
2006 hummer h3 rack and pinion,SP-KW-MIXS-王云-转向器-KX4SGE17300,488545506203634,B0GR52L5DW,适配外年份,L2活动级否定,正确车型/年份,禁止否定,搜索词命中该ASIN适配品牌/车型/年份,从否词清单移除,待运营确认
2006 hummer h3 steering rack,SP-KW-MIXS-王云-转向器-KX4SGE17300,488545506203634,B0GR52L5DW,适配外年份,L2活动级否定,正确车型/年份,禁止否定,搜索词命中该ASIN适配品牌/车型/年份,从否词清单移除,待运营确认
2009 hummer h3 steering rack,SP-KW-MIXS-王云-转向器-KX4SGE17300,488545506203634,B0GR52L5DW,适配外年份,L2活动级否定,正确车型/年份,禁止否定,搜索词命中该ASIN适配品牌/车型/年份,从否词清单移除,待运营确认
hummer h3 sport 2006 steering rack,SP-KW-MIXS-王云-转向器-KX4SGE17300,488545506203634,B0GR52L5DW,适配外年份,L2活动级否定,正确车型/年份,禁止否定,搜索词命中该ASIN适配品牌/车型/年份,从否词清单移除,待运营确认
2008 honda crv rack and pinion bolts,SP-KW-MIXS-王云-转向器-KX4SGE08800,490530429102719,B0F671XPRK,不相关品牌,L2活动级否定,适配外,可否定,未命中该ASIN适配范围,按模块D层级否定,待运营确认
rack and pinion 2009 dodge nitro,SP-KW-MIXS-王云-转向器-PT4SGE24900,493207170739890,B0GR45VKKR,适配外年份,L2活动级否定,正确车型/年份,禁止否定,搜索词命中该ASIN适配品牌/车型/年份,从否词清单移除,待运营确认
2008 jeep liberty rack and pinion,SP-KW-MIXS-王云-转向器-PT4SGE24900,493207170739890,B0H6WKXNV3,适配外年份,L2活动级否定,正确车型/年份,禁止否定,搜索词命中该ASIN适配品牌/车型/年份,从否词清单移除,待运营确认
2021nissan sentra rack and pinion,SP-KW-MIXS-王云-转向器-KC4SGE00300,495781270781270,B0FCXRVNRV,不相关品牌/车型,L2活动级否定,适配外,可否定,未命中该ASIN适配范围,按模块D层级否定,待运营确认
rack and pinion steering assembly toyota corolla 2004,SP-KW-MIXS-王云-转向器-KX4SGE08500,497328677045073,B0GCNDR2G5,适配外年份,L2活动级否定,正确车型/年份,禁止否定,搜索词命中该ASIN适配品牌/车型/年份,从否词清单移除,待运营确认
hydraulic steering rack toyota corolla 2003,SP-KW-MIXS-王云-转向器-KX4SGE08500,497328677045073,B0GR4GJ96D,适配外年份,L2活动级否定,正确车型/年份,禁止否定,搜索词命中该ASIN适配品牌/车型/年份,从否词清单移除,待运营确认
rack and pinion steering for toyota corolla 2007,SP-KW-MIXS-王云-转向器-KX4SGE08500,497328677045073,B0GR4GJ96D,适配外年份,L2活动级否定,正确车型/年份,禁止否定,搜索词命中该ASIN适配品牌/车型/年份,从否词清单移除,待运营确认
hydraulic steering rack for mitsubishi pajero io,SP-KW-MIXS-王云-转向器-KC4SGE01700,499585670008575,B0GQZL592F,不相关品牌,L2活动级否定,适配外,可否定,未命中该ASIN适配范围,按模块D层级否定,待运营确认
2004 hyundai elantra rack and pinion kit,SP-KW-MIXS-王云-转向器-KC4SGE04200,500980641186169,B0DPCXPSCH,适配外年份,L2活动级否定,正确车型/年份,禁止否定,搜索词命中该ASIN适配品牌/车型/年份,从否词清单移除,待运营确认
hydraulic steering rack for toyota rav4 2003,SP-KW-MIXS-王云-转向器-KC4SGE03400,508321324710812,B0CPLZXQ14,适配外年份,L2活动级否定,正确车型/年份,禁止否定,搜索词命中该ASIN适配品牌/车型/年份,从否词清单移除,待运营确认
toyota 2002 rav4 rack and pinion oil seal,SP-KW-MIXS-王云-转向器-KC4SGE03400,508321324710812,B0CPLZXQ14,适配外年份,L2活动级否定,正确车型/年份,禁止否定,搜索词命中该ASIN适配品牌/车型/年份,从否词清单移除,待运营确认
2002 toyota rav4 japanese steering rack,SP-KW-MIXS-王云-转向器-KC4SGE03400,508321324710812,B0DPCWQQCS,适配外年份,L2活动级否定,正确车型/年份,禁止否定,搜索词命中该ASIN适配品牌/车型/年份,从否词清单移除,待运营确认
2003 toyota rav4 rack and pinion bushes,SP-KW-MIXS-王云-转向器-KC4SGE03400,508321324710812,B0GR45RYFH,适配外年份,L2活动级否定,正确车型/年份,禁止否定,搜索词命中该ASIN适配品牌/车型/年份,从否词清单移除,待运营确认
honda crv rack and pinion,SP-KW-MIXS-王云-转向器-KC4PSP15900,508698268817487,B0DPMWTLZB,不相关品牌,L2活动级否定,适配外,可否定,未命中该ASIN适配范围,按模块D层级否定,待运营确认
1998 honda crv rack and pinion,SP-KW-MIXS-王云-转向器-KC4PSP15900,508698268817487,B0F6LRP4ZW,不相关品牌,L2活动级否定,适配外,可否定,未命中该ASIN适配范围,按模块D层级否定,待运营确认
honda crv rack and pinion,SP-KW-MIXS-王云-转向器-KC4PSP15900,508698268817487,B0F6LRP4ZW,不相关品牌,L2活动级否定,适配外,可否定,未命中该ASIN适配范围,按模块D层级否定,待运营确认
2017 jeep patriot sport 2.4 engine rack and pinion,SP-AUTO-MIXS-王云-转向器-KX4SGE09700,509416468570480,B0DPCXSHJ8,适配外年份,L2活动级否定,正确车型/年份,禁止否定,搜索词命中该ASIN适配品牌/车型/年份,从否词清单移除,待运营确认
2004 acura tsx rack and pinion,SP-KW-BR-王云-转向器-B0DPCWXT64-KC4PSP17900,516321833791923,B0DPCWXT64,适配外年份,L2活动级否定,正确车型/年份,禁止否定,搜索词命中该ASIN适配品牌/车型/年份,从否词清单移除,待运营确认
2005 acura tsx rack and pinion,SP-KW-BR-王云-转向器-B0DPCWXT64-KC4PSP17900,516321833791923,B0DPCWXT64,适配外年份,L2活动级否定,正确车型/年份,禁止否定,搜索词命中该ASIN适配品牌/车型/年份,从否词清单移除,待运营确认
2006 acura tsx rack and pinion,SP-KW-BR-王云-转向器-B0DPCWXT64-KC4PSP17900,516321833791923,B0DPCWXT64,适配外年份,L2活动级否定,正确车型/年份,禁止否定,搜索词命中该ASIN适配品牌/车型/年份,从否词清单移除,待运营确认
2007 acura tsx rack and pinion,SP-KW-BR-王云-转向器-B0DPCWXT64-KC4PSP17900,516321833791923,B0DPCWXT64,适配外年份,L2活动级否定,正确车型/年份,禁止否定,搜索词命中该ASIN适配品牌/车型/年份,从否词清单移除,待运营确认
power steering rack and pinion acura 2004 tsx,SP-KW-BR-王云-转向器-B0DPCWXT64-KC4PSP17900,516321833791923,B0DPCWXT64,适配外年份,L2活动级否定,正确车型/年份,禁止否定,搜索词命中该ASIN适配品牌/车型/年份,从否词清单移除,待运营确认
power steering rack pinion for acura 2004 tsx,SP-KW-BR-王云-转向器-B0DPCWXT64-KC4PSP17900,516321833791923,B0DPCWXT64,适配外年份,L2活动级否定,正确车型/年份,禁止否定,搜索词命中该ASIN适配品牌/车型/年份,从否词清单移除,待运营确认
2003 toyota camry rack and pinion,SP-KW-MIXS-王云-转向器王云-KC4SGE01800,520517159687618,B0GQZFFJLK,适配外年份,L2活动级否定,正确车型/年份,禁止否定,搜索词命中该ASIN适配品牌/车型/年份,从否词清单移除,待运营确认
2008 lexus es350 rack and pinion,SP-KW-MIXS-王云-转向器王云-KC4SGE01800,520517159687618,B0GQZFFJLK,适配外年份,L2活动级否定,正确车型/年份,禁止否定,搜索词命中该ASIN适配品牌/车型/年份,从否词清单移除,待运营确认
2008 lexus es350 rack and pinion delco,SP-KW-MIXS-王云-转向器王云-KC4SGE01800,520517159687618,B0GQZFFJLK,适配外年份,L2活动级否定,正确车型/年份,禁止否定,搜索词命中该ASIN适配品牌/车型/年份,从否词清单移除,待运营确认
2008 lexus es350 rack and pinion,SP-KW-MIXS-王云-转向器王云-KC4SGE01800,520517159687618,B0H6WDHXH5,适配外年份,L2活动级否定,正确车型/年份,禁止否定,搜索词命中该ASIN适配品牌/车型/年份,从否词清单移除,待运营确认
2006 nissan altima 2.5 rack and pinion,SP-KW-MIXS-王云-转向器-KX4SGE12900,523641136226609,B0FCXVNLJ6,适配外年份,L2活动级否定,正确车型/年份,禁止否定,搜索词命中该ASIN适配品牌/车型/年份,从否词清单移除,待运营确认
2010 ford f150 single cab long bed 2wd 4.6l steering rack,SP-KW-MIXS-王云-转向器-KX4SGE08100,525385083960750,B0DPCX4KJV,不相关品牌,L2活动级否定,适配外,可否定,未命中该ASIN适配范围,按模块D层级否定,待运营确认
ford f150 rack and pinion,SP-KW-MIXS-王云-转向器-KX4SGE08100,525385083960750,B0DPCX4KJV,不相关品牌,L2活动级否定,适配外,可否定,未命中该ASIN适配范围,按模块D层级否定,待运营确认
2010 toyota prius rim 15 rack and pinion,SP-KW-MIXS-王云-转向器-PT4SGE19400,526083272319115,B0F6LJ6TSH,适配外年份,L2活动级否定,正确车型/年份,禁止否定,搜索词命中该ASIN适配品牌/车型/年份,从否词清单移除,待运营确认
2008 toyota rav4 steering rack,SP-KW-MIXS-王云-转向器-PT4SGE18500,529005462384968,B0GR2TR2DP,适配外年份,L2活动级否定,正确车型/年份,禁止否定,搜索词命中该ASIN适配品牌/车型/年份,从否词清单移除,待运营确认
2005 acura mdx rack and pinion,SP-KW-MIXS-王云-转向器-KC4SGE03200,532938447458537,B0GR2RVVV3,适配外年份,L2活动级否定,正确车型/年份,禁止否定,搜索词命中该ASIN适配品牌/车型/年份,从否词清单移除,待运营确认
2006 acura mdx steering rack,SP-KW-MIXS-王云-转向器-KC4SGE03200,532938447458537,B0GR2RVVV3,适配外年份,L2活动级否定,正确车型/年份,禁止否定,搜索词命中该ASIN适配品牌/车型/年份,从否词清单移除,待运营确认
rack and pinion hyundai elantra 2008,SP-KW-MIXS-王云-转向器-PT4SGE21100,534000652392994,B0F673XCCG,适配外年份,L2活动级否定,正确车型/年份,禁止否定,搜索词命中该ASIN适配品牌/车型/年份,从否词清单移除,待运营确认
2001 lexus rx300 steering rack,SP-KW-MIXS-王云-转向器-KX4SGE16500,534587547932822,B0DPZS1LTK,适配外年份,L2活动级否定,正确车型/年份,禁止否定,搜索词命中该ASIN适配品牌/车型/年份,从否词清单移除,待运营确认
2009 ford flex power steering rack,SP-KW-MIXS-王云-转向器-KX4SGE11100,535719948259660,B0DSPSL9SX,适配外年份,L2活动级否定,正确车型/年份,禁止否定,搜索词命中该ASIN适配品牌/车型/年份,从否词清单移除,待运营确认
2010 ford flex rack and pinion,SP-KW-MIXS-王云-转向器-KX4SGE11100,535719948259660,B0DSPSL9SX,适配外年份,L2活动级否定,正确车型/年份,禁止否定,搜索词命中该ASIN适配品牌/车型/年份,从否词清单移除,待运营确认
2008 ford taurus x rack and pinion,SP-KW-MIXS-王云-转向器-KX4SGE11100,535719948259660,B0GR4QK87D,适配外年份,L2活动级否定,正确车型/年份,禁止否定,搜索词命中该ASIN适配品牌/车型/年份,从否词清单移除,待运营确认
rack and pinion for 2003 lexus rx 300,SP-AUTO-MIXS-王云-转向器-KX4SGE16500,537249647343945,B0DPCX66CY,不相关品牌,L2活动级否定,适配外,可否定,未命中该ASIN适配范围,按模块D层级否定,待运营确认
2005 ford f150 4x4 steering rack,SP-AUTO-MIXS-王云-转向器-KC4SGE05100,537848717797431,B0F9P56J5K,不相关品牌,L2活动级否定,适配外,可否定,未命中该ASIN适配范围,按模块D层级否定,待运营确认
rack and pinion steering assembly 2000 ford mustang,SP-AUTO-MIXS-王云-转向器-KC4SGE05400,542890146622068,B0F9P3N6DH,适配外年份,L2活动级否定,正确车型/年份,禁止否定,搜索词命中该ASIN适配品牌/车型/年份,从否词清单移除,待运营确认
ford mustang 2002 rack and pinion,SP-AUTO-MIXS-王云-转向器-KC4SGE05400,542890146622068,B0GR4KDGGX,适配外年份,L2活动级否定,正确车型/年份,禁止否定,搜索词命中该ASIN适配品牌/车型/年份,从否词清单移除,待运营确认
2011 ford f150 rack and pinion,SP-KW-BR-王云-转向器-B0F9P2QX6Z-KX4SGE13500,543696485885271,B0F9P2QX6Z,不相关品牌,L2活动级否定,适配外,可否定,未命中该ASIN适配范围,按模块D层级否定,待运营确认
2013 ford f series trucks rack and pinion,SP-KW-BR-王云-转向器-B0F9P2QX6Z-KX4SGE13500,543696485885271,B0F9P2QX6Z,不相关品牌,L2活动级否定,适配外,可否定,未命中该ASIN适配范围,按模块D层级否定,待运营确认
2014 ford f150 rack and pinion,SP-KW-BR-王云-转向器-B0F9P2QX6Z-KX4SGE13500,543696485885271,B0F9P2QX6Z,不相关品牌,L2活动级否定,适配外,可否定,未命中该ASIN适配范围,按模块D层级否定,待运营确认
1998 toyota 4runner rack and pinion,SP-KW-MIXS-王云-转向器-B0DPCXYMH5,543861515199004,B0DPCXYMH5,适配外年份,L2活动级否定,正确车型/年份,禁止否定,搜索词命中该ASIN适配品牌/车型/年份,从否词清单移除,待运营确认
2000 toyota 4runner rack and pinion seal,SP-KW-MIXS-王云-转向器-B0DPCXYMH5,543861515199004,B0DPCXYMH5,适配外年份,L2活动级否定,正确车型/年份,禁止否定,搜索词命中该ASIN适配品牌/车型/年份,从否词清单移除,待运营确认
2008 honda odyssey power steering rack,SP-KW-MIXS-王云-转向器-KX4SGE10900,544581359831705,B0F672VQYZ,适配外年份,L2活动级否定,正确车型/年份,禁止否定,搜索词命中该ASIN适配品牌/车型/年份,从否词清单移除,待运营确认
hydraulic steering rack honda odyssey 2010,SP-KW-MIXS-王云-转向器-KX4SGE10900,544581359831705,B0F672VQYZ,适配外年份,L2活动级否定,正确车型/年份,禁止否定,搜索词命中该ASIN适配品牌/车型/年份,从否词清单移除,待运营确认
2009 honda odyssey steering rack,SP-KW-MIXS-王云-转向器-KX4SGE10900,544581359831705,B0G7HT21MV,适配外年份,L2活动级否定,正确车型/年份,禁止否定,搜索词命中该ASIN适配品牌/车型/年份,从否词清单移除,待运营确认
toyota sienna 2001 hydraulic steering rack,SP-KW-MIXS-王云-转向器-KX4SGE17100,546400871758991,B0DWJXRXNM,适配外年份,L2活动级否定,正确车型/年份,禁止否定,搜索词命中该ASIN适配品牌/车型/年份,从否词清单移除,待运营确认
2002 toyota sienna rack and pinion,SP-KW-MIXS-王云-转向器-KX4SGE17100,546400871758991,B0GR4TZZVL,适配外年份,L2活动级否定,正确车型/年份,禁止否定,搜索词命中该ASIN适配品牌/车型/年份,从否词清单移除,待运营确认
2003 toyota sienna rack and pinion,SP-KW-MIXS-王云-转向器-KX4SGE17100,546400871758991,B0GR4TZZVL,适配外年份,L2活动级否定,正确车型/年份,禁止否定,搜索词命中该ASIN适配品牌/车型/年份,从否词清单移除,待运营确认
rack and pinion for a 2002 toyota sienna,SP-KW-MIXS-王云-转向器-KX4SGE17100,546400871758991,B0GR4TZZVL,适配外年份,L2活动级否定,正确车型/年份,禁止否定,搜索词命中该ASIN适配品牌/车型/年份,从否词清单移除,待运营确认
rack and pinion steering assembly nissan maxima 2009 2014,SP-KW-BR-王云-转向器-B0F6734V72-KX4SGE12700,549601474247645,B0F6734V72,适配外年份,L2活动级否定,正确车型/年份,禁止否定,搜索词命中该ASIN适配品牌/车型/年份,从否词清单移除,待运营确认
rack and pinion toyota sienna 2020,SP-KW-MIXS-王云-转向器-PT4SGE19200,558882070291307,B0GR4C16WD,适配外年份,L2活动级否定,正确车型/年份,禁止否定,搜索词命中该ASIN适配品牌/车型/年份,从否词清单移除,待运营确认
"steering rack and pinion for toyota 11-15 sienna, steering rack and pinion assembly 2011 2012 2013 2014 2015 replacement",SP-KW-MIXS-王云-转向器-PT4SGE19200,558882070291307,B0GR4C16WD,适配外年份,L2活动级否定,正确车型/年份,禁止否定,搜索词命中该ASIN适配品牌/车型/年份,从否词清单移除,待运营确认
2018 toyota sienna rack and pinion,SP-KW-MIXS-王云-转向器-PT4SGE19200,558882070291307,B0GR4S6CNN,适配外年份,L2活动级否定,正确车型/年份,禁止否定,搜索词命中该ASIN适配品牌/车型/年份,从否词清单移除,待运营确认
2010 nissan versa hatchback sl rack and pinion,SP-KW-MIXS-王云-转向器-PT4SGE25800,561154060259783,B0DWMVNZQQ,适配外年份,L2活动级否定,正确车型/年份,禁止否定,搜索词命中该ASIN适配品牌/车型/年份,从否词清单移除,待运营确认
nissan versa hatchback 2010 steering rack,SP-KW-MIXS-王云-转向器-PT4SGE25800,561154060259783,B0DWMVNZQQ,适配外年份,L2活动级否定,正确车型/年份,禁止否定,搜索词命中该ASIN适配品牌/车型/年份,从否词清单移除,待运营确认
rack and pinion for 2009 nissan versa,SP-KW-MIXS-王云-转向器-PT4SGE25800,561154060259783,B0GR317V49,适配外年份,L2活动级否定,正确车型/年份,禁止否定,搜索词命中该ASIN适配品牌/车型/年份,从否词清单移除,待运营确认
2010 nissan versa hatchback sl rack and pinion,SP-KW-MIXS-王云-转向器-PT4SGE25800,561154060259783,B0GR4TXN5L,适配外年份,L2活动级否定,正确车型/年份,禁止否定,搜索词命中该ASIN适配品牌/车型/年份,从否词清单移除,待运营确认
2012 mitsubishi lancer steering rack,SP-KW-BR-王云-转向器-B0DPCWN73Z-KX4SGE17700,562385525546795,B0DPCWN73Z,适配外年份,L2活动级否定,正确车型/年份,禁止否定,搜索词命中该ASIN适配品牌/车型/年份,从否词清单移除,待运营确认
