活动ID,原活动名,ASIN数,ASIN列表,高冲突词数,中冲突词数,低冲突词数,错配花费,错配订单,处置动作,新建活动建议,处理状态,统计周
49811275669002,SP-AUTO-MIX-转向器-王云-大于0.12,873,B0BHTGVBRB；B0C3HK9H5Y；B0CB7XJ2GM；B0CBTSR963；B0CF1B11W8；B0CF5F916G；B0CFF3SMT8；B0CM5M5Y9P；B0CM6LF2PG；B0CM987JTK；B0CM99BGZD；B0CN14M1B4；B0CN17GBN5；B0CN1868JM；B0CN18MW7K；B0CN6CLFVC；B0CN6CPCGN；B0CN6CTMXS；B0CN9F6LTF；B0CPF7F4QL；B0CPFCXGMR；B0CPLYQPPW；B0CPLZXQ14；B0CQYT9QVX；B0CR18HZJC；B0CRB2NSNX；B0CRB2W852；B0CRB38T48；B0CSYFB6P2；B0CSYRCQ6B；B0CX16JK94；B0CX1DNSRM；B0CX1DS5ZW；B0CX1FW5TT；B0CX4W1T7Q；B0D13WH5KW；B0D149F7NM；B0D14DZSF4；B0D14FCDG5；B0D2D19CXW；B0D2D1DKC1；B0D46K8KV3；B0D47F46WR；B0D5764FBF；B0D579TSP1；B0D5VL2VXB；B0D5VLYGX8；B0D5VM1FST；B0D5VN5XQW；B0D5VNHDGQ；B0D5VNK2F7；B0D5VPPX2C；B0D5VQ98F7；B0D6LLKT4L；B0DL55X91S；B0DL56LYF8；B0DL574JW3；B0DM952QZC；B0DM96BQMG；B0DM97P24W；B0DM97PHWP；B0DM98SRX6；B0DM9BG9J8；B0DPCVYND6；B0DPCVZ4KH；B0DPCWLPQ4；B0DPCWMYZS；B0DPCWN73Z；B0DPCWP8WR；B0DPCWQQCS；B0DPCWQW36；B0DPCWSF3G；B0DPCWWJHP；B0DPCWWRMM；B0DPCWXT64；B0DPCWYHX9；B0DPCWYHXB；B0DPCWYNV6；B0DPCX11BY；B0DPCX14JC；B0DPCX2GY5；B0DPCX3B23；B0DPCX4KJV；B0DPCX66CY；B0DPCX6MJR；B0DPCX7QHQ；B0DPCX88KX；B0DPCXC32D；B0DPCXF2L9；B0DPCXGLKB；B0DPCXH2PS；B0DPCXHB93；B0DPCXJTLG；B0DPCXK7B5；B0DPCXKHXJ；B0DPCXKRCL；B0DPCXL6DK；B0DPCXLY1Y；B0DPCXMDMM；B0DPCXMRG4；B0DPCXPSCH；B0DPCXS49Q；B0DPCXSHJ8；B0DPCXZJQR；B0DPCY29GS；B0DPCY3SC2；B0DPCYGFTK；B0DPMTFB27；B0DPMWTLZB；B0DPQG957S；B0DPQLYGNY；B0DPQNQD9G；B0DPW7JQ68；B0DPWWTKQP；B0DPWYBG2D；B0DPWYBZ41；B0DPZK76DX；B0DPZN1RR3；B0DPZQCD9D；B0DPZS1LTK；B0DPZS94X1；B0DPZSMKVJ；B0DPZZNHWJ；B0DQ11L42D；B0DQ127SL9；B0DQ1593RH；B0DQ159KSX；B0DQ1713QC；B0DQ3V65CL；B0DQ47S1R8；B0DQ4D5VHY；B0DQ5CQBB7；B0DQ5F635B；B0DQY54WP1；B0DQY5LGZ1；B0DQY5T2RQ；B0DQY5ZL3Z；B0DQZRQMR5；B0DQZS9NTG；B0DQZTSY6V；B0DQZTVFTQ；B0DQZW2C1Q；B0DQZW5FXY；B0DQZWB77C；B0DQZWMH13；B0DQZWXBL5；B0DQZX2CXP；B0DQZX34G5；B0DQZX7L79；B0DR144TNH；B0DR1582JY；B0DR158F59；B0DR1648XY；B0DR16MVLD；B0DR17PR85；B0DR1XX4CV；B0DSDJV4NR；B0DSDKVX4J；B0DSDMNPSC；B0DSDN54CH；B0DSDNHMWF；B0DSDP4HXC；B0DSDQJT1S；B0DSDQSMVY；B0DSDS1MD1；B0DSDVMWFK；B0DSF2DRGY；B0DSF3YM3M；B0DSF696TB；B0DSPSL9SX；B0DSZPZY17；B0DSZQ5BCN；B0DSZVM93Q；B0DSZWN9RL；B0DT11L48N；B0DWJG1S64；B0DWJLP9LW；B0DWJVN71Y；B0DWJXRXNM；B0DWK1388B；B0DWK1HVFF；B0DWMSF77S；B0DWMSHL7S；B0DWMSSG1M；B0DWMT4JDS；B0DWMT5PY9；B0DWMT7C59；B0DWMT91GZ；B0DWMTBPZG；B0DWMTCC74；B0DWMTDNKW；B0DWMTG6H3；B0DWMTK9F5；B0DWMTNV1D；B0DWMTVB9C；B0DWMTVC74；B0DWMTWKBP；B0DWMTXQZK；B0DWMTZ8H1；B0DWMTZCK3；B0DWMV2FY1；B0DWMV3RPH；B0DWMV3S49；B0DWMV85N5；B0DWMVBR7Q；B0DWMVBS9V；B0DWMVMGP9；B0DWMVNYMS；B0DWMVP2YN；B0DWMVQ3MR；B0DWMVQGKD；B0DWMVRNCJ；B0DWMVS1WG；B0DWMVST5H；B0DWMVSV8M；B0DWMVXFQ5；B0DWMVZ3BX；B0DWMW19KX；B0DWMW2718；B0DWMW4MXR；B0DWMW85HW；B0DWMW8QBM；B0DWMW8WBV；B0DWMWDCGG；B0DWMWDMSG；B0DWMWJ67H；B0DWMWJS7F；B0DWMWKKRN；B0DWMWLGF3；B0DWMWNV9V；B0DWMWQTGG；B0DWMWRW4J；B0DWMWSW64；B0DWMWW45F；B0DWMWXN5W；B0DWMX4BRG；B0DWMXBCS8；B0DWMXKTLC；B0F18CHKSG；B0F18M5THF；B0F18R2YW4；B0F18WYS7C；B0F43KHJC2；B0F43NQY7N；B0F43P82KJ；B0F52XDM8T；B0F52XS7Y7；B0F5324ZWR；B0F536RR47；B0F53BT2RC；B0F53BTL67；B0F53DF7MR；B0F53DJQ49；B0F66Y1ZRR；B0F66Y1ZW8；B0F66YL93N；B0F66YQD1K；B0F66YZG6G；B0F66Z6WZ7；B0F66ZGCVQ；B0F66ZGNY8；B0F66ZYR9M；B0F671H2XC；B0F671HGDH；B0F671K3LF；B0F671L76Z；B0F671LQDV；B0F671MSR1；B0F671RLY9；B0F671WTP3；B0F671WXMY；B0F671XZ98；B0F6723ZTS；B0F6728J8K；B0F672B1QN；B0F672BHPC；B0F672R5VW；B0F672SLXV；B0F672VQYZ；B0F672XXMY；B0F6732G7C；B0F6734V72；B0F673H415；B0F673JP6T；B0F673JP96；B0F673Q69B；B0F673QG8L；B0F673ZGGP；B0F6746Y4S；B0F67477ML；B0F6749JM8；B0F674LGB2；B0F674NQZH；B0F6753T3Z；B0F675V3M4；B0F6LJ6TSH；B0F6LJ7BNY；B0F6LJ7SHC；B0F6LJ7SV7；B0F6LJ85SB；B0F6LJ8BR9；B0F6LJ961H；B0F6LJ9VDS；B0F6LJBYMX；B0F6LJC2ZZ；B0F6LJCDCK；B0F6LJCHXW；B0F6LJCMF1；B0F6LJCNJ5；B0F6LMJFW7；B0F6LMJT5D；B0F6LMKCDD；B0F6LML94M；B0F6LMLY8H；B0F6LQ1J5Y；B0F6LQ1KNV；B0F6LQBYQM；B0F6LQJQYC；B0F6LQKQC1；B0F6LQTF1Y；B0F6LQYD4F；B0F6LR3XNC；B0F6LR8W9G；B0F6LRKXS2；B0F6LRKZ3F；B0F6LRMMY2；B0F6LRNGJS；B0F6LRNM1K；B0F6LRP4ZW；B0F6LRPTGW；B0F6LTZ1PB；B0F6LV1CVP；B0F6LVFPSB；B0F6LVHLM8；B0F6LVKCVH；B0F6LVNVBG；B0F6LVQPX9；B0F6LVWBQP；B0F6LVWXXV；B0F6LW2D1V；B0F6LWCHLG；B0F6LWF86H；B0F6LWKX3Z；B0F6LWLX32；B0F6LWVFSN；B0F6MPHQ3M；B0F6Y1Q67S；B0F6Y2VP1F；B0F6Y3MXDZ；B0F6Y7D6Q2；B0F6Y87FCZ；B0F9NZF4YG；B0F9NZGVB8；B0F9P15CFH；B0F9P1QSQ9；B0F9P2JFN9；B0F9P2Q85P；B0F9P2VZBP；B0F9P2Y523；B0F9P2YZ89；B0F9P2ZWVH；B0F9P3352C；B0F9P33RVM；B0F9P34GKZ；B0F9P38NR7；B0F9P39BQ3；B0F9P3N6DH；B0F9P4HWT4；B0F9P4PD4Z；B0F9P56J5K；B0F9P58SC6；B0F9P6R93Z；B0F9P7FY3D；B0F9P7JHMQ；B0F9P7R4ZM；B0FCXDWK9W；B0FCXDZB1H；B0FCXKTPVG；B0FCXKV3P2；B0FCXLHG8L；B0FCXQ7839；B0FCXQK488；B0FCXQMKCS；B0FCXQNNJR；B0FCXR51DX；B0FCXRLK3L；B0FCXRN1NH；B0FCXRVNRV；B0FCXS4WX3；B0FCXW3856；B0FCXXNBP4；B0FCXY3LLS；B0FCXY85QD；B0FCY1GJ2D；B0FCY1P9YD；B0FCY1ZRZT；B0FCY1ZS15；B0FCY28VSK；B0FCY2SJ1V；B0FCY49VLV；B0FCY4HGCF；B0FCY54KWG；B0FCY5DXQT；B0FCY5HNQN；B0FCY8N99M；B0FH6QKKB6；B0FLY1BWD5；B0FLY1MW81；B0FLY1TWFX；B0FLY2JP16；B0FLY2W3KJ；B0FLY36KJ4；B0FLY3VDV4；B0FLY3WB8L；B0FLY3X7MD；B0FLY46423；B0FLY467RB；B0FLY4FLYR；B0FLY4J24Z；B0FLY4J8Y4；B0FLY4LLPN；B0FLY5FNN9；B0FLY5P3B6；B0FLY5Q2JY；B0FLY5WTN1；B0FLY63Z5L；B0FLY648TN；B0FLY6SC71；B0FLY76M8N；B0FLY7Y3ZS；B0FQP5BQ2Q；B0FQP666B6；B0FQP738Z5；B0FQP7C3MN；B0FQPGCCXD；B0FQPJ8B21；B0FQQ4LTHV；B0G2BRNN1K；B0G2C17JDG；B0G3NB921T；B0G3NCNKJ9；B0G7HT21MV；B0G7HT2H8V；B0G7JFKKVT；B0G7JFNSJF；B0G7JLMTGR；B0G7JMS6RP；B0G7JWTSN6；B0G7KF2FB2；B0G7KKJQ5H；B0G7KM1PKV；B0GCLN66DN；B0GCLNMCXZ；B0GCM38QK4；B0GCM4SZ8D；B0GCMDW1JT；B0GCMSMYTT；B0GCMTMPTY；B0GCN4Q5WQ；B0GCN5PMDG；B0GCNX9YLW；B0GCYHLH13；B0GHYYKW3V；B0GHZCCP58；B0GJ2LP3NS；B0GQZ1RZM9；B0GQZ2QPKT；B0GQZ3DG39；B0GQZ56VB2；B0GQZ5R5M4；B0GQZ5WZFL；B0GQZ5YHNS；B0GQZ61J8N；B0GQZ68DTZ；B0GQZ6KTDJ；B0GQZ7P26X；B0GQZ8BTP9；B0GQZ8VJFR；B0GQZ8YXLD；B0GQZB7LVN；B0GQZB7W6N；B0GQZB98RM；B0GQZBFLBD；B0GQZBFSJX；B0GQZBGPHP；B0GQZBJHLY；B0GQZBK3H6；B0GQZBWLRX；B0GQZCB8W1；B0GQZCPKQ3；B0GQZCPRV6；B0GQZCYLNP；B0GQZDB9RJ；B0GQZDL2NS；B0GQZFFJLK；B0GQZFT9DT；B0GQZG42WY；B0GQZG8LSC；B0GQZGPBM2；B0GQZJJ997；B0GQZJT9VW；B0GQZL4118；B0GQZLQTNH；B0GQZLS7PZ；B0GQZM88B7；B0GQZMBCHQ；B0GQZP4YW1；B0GQZPSNSN；B0GR2JB11S；B0GR2KNS32；B0GR2RS2P2；B0GR2RS662；B0GR2RSK79；B0GR2RTL92；B0GR2RVVV3；B0GR2S1K2W；B0GR2TGJN9；B0GR2V4Y4F；B0GR2V8QBG；B0GR2VM5S8；B0GR2VPMNH；B0GR317V49；B0GR31HQBF；B0GR31KW4H；B0GR31KW94；B0GR32H6WX；B0GR345J7B；B0GR34B6Q7；B0GR34KY99；B0GR34LPDQ；B0GR34PLB8；B0GR34S7JX；B0GR36VYQS；B0GR3787KB；B0GR37HV17；B0GR39CKDS；B0GR39PG5F；B0GR39T55F；B0GR3B22MS；B0GR3B3S1F；B0GR3CK745；B0GR3FTPG4；B0GR3G98M1；B0GR3HTY84；B0GR3WPSRN；B0GR3XL2LK；B0GR3YN74C；B0GR3ZM7FZ；B0GR411G4V；B0GR42B2PK；B0GR42M1FL；B0GR42MZ7S；B0GR42WDJ3；B0GR4355NW；B0GR4395WW；B0GR43M38W；B0GR43WP5X；B0GR43Y8DM；B0GR45633P；B0GR456L19；B0GR4598HK；B0GR45NK9S；B0GR45X65X；B0GR4683H2；B0GR46HMN7；B0GR46KN36；B0GR4719CR；B0GR492V81；B0GR4B54NJ；B0GR4BH1YQ；B0GR4C16WD；B0GR4C6JZZ；B0GR4C6WS2；B0GR4CBL7C；B0GR4CLXDD；B0GR4DGQJG；B0GR4DQQP1；B0GR4DZPHG；B0GR4F4NX1；B0GR4FCY4R；B0GR4G6P7P；B0GR4G9WSJ；B0GR4GKLF4；B0GR4GMYSM；B0GR4GVXZM；B0GR4GVZNB；B0GR4H4M4Q；B0GR4HNPNW；B0GR4HTKZV；B0GR4HXWFC；B0GR4HY8HX；B0GR4J48S5；B0GR4JCZ5L；B0GR4JM6HZ；B0GR4JN9WX；B0GR4JQS64；B0GR4JRVTV；B0GR4JYZHD；B0GR4KBGHK；B0GR4KG17D；B0GR4L4W3L；B0GR4L7CPP；B0GR4LNFQC；B0GR4LQCD3；B0GR4LQG1J；B0GR4LQS3Z；B0GR4LTHQ8；B0GR4LX9TM；B0GR4M8WWH；B0GR4MD5TY；B0GR4MMBH1；B0GR4MNJ7C；B0GR4MP67V；B0GR4MQRJ7；B0GR4MZ2S3；B0GR4N1CBL；B0GR4NBCFX；B0GR4ND1ZP；B0GR4NJQLD；B0GR4NQFGB；B0GR4PV3T4；B0GR4QK87D；B0GR4QTT46；B0GR4R5P5F；B0GR4R8THQ；B0GR4RC8PX；B0GR4S38WL；B0GR4S6CNN；B0GR4S6PBP；B0GR4S9GR5；B0GR4SGHKZ；B0GR4SPLX7；B0GR4T2Z1Q；B0GR4THQNB；B0GR4TMSHC；B0GR4TR154；B0GR4TWF3D；B0GR4TZF7Y；B0GR4TZZVL；B0GR4V1436；B0GR4VVMTR；B0GR4X1J38；B0GR51CJ8M；B0GR51NGZQ；B0GR548JHZ；B0GR59G3S3；B0GSCDLN3Y；B0GSCDPFX1；B0GSCDPTTP；B0GSCGSCM3；B0GSCHRBZ9；B0GSCHV15P；B0GSCKK336；B0GSCQZNBJ；B0GSCYD16G；B0GSCYWWKW；B0GSCZ2K1B；B0GSD1T7VX；B0GSD39Q7L；B0GTSC9PSP；B0GTT2ZVN4；B0GTT7Y37J；B0GTT8WX7B；B0GTT935H4；B0GTT9GQTF；B0GTTBF54X；B0GTTCFZKC；B0GTTFC9WL；B0GTTG712J；B0GTTGYGPS；B0GTTHLTHZ；B0GTTJ6XH1；B0GTTKP5RB；B0GTTL469N；B0GTTL5QMS；B0GTTL85NY；B0GTTQ9NMZ；B0GTTRFX2D；B0GTTTXGTB；B0GTTZ8SDP；B0GWPRC3F4；B0GXYLDZF5；B0GY88X6RT；B0GY8CJ123；B0GYCCJWVR；B0GYCDWN3C；B0GYCJPLXD；B0GYCJSY3T；B0GYCQNC4L；B0GYDCV57F；B0GYDKCL87；B0GYDQG88F；B0GYDY33T3；B0GYMT7JJV；B0GYN591K2；B0GYNC3QKD；B0GZNT4QTL；B0GZT2QPP9；B0H2Z66KDN；B0H2Z6F3CF；B0H32VQJQP；B0H6W8GKV4；B0H6W8M47G；B0H6W8MCD4；B0H6W8QSG9；B0H6W8WBYW；B0H6W9LK57；B0H6WBBG37；B0H6WBBG7P；B0H6WBDX83；B0H6WBG93P；B0H6WBG96D；B0H6WBJG7H；B0H6WBJW3M；B0H6WBKRTJ；B0H6WBLGZN；B0H6WBQ8GH；B0H6WBQWG6；B0H6WBX8VX；B0H6WC2QTD；B0H6WC2RFS；B0H6WC3XXP；B0H6WC6J4N；B0H6WCC2CK；B0H6WCGL2X；B0H6WCHBKY；B0H6WCJWBW；B0H6WCKDC2；B0H6WD42SN；B0H6WD6Y9J；B0H6WDB5FH；B0H6WDBZG4；B0H6WDBZGV；B0H6WDHXH5；B0H6WDL4C9；B0H6WDYZVD；B0H6WF3NL7；B0H6WFLFYJ；B0H6WFS239；B0H6WFSBT4；B0H6WFV3YP；B0H6WFWDM5；B0H6WFXQ6N；B0H6WFXWPG；B0H6WFYLY8；B0H6WFYLYL；B0H6WFZF1T；B0H6WG11M6；B0H6WG2B49；B0H6WG5T4M；B0H6WG6FBJ；B0H6WG6J3Y；B0H6WG7RLJ；B0H6WGB5GG；B0H6WGBZ8Q；B0H6WGFF3D；B0H6WGKPR5；B0H6WGMHPN；B0H6WGSHB4；B0H6WHDDM2；B0H6WHR41G；B0H6WHRWR5；B0H6WHS9SC；B0H6WHS9V3；B0H6WHSJNK；B0H6WHSJNL；B0H6WHTFHB；B0H6WHVJ8N；B0H6WHVM1S；B0H6WJ1P5Q；B0H6WJ2H4N；B0H6WJ5F5J；B0H6WJ68X4；B0H6WJQJL3；B0H6WJS7L2；B0H6WJXR1M；B0H6WJY322；B0H6WJZR6S；B0H6WJZR7L；B0H6WK1747；B0H6WK24MJ；B0H6WK2ZL2；B0H6WK4XTM；B0H6WKFC84；B0H6WKKXKW；B0H6WKLBTP；B0H6WKNBLS；B0H6WKSJ7V；B0H6WKTP81；B0H6WKV3D1；B0H6WKXGBS；B0H6WKXNV3；B0H6WL54MQ；B0H6WL5BHM；B0H6WL6547；B0H6WL654F；B0H6WL6C98；B0H6WL71LG；B0H6WLBQ9P；B0H6WLCCKW；B0H6WLKYTP；B0H6WLPHWG；B0H6WLQDVM；B0H6WLQHP5；B0H6WLQM6F；B0H6WLTB7W；B0H6WLVGSC；B0H6WLW67Z；B0H6WLXGZG；B0H6WLXYPT；B0H6WLYQ2R；B0H6WM1NCV；B0H6WM1SFJ；B0H6WM39GB；B0H6WM9F8J；B0H6WMBB4X；B0H6WMLYV2；B0H6WMRSY4；B0H6WMSZBR；B0H6WMSZF1；B0H6WMTYJQ；B0H6WMVHPH；B0H6WMYKNQ；B0H6WN4X98；B0H6WN5HRW；B0H6WN631T；B0H6WN739B；B0H6WN7HDF；B0H6WNBKKQ；B0H6WNBNPY；B0H6WNC6KF；B0H6WNCHFQ；B0H6WNHTQ6；B0H6WNHXW2；B0H6WNJXT3；B0H6WNKC1Q；B0H6WNKC22；B0H6WNLHLK；B0H6WNM7Q5；B0H6WNXZN3；B0H6WPC3ZF；B0H6WPHF4K；B0H6WPMXL9；B0H6WPMXLT；B0H6WPPD93；B0H6WPR3YY；B0H6WPRBFM；B0H6WPSRCZ；B0H6WPSRG8；B0H6WPX4N1；B0H6WPXBPV；B0H6WPXMD4；B0H6WQFDG8；B0H6WQK99C；B0H6WQKLCP；B0H6WQNFSR；B0H6WR728V；B0H6WR88T9；B0H6WR8LPM；B0H6WRCV8D；B0H6WRCVC2；B0H6WRZ37C；B0H6WVHMJN；B0H6X75Z9V；B0H6X95PSN；B0H6XBB7RD；B0H6XBCH9N；B0H6XBXQXD；B0H6XCDWXV；B0H6XD1Q6G；B0H6XD418V；B0H6XD5FNY；B0H6XGVXLS,775,0,41,394.15,40.0,拆出,按适配族群重建；主力ASIN一ASIN一活动,待运营确认,本周
268206496571761,SP-KW-MIX-转向器-王云-手动,873,B0BHTGVBRB；B0BLRLL89F；B0C3HK9H5Y；B0CB7XJ2GM；B0CBTSR963；B0CF1B11W8；B0CF5F916G；B0CFF3SMT8；B0CM5M5Y9P；B0CM6LF2PG；B0CM987JTK；B0CM99BGZD；B0CN14M1B4；B0CN15P14D；B0CN17GBN5；B0CN1868JM；B0CN18MW7K；B0CN6CLFVC；B0CN6CPCGN；B0CN6CTMXS；B0CN9F6LTF；B0CPF7F4QL；B0CPFCXGMR；B0CPLYQPPW；B0CPLZXQ14；B0CQYT9QVX；B0CR18HZJC；B0CRB2NSNX；B0CRB2W852；B0CRB38T48；B0CSYFB6P2；B0CSYRCQ6B；B0CX16JK94；B0CX1DNSRM；B0CX1DS5ZW；B0CX1FW5TT；B0CX4W1T7Q；B0D13WH5KW；B0D149F7NM；B0D14DZSF4；B0D14FCDG5；B0D2D19CXW；B0D2D1DKC1；B0D46K8KV3；B0D47F46WR；B0D5764FBF；B0D579TSP1；B0D5VL2VXB；B0D5VLYGX8；B0D5VM1FST；B0D5VN5XQW；B0D5VNHDGQ；B0D5VNK2F7；B0D5VPPX2C；B0D5VQ98F7；B0D6LLKT4L；B0DL55X91S；B0DL56LYF8；B0DL574JW3；B0DM952QZC；B0DM96BQMG；B0DM97P24W；B0DM97PHWP；B0DM98SRX6；B0DM9BG9J8；B0DPCVYND6；B0DPCVZ4KH；B0DPCWLPQ4；B0DPCWMYZS；B0DPCWMZ9B；B0DPCWN73Z；B0DPCWP8WR；B0DPCWQQCS；B0DPCWQW36；B0DPCWSF3G；B0DPCWWJHP；B0DPCWWRMM；B0DPCWXT64；B0DPCWYHX9；B0DPCWYHXB；B0DPCWYNV6；B0DPCX11BY；B0DPCX14JC；B0DPCX2GY5；B0DPCX3B23；B0DPCX4KJV；B0DPCX66CY；B0DPCX6MJR；B0DPCX7QHQ；B0DPCX88KX；B0DPCXC32D；B0DPCXF2L9；B0DPCXGLKB；B0DPCXH2PS；B0DPCXHB93；B0DPCXJTLG；B0DPCXK7B5；B0DPCXKHXJ；B0DPCXKRCL；B0DPCXL6DK；B0DPCXLY1Y；B0DPCXMDMM；B0DPCXMRG4；B0DPCXPSCH；B0DPCXS49Q；B0DPCXSHJ8；B0DPCXZJQR；B0DPCY29GS；B0DPCY3SC2；B0DPCYGFTK；B0DPMTFB27；B0DPMWTLZB；B0DPQG957S；B0DPQLYGNY；B0DPQNQD9G；B0DPW7JQ68；B0DPWWTKQP；B0DPWYBG2D；B0DPWYBZ41；B0DPZK76DX；B0DPZN1RR3；B0DPZQCD9D；B0DPZS1LTK；B0DPZS94X1；B0DPZSMKVJ；B0DPZZNHWJ；B0DQ11L42D；B0DQ127SL9；B0DQ1593RH；B0DQ159KSX；B0DQ1713QC；B0DQ3V65CL；B0DQ47S1R8；B0DQ4D5VHY；B0DQ5CQBB7；B0DQ5F635B；B0DQY54WP1；B0DQY5LGZ1；B0DQY5T2RQ；B0DQY5ZL3Z；B0DQZRQMR5；B0DQZS9NTG；B0DQZTSY6V；B0DQZTVFTQ；B0DQZW2C1Q；B0DQZW5FXY；B0DQZWB77C；B0DQZWMH13；B0DQZWXBL5；B0DQZX2CXP；B0DQZX34G5；B0DQZX7L79；B0DR144TNH；B0DR1582JY；B0DR158F59；B0DR1648XY；B0DR16MVLD；B0DR17PR85；B0DR1XX4CV；B0DSDJV4NR；B0DSDKVX4J；B0DSDMNPSC；B0DSDN54CH；B0DSDNHMWF；B0DSDP4HXC；B0DSDQJT1S；B0DSDQSMVY；B0DSDS1MD1；B0DSDVMWFK；B0DSF2DRGY；B0DSF3YM3M；B0DSF696TB；B0DSPSL9SX；B0DSZPZY17；B0DSZQ5BCN；B0DSZVM93Q；B0DSZWN9RL；B0DT11L48N；B0DWJG1S64；B0DWJLP9LW；B0DWJQ3GNZ；B0DWJVN71Y；B0DWJXRXNM；B0DWK1388B；B0DWK1HVFF；B0DWMSF77S；B0DWMSG3ML；B0DWMSHL7S；B0DWMSSG1M；B0DWMT4JDS；B0DWMT5PY9；B0DWMT7C59；B0DWMT91GZ；B0DWMTBPZG；B0DWMTCC74；B0DWMTDNKW；B0DWMTG6H3；B0DWMTK9F5；B0DWMTNV1D；B0DWMTPJ43；B0DWMTVB9C；B0DWMTVC74；B0DWMTWKBP；B0DWMTXQZK；B0DWMTZ8H1；B0DWMTZCK3；B0DWMV2FY1；B0DWMV3RPH；B0DWMV3S49；B0DWMV85N5；B0DWMVBR7Q；B0DWMVBS9V；B0DWMVMGP9；B0DWMVNYMS；B0DWMVP2YN；B0DWMVQ3MR；B0DWMVQGKD；B0DWMVRNCJ；B0DWMVS1WG；B0DWMVST5H；B0DWMVSV8M；B0DWMVXFQ5；B0DWMVZ3BX；B0DWMW19KX；B0DWMW2718；B0DWMW4MXR；B0DWMW85HW；B0DWMW8QBM；B0DWMW8WBV；B0DWMWDCGG；B0DWMWDMSG；B0DWMWJ67H；B0DWMWJS7F；B0DWMWKKRN；B0DWMWLGF3；B0DWMWNV9V；B0DWMWQTGG；B0DWMWRW4J；B0DWMWSW64；B0DWMWW45F；B0DWMWXN5W；B0DWMX4BRG；B0DWMXBCS8；B0DWMXKTLC；B0F18CHKSG；B0F18M5THF；B0F18R2YW4；B0F18WYS7C；B0F43KHJC2；B0F43NQY7N；B0F43P82KJ；B0F52XDM8T；B0F52XS7Y7；B0F5324ZWR；B0F536RR47；B0F53BT2RC；B0F53BTL67；B0F53DF7MR；B0F53DJQ49；B0F66Y1ZRR；B0F66Y1ZW8；B0F66YL93N；B0F66YQD1K；B0F66YZG6G；B0F66Z6WZ7；B0F66ZGCVQ；B0F66ZGNY8；B0F66ZWC45；B0F66ZYR9M；B0F671H2XC；B0F671HGDH；B0F671K3LF；B0F671L76Z；B0F671LQDV；B0F671MSR1；B0F671RLY9；B0F671WTP3；B0F671WXMY；B0F671XZ98；B0F6723ZTS；B0F6728CD8；B0F6728J8K；B0F672B1QN；B0F672BHPC；B0F672R5VW；B0F672SLXV；B0F672VQYZ；B0F672XXMY；B0F6732G7C；B0F6734V72；B0F673H415；B0F673JP6T；B0F673JP96；B0F673Q69B；B0F673QG8L；B0F673ZGGP；B0F6746Y4S；B0F67477ML；B0F6749JM8；B0F674LGB2；B0F674NQZH；B0F6753T3Z；B0F675V3M4；B0F6LJ6TSH；B0F6LJ7BNY；B0F6LJ7SHC；B0F6LJ85SB；B0F6LJ8BR9；B0F6LJ961H；B0F6LJ9VDS；B0F6LJBYMX；B0F6LJC2ZZ；B0F6LJCDCK；B0F6LJCHXW；B0F6LJCMF1；B0F6LJCNJ5；B0F6LMJFW7；B0F6LMJT5D；B0F6LMKCDD；B0F6LMLY8H；B0F6LQ1J5Y；B0F6LQ1KNV；B0F6LQBYQM；B0F6LQJQYC；B0F6LQKQC1；B0F6LQTF1Y；B0F6LQYD4F；B0F6LR3XNC；B0F6LR8W9G；B0F6LRJSGY；B0F6LRKXS2；B0F6LRKZ3F；B0F6LRMMY2；B0F6LRNGJS；B0F6LRNM1K；B0F6LRP4ZW；B0F6LRPTGW；B0F6LTZ1PB；B0F6LV1CVP；B0F6LVFPSB；B0F6LVHLM8；B0F6LVKCVH；B0F6LVNVBG；B0F6LVQPX9；B0F6LVWBQP；B0F6LVWXXV；B0F6LW2D1V；B0F6LWCHLG；B0F6LWF86H；B0F6LWKX3Z；B0F6LWLX32；B0F6LWVFSN；B0F6MPHQ3M；B0F6Y1Q67S；B0F6Y2VP1F；B0F6Y3MXDZ；B0F6Y7D6Q2；B0F6Y87FCZ；B0F9NZF4YG；B0F9NZGVB8；B0F9P15CFH；B0F9P1QSQ9；B0F9P2JFN9；B0F9P2Q85P；B0F9P2VZBP；B0F9P2Y523；B0F9P2YZ89；B0F9P2ZWVH；B0F9P3352C；B0F9P33RVM；B0F9P34GKZ；B0F9P38NR7；B0F9P39BQ3；B0F9P3N6DH；B0F9P4HWT4；B0F9P4PD4Z；B0F9P56J5K；B0F9P58SC6；B0F9P6R93Z；B0F9P7FY3D；B0F9P7JHMQ；B0F9P7R4ZM；B0FCXDWK9W；B0FCXDZB1H；B0FCXKTPVG；B0FCXKV3P2；B0FCXLHG8L；B0FCXQ7839；B0FCXQK488；B0FCXQMKCS；B0FCXQNNJR；B0FCXR51DX；B0FCXRLK3L；B0FCXRN1NH；B0FCXRVNRV；B0FCXS4WX3；B0FCXW3856；B0FCXXNBP4；B0FCXY3LLS；B0FCXY85QD；B0FCY1GJ2D；B0FCY1P9YD；B0FCY1ZRZT；B0FCY1ZS15；B0FCY28VSK；B0FCY2SJ1V；B0FCY49VLV；B0FCY4HGCF；B0FCY54KWG；B0FCY5DXQT；B0FCY5HNQN；B0FCY8N99M；B0FH6QKKB6；B0FLY1BWD5；B0FLY1MW81；B0FLY1TWFX；B0FLY2W3KJ；B0FLY36KJ4；B0FLY3VDV4；B0FLY3WB8L；B0FLY46423；B0FLY467RB；B0FLY4FLYR；B0FLY4J24Z；B0FLY4J8Y4；B0FLY4LLPN；B0FLY5FNN9；B0FLY5P3B6；B0FLY5Q2JY；B0FLY5WTN1；B0FLY648TN；B0FLY6SC71；B0FLY76M8N；B0FLY7Y3ZS；B0FQP5BQ2Q；B0FQP666B6；B0FQP738Z5；B0FQP7C3MN；B0FQPGCCXD；B0FQPJ8B21；B0FQQ4LTHV；B0G2BRNN1K；B0G2C17JDG；B0G3NB921T；B0G3NCNKJ9；B0G7HT2H8V；B0G7JFKKVT；B0G7JFNSJF；B0G7JLMTGR；B0G7JMS6RP；B0G7JWTSN6；B0G7KF2FB2；B0G7KKJQ5H；B0G7KM1PKV；B0GCLN66DN；B0GCLNMCXZ；B0GCM38QK4；B0GCM4SZ8D；B0GCMDW1JT；B0GCMSMYTT；B0GCMTMPTY；B0GCN4Q5WQ；B0GCN5PMDG；B0GCNX9YLW；B0GCYHLH13；B0GHYYKW3V；B0GHZCCP58；B0GJ2LP3NS；B0GQZ1RZM9；B0GQZ2QPKT；B0GQZ3DG39；B0GQZ56VB2；B0GQZ5R5M4；B0GQZ5WZFL；B0GQZ5YHNS；B0GQZ61J8N；B0GQZ68DTZ；B0GQZ6KTDJ；B0GQZ7P26X；B0GQZ8BTP9；B0GQZ8VJFR；B0GQZ8YXLD；B0GQZB7LVN；B0GQZB7W6N；B0GQZB98RM；B0GQZBFLBD；B0GQZBFSJX；B0GQZBGPHP；B0GQZBJHLY；B0GQZBK3H6；B0GQZBWLRX；B0GQZCB8W1；B0GQZCPKQ3；B0GQZCPRV6；B0GQZCYLNP；B0GQZDB9RJ；B0GQZDL2NS；B0GQZFFJLK；B0GQZFT9DT；B0GQZG42WY；B0GQZG8LSC；B0GQZGPBM2；B0GQZJJ997；B0GQZJT9VW；B0GQZL4118；B0GQZLQTNH；B0GQZLS7PZ；B0GQZM88B7；B0GQZMBCHQ；B0GQZP4YW1；B0GQZPSNSN；B0GR2JB11S；B0GR2KNS32；B0GR2RS2P2；B0GR2RS662；B0GR2RSK79；B0GR2RTL92；B0GR2RVVV3；B0GR2S1K2W；B0GR2TGJN9；B0GR2V4Y4F；B0GR2V8QBG；B0GR2VM5S8；B0GR2VPMNH；B0GR317V49；B0GR31HQBF；B0GR31KW4H；B0GR31KW94；B0GR32H6WX；B0GR345J7B；B0GR34B6Q7；B0GR34KY99；B0GR34LPDQ；B0GR34PLB8；B0GR34S7JX；B0GR36VYQS；B0GR3787KB；B0GR37HV17；B0GR39CKDS；B0GR39PG5F；B0GR39T55F；B0GR3B22MS；B0GR3B3S1F；B0GR3CK745；B0GR3FTPG4；B0GR3G98M1；B0GR3HTY84；B0GR3WPSRN；B0GR3XL2LK；B0GR3YN74C；B0GR3ZM7FZ；B0GR411G4V；B0GR42B2PK；B0GR42M1FL；B0GR42MZ7S；B0GR42WDJ3；B0GR4355NW；B0GR4395WW；B0GR43M38W；B0GR43WP5X；B0GR43Y8DM；B0GR45633P；B0GR456L19；B0GR4598HK；B0GR45NK9S；B0GR45X65X；B0GR4683H2；B0GR46HMN7；B0GR46KN36；B0GR4719CR；B0GR492V81；B0GR4B54NJ；B0GR4BH1YQ；B0GR4C16WD；B0GR4C6JZZ；B0GR4C6WS2；B0GR4CBL7C；B0GR4CLXDD；B0GR4DGQJG；B0GR4DQQP1；B0GR4DZPHG；B0GR4F4NX1；B0GR4FCY4R；B0GR4G6P7P；B0GR4G9WSJ；B0GR4GKLF4；B0GR4GMYSM；B0GR4GVXZM；B0GR4GVZNB；B0GR4H4M4Q；B0GR4HTKZV；B0GR4HXWFC；B0GR4HY8HX；B0GR4J48S5；B0GR4JCZ5L；B0GR4JM6HZ；B0GR4JN9WX；B0GR4JQS64；B0GR4JRVTV；B0GR4JYZHD；B0GR4KBGHK；B0GR4KG17D；B0GR4L4W3L；B0GR4L7CPP；B0GR4LNFQC；B0GR4LQCD3；B0GR4LQG1J；B0GR4LQS3Z；B0GR4LTHQ8；B0GR4LX9TM；B0GR4M8WWH；B0GR4MD5TY；B0GR4MNJ7C；B0GR4MP67V；B0GR4MQRJ7；B0GR4MZ2S3；B0GR4N1CBL；B0GR4NBCFX；B0GR4ND1ZP；B0GR4NJQLD；B0GR4NQFGB；B0GR4PV3T4；B0GR4QK87D；B0GR4QTT46；B0GR4R5P5F；B0GR4R8THQ；B0GR4RC8PX；B0GR4S38WL；B0GR4S6CNN；B0GR4S6PBP；B0GR4S9GR5；B0GR4SGHKZ；B0GR4SPLX7；B0GR4T2Z1Q；B0GR4THQNB；B0GR4TMSHC；B0GR4TR154；B0GR4TWF3D；B0GR4TZF7Y；B0GR4TZZVL；B0GR4V1436；B0GR4VVMTR；B0GR4X1J38；B0GR51CJ8M；B0GR51NGZQ；B0GR548JHZ；B0GR59G3S3；B0GSCDLN3Y；B0GSCDPFX1；B0GSCDPTTP；B0GSCGSCM3；B0GSCHRBZ9；B0GSCHV15P；B0GSCKK336；B0GSCQZNBJ；B0GSCTYV8X；B0GSCYD16G；B0GSCYWWKW；B0GSCZ2K1B；B0GSD1T7VX；B0GSD39Q7L；B0GTSC9PSP；B0GTT2ZVN4；B0GTT7Y37J；B0GTT8WX7B；B0GTT935H4；B0GTT9GQTF；B0GTTBF54X；B0GTTCFZKC；B0GTTFC9WL；B0GTTG712J；B0GTTGYGPS；B0GTTHLTHZ；B0GTTJ6XH1；B0GTTKP5RB；B0GTTL469N；B0GTTL5QMS；B0GTTL85NY；B0GTTQ9NMZ；B0GTTRFX2D；B0GTTTXGTB；B0GTTZ8SDP；B0GWPRC3F4；B0GXYLDZF5；B0GY7YSBZ6；B0GY85VZTV；B0GY88X6RT；B0GY8CJ123；B0GYCCJWVR；B0GYCDWN3C；B0GYCJPLXD；B0GYCJSY3T；B0GYCQNC4L；B0GYDC97TX；B0GYDCV57F；B0GYDKCL87；B0GYDQG88F；B0GYDY33T3；B0GYMT7JJV；B0GYN591K2；B0GYNC3QKD；B0GZNT4QTL；B0GZT2QPP9；B0H2Z66KDN；B0H2Z6F3CF；B0H32HH55B；B0H32R4YRB；B0H32VQJQP；B0H6W8GKV4；B0H6W8M47G；B0H6W8MCD4；B0H6W8QSG9；B0H6W8WBYW；B0H6W9LK57；B0H6WBBG37；B0H6WBBG7P；B0H6WBDX83；B0H6WBG93P；B0H6WBG96D；B0H6WBJG7H；B0H6WBJW3M；B0H6WBKRTJ；B0H6WBLGZN；B0H6WBQ8GH；B0H6WBQWG6；B0H6WBX8VX；B0H6WC2QTD；B0H6WC3XXP；B0H6WC6J4N；B0H6WCC2CK；B0H6WCGL2X；B0H6WCHBKY；B0H6WCJWBW；B0H6WCKDC2；B0H6WD42SN；B0H6WD6Y9J；B0H6WDB5FH；B0H6WDBZG4；B0H6WDBZGV；B0H6WDHXH5；B0H6WDL4C9；B0H6WDYZVD；B0H6WF3NL7；B0H6WFLFYJ；B0H6WFS239；B0H6WFSBT4；B0H6WFV3YP；B0H6WFWDM5；B0H6WFXQ6N；B0H6WFXWPG；B0H6WFYLY8；B0H6WFYLYL；B0H6WFZF1T；B0H6WG11M6；B0H6WG2B49；B0H6WG5T4M；B0H6WG6FBJ；B0H6WG6J3Y；B0H6WG7RLJ；B0H6WGB5GG；B0H6WGBZ8Q；B0H6WGFF3D；B0H6WGKPR5；B0H6WGMHPN；B0H6WGSHB4；B0H6WHDDM2；B0H6WHND3D；B0H6WHR41G；B0H6WHRWR5；B0H6WHS9SC；B0H6WHS9V3；B0H6WHSJNK；B0H6WHSJNL；B0H6WHTFHB；B0H6WHVJ8N；B0H6WHVM1S；B0H6WJ1P5Q；B0H6WJ2H4N；B0H6WJ5F5J；B0H6WJ68X4；B0H6WJQJL3；B0H6WJS7L2；B0H6WJXR1M；B0H6WJY322；B0H6WJZR6S；B0H6WJZR7L；B0H6WK1747；B0H6WK24MJ；B0H6WK2ZL2；B0H6WK4XTM；B0H6WKFC84；B0H6WKKXKW；B0H6WKLBTP；B0H6WKNBLS；B0H6WKSJ7V；B0H6WKTP81；B0H6WKV3D1；B0H6WKXGBS；B0H6WKXNV3；B0H6WL5BHM；B0H6WL6547；B0H6WL654F；B0H6WL6C98；B0H6WL71LG；B0H6WLBQ9P；B0H6WLCCKW；B0H6WLKYTP；B0H6WLQDVM；B0H6WLQHP5；B0H6WLQM6F；B0H6WLTB7W；B0H6WLVGSC；B0H6WLW67Z；B0H6WLXGZG；B0H6WLXYPT；B0H6WLYQ2R；B0H6WM1NCV；B0H6WM1SFJ；B0H6WM39GB；B0H6WM9F8J；B0H6WMBB4X；B0H6WMLYV2；B0H6WMSZBR；B0H6WMSZF1；B0H6WMTYJQ；B0H6WMVHPH；B0H6WMYKNQ；B0H6WN5HRW；B0H6WN631T；B0H6WN739B；B0H6WN7HDF；B0H6WNBKKQ；B0H6WNBNPY；B0H6WNC6KF；B0H6WNHTQ6；B0H6WNHXW2；B0H6WNJXT3；B0H6WNKC1Q；B0H6WNKC22；B0H6WNLHLK；B0H6WNM7Q5；B0H6WNXZN3；B0H6WPC3ZF；B0H6WPHF4K；B0H6WPMXL9；B0H6WPPD93；B0H6WPR3YY；B0H6WPRBFM；B0H6WPSRCZ；B0H6WPSRG8；B0H6WPX4N1；B0H6WPXBPV；B0H6WPXMD4；B0H6WQFDG8；B0H6WQK99C；B0H6WQNFSR；B0H6WR728V；B0H6WR88T9；B0H6WR8LPM；B0H6WRCV8D；B0H6WRCVC2；B0H6WRZ37C；B0H6WVHMJN；B0H6X75Z9V；B0H6X95PSN；B0H6XBB7RD；B0H6XBCH9N；B0H6XBXQXD；B0H6XCDWXV；B0H6XD1Q6G；B0H6XD418V；B0H6XD5FNY；B0H6XGVXLS,547,0,40,369.94,40.0,拆出,按适配族群重建；主力ASIN一ASIN一活动,待运营确认,本周
174579098700714,SP-KW-转向器-王云-自己的定价,491,B0HDYNSWYR；B0HDYPGKFY；B0HDYQP4H2；B0HDYRB9SR；B0HDYRP33D；B0HDYRPRW6；B0HDYS5M7T；B0HDYSBQ9K；B0HDYSGZM5；B0HDYSMQ24；B0HDYV5MQJ；B0HDYVCMRG；B0HDYVNN3C；B0HDYVQ42P；B0HDYVW6TP；B0HDYVZDGJ；B0HDYVZH4F；B0HDYW4GMY；B0HDYW6RX4；B0HDYW92Y7；B0HDYWBRYW；B0HDYWFGJT；B0HDYX1W9V；B0HDYXQ6SS；B0HDYXQSZV；B0HDYXR44S；B0HDYYJJYB；B0HDYYWR7B；B0HDYZFR7H；B0HDYZFR8H；B0HDYZLXMX；B0HDYZNWGH；B0HDYZS6MK；B0HDYZTS7V；B0HDZ2H697；B0HDZ2KDF7；B0HDZ2XMVF；B0HDZ35CRQ；B0HDZ428VK；B0HDZ458J7；B0HDZ465MW；B0HDZ4NF6H；B0HDZ4SPQM；B0HDZ59PRG；B0HDZ5N1GT；B0HDZ5PQRR；B0HDZ619P2；B0HDZ7SCYS；B0HDZ9MCS8；B0HDZ9XTBV；B0HDZBV456；B0HF2QN566；B0HF31KQ4P；B0HF31MB7J；B0HF31MM8F；B0HF31NXP4；B0HF31XP6C；B0HF322WQS；B0HF325HFJ；B0HF329MBF；B0HF34564Y；B0HF34749X；B0HF34FK79；B0HF34JFSQ；B0HF34KRPG；B0HF34NPZ6；B0HF34R7VH；B0HF34WRHF；B0HF34YCXS；B0HF35BDHL；B0HF37PSB3；B0HF37STL1；B0HF382X7S；B0HF3845LC；B0HF387HS1；B0HF388DVP；B0HF38C8JS；B0HF38DV56；B0HF38H45P；B0HF38LXVZ；B0HF393D8J；B0HF394ZG4；B0HF39HD4Y；B0HF39J1S9；B0HF39JZKP；B0HF3BLHVD；B0HF3BR246；B0HF3BTYHS；B0HF3C5ZB4；B0HF3CK1VM；B0HF3CLND6；B0HF3CSTS9；B0HF3D27B7；B0HF3D644F；B0HF3DF8QN；B0HF3DH6GT；B0HF3DH7GR；B0HF3DHJTY；B0HF3DTW2P；B0HF3DYF9V；B0HF3F495L；B0HF3FGMZD；B0HF3FK88F；B0HF3FKKVL；B0HF3FT4JM；B0HF3FW36S；B0HF3G1LWR；B0HF3H8VKY；B0HF3H9GN5；B0HF3HJ9R7；B0HF3HMSMW；B0HF3HT1VQ；B0HF3HVBLZ；B0HF3HVZ76；B0HF3HW9Z4；B0HF3J1SL5；B0HF3J68GX；B0HF3J6VF1；B0HF3J86CW；B0HF3JCPQS；B0HF3JJYN8；B0HF3JR25Z；B0HF3JSYLZ；B0HF3LH9QM；B0HF3LPX94；B0HF3LQJXQ；B0HF3LSVQW；B0HF3LYNGH；B0HF3M1Z1M；B0HF3M3JYJ；B0HF3MDXLT；B0HF3MHTBJ；B0HF3MQLB5；B0HF3MS62X；B0HF3MWYJR；B0HF3N3RL9；B0HF3N5FZ7；B0HF3NFVW8；B0HF3NGJKY；B0HF3QD5XH；B0HF3QFXRJ；B0HF3QHM1R；B0HF3QK92D；B0HF3QMVBR；B0HF3QQGFK；B0HF3QQS9X；B0HF3QW1HF；B0HF3QY8WF；B0HF3R3GWB；B0HF3R3GWL；B0HF3R53KR；B0HF3RC8YG；B0HF3RCBR5；B0HF3RLBW8；B0HF3RRHXF；B0HF3S2PG8；B0HF3S9C2K；B0HF3SZGWD；B0HF3T1RZD；B0HF3WN7YY；B0HF3WPTYK；B0HF3WS58D；B0HF3WSSS7；B0HF3WX27J；B0HF3X1BZZ；B0HF41JN8D；B0HF41P2S2；B0HF41RXHY；B0HF4212KL；B0HF424LWJ；B0HF46K7W2；B0HF4B4GRN；B0HF4BBZ89；B0HF4CHTLX；B0HF4D351S；B0HF4D6N4G；B0HF4D97JT；B0HF4DWFXT；B0HF4F1X3H；B0HF4F2YB6；B0HF4F5N8T；B0HF4FNNVZ；B0HF4G4VPS；B0HF4G759S；B0HF4G9V7V；B0HF4GC2XN；B0HF4GGKGC；B0HF4GGQYM；B0HF4GJJWW；B0HF4GJP85；B0HF4GKHN3；B0HF4GQ7K9；B0HF4H7J7G；B0HF4HJ1BD；B0HF4HN9S9；B0HF4JGY5G；B0HF4JP363；B0HF4JP6SC；B0HF4JWN6W；B0HF4K38D1；B0HF4K9VC3；B0HF4KCW2F；B0HF4KQWPK；B0HF4L97DT；B0HF4L9C3R；B0HF4LCX1N；B0HF4LGC94；B0HF4LJFML；B0HF4LK9BG；B0HF4LM1ZQ；B0HF4LPXY5；B0HF4LQSLS；B0HF4LTJ2W；B0HF4LZFM6；B0HF4M7HCF；B0HF4MHXNJ；B0HF4MRBYL；B0HF4N6F23；B0HF4N9CZ9；B0HF4NBNVW；B0HF4NCYZ5；B0HF4ND3N9；B0HF4NH8QH；B0HF4NPYXQ；B0HF4NRFZB；B0HF4NRL7Z；B0HF4NTNQM；B0HF4P4TPM；B0HF4PHH13；B0HF4PKH2W；B0HF4PKZGQ；B0HF4PMKDX；B0HF4PN69D；B0HF4PRM3V；B0HF4PTP4S；B0HF4Q5JLR；B0HF4Q7XM9；B0HF4Q853T；B0HF4QQG3J；B0HF4QSSKP；B0HF4QTMK9；B0HF4QTYR4；B0HF4QZCJH；B0HF4R46C6；B0HF4R752Q；B0HF4R88HM；B0HF4RFKP6；B0HF4RFYC7；B0HF4RH2XL；B0HF4RJKWP；B0HF4RPDCL；B0HF4RXC3T；B0HF4RYM9W；B0HF4RZGCP；B0HF4S1115；B0HF4S1WZC；B0HF4SFW4F；B0HF4SFYR2；B0HF4SVMX6；B0HF4SW28N；B0HF4TDM7H；B0HF4TJTXM；B0HF4TRQDC；B0HF4TSY5B；B0HF4V7FPM；B0HF4VDVKX；B0HF4VFXDJ；B0HF4VJ9S3；B0HF4VKHJH；B0HF4VKJJ6；B0HF4VMWMC；B0HF4VPTZ4；B0HF4W6F37；B0HF4W6S6F；B0HF4W7B62；B0HF4W9ZVJ；B0HF4WCSTC；B0HF4WP58F；B0HF4WQ22L；B0HF4WS2LD；B0HF4WZM16；B0HF4X4C1W；B0HF4X8W9M；B0HF4XC484；B0HF4XYBJT；B0HF4XYBNY；B0HF4Y5J7Y；B0HF4YVQL9；B0HF4YZPDF；B0HF4ZF3HG；B0HF4ZF5X9；B0HF4ZLWLS；B0HF4ZYKDH；B0HF514K5M；B0HF51KVJ3；B0HF51LKS6；B0HF52G4SJ；B0HF534CSM；B0HF54BWLK；B0HF54SLND；B0HF56Z1QZ；B0HF56ZXWQ；B0HF6V55WT；B0HF6VBSD1；B0HF6VCZHG；B0HF6VDK1T；B0HF6WCXZ4；B0HF6X9YLV；B0HF6XKVTJ；B0HF6XN9PR；B0HF6XTK7Q；B0HF6XYWS1；B0HF6Y2CHT；B0HF6Y2ZGX；B0HF6Y36KK；B0HF6Y3WFD；B0HF6ZF22C；B0HF6ZGR74；B0HF6ZPQ29；B0HF6ZW2SY；B0HF6ZWCVH；B0HF7119G6；B0HF7165D1；B0HF717BL8；B0HF71BKZP；B0HF71G1YB；B0HF71G45T；B0HF71JJZY；B0HF71MYB6；B0HF71P3WH；B0HF71Y7WR；B0HF721T32；B0HF729X31；B0HF72J2ZD；B0HF72M683；B0HF72QH89；B0HF72T5VH；B0HF72WTP5；B0HF731DK6；B0HF733PGJ；B0HF7357HG；B0HF737PVM；B0HF7395DL；B0HF73JD1T；B0HF73L3HM；B0HF73ML4B；B0HF73Q9RD；B0HF73QDNR；B0HF73S98V；B0HF73S9LG；B0HF73XVQB；B0HF73YCW1；B0HF7415XG；B0HF7416NS；B0HF741V6G；B0HF747396；B0HF748NYW；B0HF74BB4P；B0HF74BCS3；B0HF74HQC3；B0HF74NS15；B0HF74T1J1；B0HF74YMRR；B0HF753L5H；B0HF75B2D8；B0HF75B4PH；B0HF75M515；B0HF75QHRH；B0HF75QPV4；B0HF75R3SL；B0HF75RDZC；B0HF75RPLR；B0HF75SYSD；B0HF75V1LB；B0HF75YVWK；B0HF7624JZ；B0HF7653CB；B0HF7667J2；B0HF767K44；B0HF767ZMW；B0HF7682QV；B0HF768MN9；B0HF76BTBP；B0HF76CCC9；B0HF76G6GB；B0HF76HHS2；B0HF76HM4N；B0HF76LZG6；B0HF76NBHR；B0HF76P4LT；B0HF76QNZ5；B0HF76WN2M；B0HF76XTK4；B0HF777WYF；B0HF778SVX；B0HF77JWMS；B0HF77MS3D；B0HF77YGQB；B0HF78JKL6；B0HF78K37N；B0HF78L3SV；B0HF78MGVS；B0HF78Q5S6；B0HF78QYGS；B0HF78SGXK；B0HF78TG34；B0HF78X2KB；B0HF78X3H8；B0HF7913LT；B0HF79625S；B0HF796T3P；B0HF796T8P；B0HF797WFF；B0HF798HPZ；B0HF79C82P；B0HF79F3LW；B0HF79J84Y；B0HF79R7DC；B0HF79TBD2；B0HF7B3L8T；B0HF7BKGKT；B0HF7BWBCH；B0HF7BZB3X；B0HF7C6BPQ；B0HF7C8TB3；B0HF7CJ5CP；B0HF7CKRX1；B0HF7CSRRM；B0HF7D6QLT；B0HF7FDSHP；B0HF7FLS9R；B0HF7FSRS7；B0HF7FZRXM；B0HF7G2KK7；B0HF7G5RDY；B0HF7G7JHZ；B0HF7GJ383；B0HF7GRHMZ；B0HF7HY2JM；B0HF7JM825；B0HF7K1HDC；B0HF7K1TN8；B0HF7KF3Z8；B0HF7KMQYX；B0HF7KVWQC；B0HF7LDTTC；B0HF7LW421；B0HF7MTLDT；B0HF7MWHRG；B0HF7MZD8R；B0HF7MZZ57；B0HF7N1JJV；B0HF7PHXJB；B0HF7PJMPM；B0HF7PJNVZ；B0HF7PKGKG；B0HF7PR8TF；B0HF7PTQNG；B0HF7PWJFQ；B0HF7Q22QQ；B0HF7Q3YY4；B0HF7QGGLD；B0HF7QQM5L；B0HF7QX1P8；B0HF7QX57H；B0HF7R2WJ6；B0HF7R4KBL；B0HF7RKQJH；B0HF7SPGNW；B0HF7SS49Z；B0HF7SZGPC；B0HF7TGQLC；B0HF7TLZDQ；B0HF7TNZML；B0HF7TPDSY；B0HF7VCYD8；B0HF7WN6JZ；B0HF7WNSVS；B0HF7WSNZ6；B0HF7WYYHG；B0HF7X26BH；B0HF7X2R1R；B0HF7X3C6P；B0HF7X6LD5；B0HF7XRMYV；B0HF7YM7QC；B0HF847D44；B0HFHCZ2YD；B0HFHFSZRG；B0HFHHTJF8；B0HFHJGHNR,19,0,1,13.93,1.0,拆出,按适配族群重建；主力ASIN一ASIN一活动,待运营确认,本周
215117840703711,SP-KW-MIXS-转向器-王云-KW组表现差暂停商品,24,B0D2D19CXW；B0DPCVYND6；B0DPWYBG2D；B0DPZQCD9D；B0DWMTDNKW；B0DWMVYC9M；B0DWMWLGF3；B0F671L76Z；B0F6LJ85SB；B0F9P1QSQ9；B0FLY76M8N；B0FQPJ8B21；B0GQZ3245R；B0GQZCKYLB；B0GR39YKFT；B0GR4L77BC；B0GR4VSZKG；B0GSCHRBZ9；B0GSD39Q7L；B0GTT8WX7B；B0GTT935H4；B0GTTQ9NMZ；B0GTTZ8SDP；B0H6WFYLY8,5,0,1,3.85,1.0,拆出,按适配族群重建；主力ASIN一ASIN一活动,待运营确认,本周
255693994650886,SP-AUTO-MIX-转向器-王云-自己的定价,344,B0HDYNSWYR；B0HDYQP4H2；B0HDYRB9SR；B0HDYRPRW6；B0HDYSBQ9K；B0HDYSGZM5；B0HDYSMQ24；B0HDYV5MQJ；B0HDYVCMRG；B0HDYVNN3C；B0HDYVW6TP；B0HDYVZH4F；B0HDYW4GMY；B0HDYW6RX4；B0HDYW92Y7；B0HDYWBRYW；B0HDYWFGJT；B0HDYXQ6SS；B0HDYXQSZV；B0HDYXZP53；B0HDYZFR7H；B0HDYZFR8H；B0HDYZLXMX；B0HDYZS6MK；B0HDZ2H697；B0HDZ2KDF7；B0HDZ2XMVF；B0HDZ35CRQ；B0HDZ428VK；B0HDZ465MW；B0HDZ4SPQM；B0HDZ59PRG；B0HDZ5PQRR；B0HDZ7SCYS；B0HDZ8TSNB；B0HF2QN566；B0HF31KQ4P；B0HF31MB7J；B0HF31MM8F；B0HF31NXP4；B0HF31XP6C；B0HF325HFJ；B0HF329MBF；B0HF34564Y；B0HF34FK79；B0HF34JFSQ；B0HF34KRPG；B0HF34NPZ6；B0HF34R7VH；B0HF34WRHF；B0HF35BDHL；B0HF37PSB3；B0HF37STL1；B0HF3845LC；B0HF387HS1；B0HF38C8JS；B0HF38DV56；B0HF38H45P；B0HF38LXVZ；B0HF393D8J；B0HF394ZG4；B0HF39J1S9；B0HF39JZKP；B0HF3BJ9GV；B0HF3BLHVD；B0HF3BR246；B0HF3BTYHS；B0HF3C22YW；B0HF3C5ZB4；B0HF3CLND6；B0HF3CSTS9；B0HF3D27B7；B0HF3DF8QN；B0HF3DH6GT；B0HF3DH7GR；B0HF3DHJTY；B0HF3DTW2P；B0HF3DYF9V；B0HF3FGMZD；B0HF3FKKVL；B0HF3FT4JM；B0HF3G1LWR；B0HF3H8VKY；B0HF3H9GN5；B0HF3HMSMW；B0HF3HVBLZ；B0HF3HW9Z4；B0HF3J1SL5；B0HF3J68GX；B0HF3JCPQS；B0HF3JJYN8；B0HF3JR25Z；B0HF3JSYLZ；B0HF3LPX94；B0HF3LQJXQ；B0HF3LSVQW；B0HF3LYNGH；B0HF3M3JYJ；B0HF3MHTBJ；B0HF3MQLB5；B0HF3MWYJR；B0HF3N3RL9；B0HF3N5FZ7；B0HF3NFVW8；B0HF3NGJKY；B0HF3QD5XH；B0HF3QFXRJ；B0HF3QK92D；B0HF3QMVBR；B0HF3QQGFK；B0HF3QQS9X；B0HF3QW1HF；B0HF3QY8WF；B0HF3R3GWB；B0HF3RC8YG；B0HF3RCBR5；B0HF3RLBW8；B0HF3RRHXF；B0HF3S2PG8；B0HF3SZGWD；B0HF3T1RZD；B0HF3WN7YY；B0HF3WPTYK；B0HF3WS58D；B0HF3WSSS7；B0HF3WX27J；B0HF41JN8D；B0HF41P2S2；B0HF41RXHY；B0HF4212KL；B0HF424LWJ；B0HF4B4GRN；B0HF4BBZ89；B0HF4CHTLX；B0HF4D351S；B0HF4D6N4G；B0HF4D97JT；B0HF4F1X3H；B0HF4F5N8T；B0HF4FNNVZ；B0HF4G759S；B0HF4GC2XN；B0HF4GGQYM；B0HF4GJJWW；B0HF4GKHN3；B0HF4HN9S9；B0HF4HZFM5；B0HF4JGY5G；B0HF4JP363；B0HF4JP6SC；B0HF4JWN6W；B0HF4KB9B4；B0HF4KG55T；B0HF4L97DT；B0HF4LGC94；B0HF4LJFML；B0HF4LK9BG；B0HF4LM1ZQ；B0HF4LPXY5；B0HF4LQSLS；B0HF4LTJ2W；B0HF4M7HCF；B0HF4MHXNJ；B0HF4MRBYL；B0HF4N6F23；B0HF4ND3N9；B0HF4NH8QH；B0HF4NPYXQ；B0HF4NRFZB；B0HF4NRL7Z；B0HF4NRWS3；B0HF4NTNQM；B0HF4NVVRC；B0HF4PKZGQ；B0HF4PMKDX；B0HF4PRM3V；B0HF4Q5JLR；B0HF4Q7XM9；B0HF4Q853T；B0HF4QQG3J；B0HF4QTMK9；B0HF4QTYR4；B0HF4QZCJH；B0HF4R46C6；B0HF4RFKP6；B0HF4RFYC7；B0HF4RYM9W；B0HF4S1115；B0HF4SFW4F；B0HF4SVMX6；B0HF4SW28N；B0HF4TDM7H；B0HF4TJTXM；B0HF4TRQDC；B0HF4TSY5B；B0HF4V37P2；B0HF4VKHJH；B0HF4VMWMC；B0HF4W6S6F；B0HF4WCSTC；B0HF4WP58F；B0HF4WS2LD；B0HF4WZM16；B0HF4X4C1W；B0HF4XC484；B0HF4XYBJT；B0HF4YZPDF；B0HF4ZF3HG；B0HF4ZF5X9；B0HF4ZLWLS；B0HF4ZYKDH；B0HF51KVJ3；B0HF51LKS6；B0HF534CSM；B0HF54SLND；B0HF6V55WT；B0HF6VBSD1；B0HF6VDK1T；B0HF6WCXZ4；B0HF6X9YLV；B0HF6XKVTJ；B0HF6XN9PR；B0HF6XYWS1；B0HF6Y2CHT；B0HF6Y36KK；B0HF6ZF22C；B0HF6ZPQ29；B0HF6ZW2SY；B0HF7119G6；B0HF7165D1；B0HF71BKZP；B0HF71G1YB；B0HF71G45T；B0HF71MYB6；B0HF71Y7WR；B0HF721T32；B0HF729X31；B0HF72J2ZD；B0HF72QH89；B0HF72T5VH；B0HF733PGJ；B0HF7357HG；B0HF7395DL；B0HF73L3HM；B0HF73QDNR；B0HF73RMCC；B0HF73S98V；B0HF73S9LG；B0HF73XVQB；B0HF73YCW1；B0HF7415XG；B0HF7416NS；B0HF741V6G；B0HF745263；B0HF747396；B0HF748NYW；B0HF74BCS3；B0HF74HQC3；B0HF74YMRR；B0HF75B2D8；B0HF75B4PH；B0HF75M515；B0HF75QHRH；B0HF75QPV4；B0HF75SYSD；B0HF75V1LB；B0HF7624JZ；B0HF7653CB；B0HF767K44；B0HF767ZMW；B0HF7682QV；B0HF768MN9；B0HF76BTBP；B0HF76HHS2；B0HF76HM4N；B0HF76NBHR；B0HF76P4LT；B0HF76QNZ5；B0HF76WN2M；B0HF76XTK4；B0HF777WYF；B0HF778SVX；B0HF77JWMS；B0HF77MS3D；B0HF77YGQB；B0HF78JKL6；B0HF78K37N；B0HF78L3TY；B0HF78Q5S6；B0HF78QYGS；B0HF78TLLP；B0HF78X2KB；B0HF78X3H8；B0HF7913LT；B0HF796T3P；B0HF796T8P；B0HF798HPZ；B0HF799SKR；B0HF79R7DC；B0HF79TBD2；B0HF7B3L8T；B0HF7BZB3X；B0HF7C6BPQ；B0HF7CJ5CP；B0HF7CKRX1；B0HF7CMPGW；B0HF7D6QLT；B0HF7FDSHP；B0HF7FSRS7；B0HF7FZRXM；B0HF7G5RDY；B0HF7G7JHZ；B0HF7GJ383；B0HF7HY2JM；B0HF7JM825；B0HF7K1HDC；B0HF7K1TN8；B0HF7KVWQC；B0HF7MTLDT；B0HF7MWHRG；B0HF7MZZ57；B0HF7N5WZX；B0HF7PJNVZ；B0HF7PR8TF；B0HF7PTQNG；B0HF7PWJFQ；B0HF7Q3YY4；B0HF7QGGLD；B0HF7QX1P8；B0HF7QX57H；B0HF7R4KBL；B0HF7RKQJH；B0HF7SPGNW；B0HF7SS49Z；B0HF7TGQLC；B0HF7TLZDQ；B0HF7TPDSY；B0HF7VCYD8；B0HF7WYYHG；B0HF7YM7QC；B0HF847D44；B0HFHFSZRG；B0HFHHK9FJ；B0HFHJGHNR,6,0,0,2.66,0.0,拆出,按适配族群重建；主力ASIN一ASIN一活动,待运营确认,本周
520517159687618,SP-KW-MIX-转向器广泛-王云-KC4SGE01800-重点,9,B0GCMFMTPB；B0GQZ8T7R1；B0GQZFFJLK；B0GR4395WW；B0GR4598HK；B0GR4B54NJ；B0GR4C9BN5；B0GR4QVTBF；B0H6WDHXH5,2,0,0,1.49,0.0,拆出,按适配族群重建；主力ASIN一ASIN一活动,待运营确认,本周
120208862935473,SP-PT-转向器-王云-类目,231,B0BHTGVBRB；B0BLRLL89F；B0CF1B11W8；B0CF5F916G；B0CN14M1B4；B0CN15P14D；B0CN17GBN5；B0CN1868JM；B0CN6CLFVC；B0CN9F6LTF；B0CPFCXGMR；B0CPLYQPPW；B0CR18HZJC；B0D2D19CXW；B0D579TSP1；B0D5VL2VXB；B0D5VM1FST；B0DM96BQMG；B0DPCVYND6；B0DPCVZ4KH；B0DPCWMZ9B；B0DPCWN73Z；B0DPCWP8WR；B0DPCWQQCS；B0DPCWSF3G；B0DPCWWJHP；B0DPCWXT64；B0DPCWYHX9；B0DPCWYHXB；B0DPCWYNV6；B0DPCX11BY；B0DPCX3B23；B0DPCX4KJV；B0DPCX66CY；B0DPCX7QHQ；B0DPCXF2L9；B0DPCXH2PS；B0DPCXHB93；B0DPCXJTLG；B0DPCXKHXJ；B0DPCXKRCL；B0DPCXMRG4；B0DPCXSHJ8；B0DPCXZJQR；B0DPCY29GS；B0DPCY3SC2；B0DPMTFB27；B0DPMWTLZB；B0DPQG957S；B0DPQLYGNY；B0DPQNQD9G；B0DPZN1RR3；B0DPZS1LTK；B0DPZS94X1；B0DPZZNHWJ；B0DQ1713QC；B0DQZW5FXY；B0DQZX7L79；B0DR144TNH；B0DR1648XY；B0DR17PR85；B0DSDJV4NR；B0DSDKVX4J；B0DSDNHMWF；B0DSDQJT1S；B0DSPSL9SX；B0DSZVM93Q；B0DSZWN9RL；B0DWJQ3GNZ；B0DWJVN71Y；B0DWMSG3ML；B0DWMSSG1M；B0DWMT7C59；B0DWMT91GZ；B0DWMTBPZG；B0DWMTCC74；B0DWMTVB9C；B0DWMTZ8H1；B0DWMV3RPH；B0DWMV85N5；B0DWMVBS9V；B0DWMVNYMS；B0DWMVRNCJ；B0DWMVZ3BX；B0DWMW2718；B0DWMW85HW；B0DWMW8QBM；B0DWMWW45F；B0DWMX4BRG；B0F18B5J2V；B0F52XDM8T；B0F5324ZWR；B0F53DJQ49；B0F66Y1ZRR；B0F66YL93N；B0F66YQD1K；B0F66YZG6G；B0F66ZGNY8；B0F66ZWC45；B0F671H2XC；B0F671L76Z；B0F671MSR1；B0F671WTP3；B0F672R5VW；B0F672SLXV；B0F672XXMY；B0F6734V72；B0F673JP96；B0F673QG8L；B0F673ZGGP；B0F674LGB2；B0F6LJ7SHC；B0F6LJ7SV7；B0F6LJC2ZZ；B0F6LQ1J5Y；B0F6LQ1KNV；B0F6LRKXS2；B0F6LTZ1PB；B0F6LVFPSB；B0F6LVNVBG；B0F6LVWBQP；B0F6LWF86H；B0F6Y2VP1F；B0F6Y87FCZ；B0F9P15CFH；B0F9P1QSQ9；B0F9P2QX6Z；B0F9P2Y523；B0F9P2YZ89；B0F9P39BQ3；B0F9P4HWT4；B0F9P56J5K；B0F9P58SC6；B0F9P6R93Z；B0F9P6Z4J9；B0FCXQK488；B0FCXQNNJR；B0FCXY85QD；B0FCY28VSK；B0FCY4HGCF；B0FH6QKKB6；B0FLY2W3KJ；B0FLY3VDV4；B0FLY467RB；B0FLY5WTN1；B0FLY63Z5L；B0FLY648TN；B0FLY7Y3ZS；B0G2BRNN1K；B0G3NB921T；B0G3NCNKJ9；B0G7JFNSJF；B0G7JWTSN6；B0G7KF2FB2；B0G7KM1PKV；B0GCM4SZ8D；B0GQZ1RZM9；B0GQZ8BTP9；B0GQZB7LVN；B0GQZB98RM；B0GQZBWLRX；B0GQZCYLNP；B0GQZDB9RJ；B0GQZDL2NS；B0GQZFFJLK；B0GQZJJ997；B0GQZL4118；B0GQZLS7PZ；B0GQZM88B7；B0GR2RSK79；B0GR2RTL92；B0GR31KW4H；B0GR32H6WX；B0GR345J7B；B0GR34KY99；B0GR36VYQS；B0GR37HV17；B0GR39CKDS；B0GR3B3S1F；B0GR4377DH；B0GR456L19；B0GR45NK9S；B0GR46HMN7；B0GR4CLXDD；B0GR4G6P7P；B0GR4H4M4Q；B0GR4HTKZV；B0GR4MMBH1；B0GR4ND1ZP；B0GR4QTT46；B0GR4S6CNN；B0GR4TMSHC；B0GR4TWF3D；B0GR4V1436；B0GR51CJ8M；B0GSCDPTTP；B0GSCHV15P；B0GSCKK336；B0GSCQZNBJ；B0GSCTYV8X；B0GSCYWWKW；B0GSCZ2K1B；B0GSD1T7VX；B0GSD39Q7L；B0GTSC9PSP；B0GTT2ZVN4；B0GTT8WX7B；B0GTTFC9WL；B0H2Z6F3CF；B0H6W8GKV4；B0H6W8M47G；B0H6W8WBYW；B0H6WC6J4N；B0H6WD42SN；B0H6WDYZVD；B0H6WFYLY8；B0H6WG6FBJ；B0H6WGKPR5；B0H6WGSHB4；B0H6WJ5F5J；B0H6WKNBLS；B0H6WKSJ7V；B0H6WL6547；B0H6WLQDVM；B0H6WN631T；B0H6WNHTQ6；B0H6WNKJCR；B0H6WPMXL9；B0H6WPPZ4N；B0H6WPSRG8；B0H6WQK99C,0,0,0,0.0,0.0,保留合并,同族群合并并统一否词,待运营确认,本周
500192690319929,SP-AUTO-MIX-转向器-王云-停售恢复,22,B0BHTGVBRB；B0BJV9CPXG；B0CM6MYFV2；B0CM8V7C87；B0CN138TN6；B0CN15P14D；B0CN16WLHC；B0CN18MW7K；B0CN6BS12J；B0CP23HY13；B0CRB3RHZ2；B0CX1F1KG7；B0CX4S461Z；B0D13S2RLL；B0D2D2S1WN；B0DM97P24W；B0DM99R9V1；B0DPCWWRMM；B0DPCX88KX；B0DPWWTKQP；B0DQY5PNYT；B0DSF2DRGY,0,0,0,0.0,0.0,保留合并,同族群合并并统一否词,待运营确认,本周
474595686793887,SP-KW-Mix-转向器-王云-KC4SGE04900-重点,16,B0CQYS992X；B0D6LLKT4L；B0DM94TXKN；B0DPCWWJHP；B0DPCX75QY；B0DPZMTD3C；B0DPZZNHWJ；B0DWMTNV1D；B0DWMV2FY1；B0F6746Y4S；B0F6LJ961H；B0F6Y3D8Y5；B0FCXQ7839；B0FCXY3LLS；B0GR37L92C；B0GR3ZPH9F,0,0,0,0.0,0.0,保留合并,同族群合并并统一否词,待运营确认,本周
467710560720840,SP-AUTO-MIX-转向器-王云-小品牌&KAC老品,13,B0BJV9CPXG；B0C3HK9H5Y；B0CF1B11W8；B0CFF3SMT8；B0CN9C2CYX；B0CN9FW5CF；B0CP23HY13；B0CR42YFR6；B0D47FDWWC；B0D5VL2VXB；B0D5VNK2F7；B0D5VQ98F7；B0D6LL9CDQ,0,0,0,0.0,0.0,观察,未达到ASIN≥15筛选门槛；监控搜索词后再决定,待运营确认,本周
375873629245611,SP-KW-Mix-转向器-王云-KC4PSP18000-重点,12,B0CQYV24BD；B0DPCXL6DK；B0DQY5ZL3Z；B0DSDPLJZ3；B0DWJZLMJ2；B0F675NJF7；B0GCMGPV1W；B0GQZG719H；B0GR3WS86L；B0GR42M1FL；B0GR4HY8HX；B0H6XGB3TG,0,0,0,0.0,0.0,观察,未达到ASIN≥15筛选门槛；监控搜索词后再决定,待运营确认,本周
324539651127643,SP-KW-MIX-王云-转向器-KC4PSP16600-重点,11,B0BHTJ9G48；B0CN6CPCGN；B0CRB3J8ZW；B0CX4GTPFR；B0CX55D1S9；B0DPCX11BY；B0F672B1QN；B0FCXT2347；B0GCLNT37B；B0GQZB7LVN；B0GR4G3W29,0,0,0,0.0,0.0,观察,未达到ASIN≥15筛选门槛；监控搜索词后再决定,待运营确认,本周
397594581728985,SP-KW-MIX-王云-转向器-KC4SGE02500-重点,11,B0DPCWYNV6；B0DPCXC32D；B0F6LQBYQM；B0F6LTL5H6；B0F9P5Q32W；B0FCXR51DX；B0FLY2GTR9；B0GQZMBCHQ；B0GR42WDJ3；B0GR4FJFKY；B0H6WL5BHM,0,0,0,0.0,0.0,观察,未达到ASIN≥15筛选门槛；监控搜索词后再决定,待运营确认,本周
61696678390363,SP-Auto-Mix-转向器-王云-PT4SGE24700-重点,10,B0DWMTWKBP；B0F6Y87FCZ；B0GCM38QK4；B0GR2KNS32；B0GR3YN74C；B0GR48MHK8；B0GR4PV3T4；B0H2YYR6YL；B0H32XTJZD；B0H6XCDWXV,0,0,0,0.0,0.0,观察,未达到ASIN≥15筛选门槛；监控搜索词后再决定,待运营确认,本周
285575805306790,SP-KW-Mix-转向器-王云-KC4PSP15800-重点,10,B0CCSCLCSS；B0CF1B11W8；B0CX16JK94；B0D46K8KV3；B0D5VQ98F7；B0DPCWMZ9B；B0DPMTFB27；B0DQY5LGZ1；B0F6LRMMY2；B0FCY5DXQT,0,0,0,0.0,0.0,观察,未达到ASIN≥15筛选门槛；监控搜索词后再决定,待运营确认,本周
286842931049291,SP-KW-Mix-转向器-王云-KC4SGE05100-重点,10,B0DPCY3SC2；B0DPZN1RR3；B0DQZX7L79；B0F6LVWBQP；B0F9P39BQ3；B0F9P56J5K；B0FLY1MW81；B0GR3G1TLW；B0GR4FDFSQ；B0GR4G3WZV,0,0,0,0.0,0.0,观察,未达到ASIN≥15筛选门槛；监控搜索词后再决定,待运营确认,本周
291078970738237,SP-Auto-Mix-转向器-王云-KC4SGE04600-重点,10,B0CRB2FJK9；B0DPCXMDMM；B0F9P15CFH；B0GQZLS7PZ；B0GR3ZSDBQ；B0GR4KW4T3；B0GR4T2Z1Q；B0H32MKBYC；B0H6WBBG7P；B0H9PRYZY2,0,0,0,0.0,0.0,观察,未达到ASIN≥15筛选门槛；监控搜索词后再决定,待运营确认,本周
313897942274532,SP-KW-Mix-转向器-王云-KX4SGE15800-重点,10,B0DPCX14JC；B0DQZWB77C；B0DSDMNPSC；B0F66Y1ZW8；B0F9P58SC6；B0FCY1P9YD；B0FH6QKKB6；B0FH6R5J4G；B0GR34N98F；B0H6WCJWBW,0,0,0,0.0,0.0,观察,未达到ASIN≥15筛选门槛；监控搜索词后再决定,待运营确认,本周
392792581257401,SP-KW-Mix-转向器-王云-KC4SGE05400-重点,10,B0DQZTSY6V；B0F53DJQ49；B0F9P3N6DH；B0FCXVQSV6；B0FLY5Q2JY；B0GCMTMPTY；B0GR2V4Y4F；B0GR4KDGGX；B0GR4QMTMG；B0GR4S38WL,0,0,0,0.0,0.0,观察,未达到ASIN≥15筛选门槛；监控搜索词后再决定,待运营确认,本周
394492862399507,SP-Auto-Mix-转向器-王云-PT4SGE19800-重点,10,B0DWMTXQZK；B0DWMVW888；B0F18R2YW4；B0F6LQKQC1；B0GR2YLFN4；B0GR42MZ7S；B0GR492V81；B0H2Z218FC；B0H3377YBZ；B0H6WHVJ8N,0,0,0,0.0,0.0,观察,未达到ASIN≥15筛选门槛；监控搜索词后再决定,待运营确认,本周
399049815300747,SP-AUTO-MIX-王云-转向器-KC4SGE00100-重点,10,B0DPQLLN9D；B0DQY58X6W；B0F673YCRF；B0GQZF2QYL；B0GR3WH3NJ；B0GR489418；B0H2YYYQD8；B0H32S81BM；B0H6WNKJCR；B0H9LPTCTQ,0,0,0,0.0,0.0,观察,未达到ASIN≥15筛选门槛；监控搜索词后再决定,待运营确认,本周
399736531644583,SP-Auto-Mix-转向器-王云-KX4SGE14500-重点,10,B0DPZS94X1；B0DR17PR85；B0F66ZGNY8；B0F6LQ1KNV；B0GR3787KB；B0GR3YN8S1；B0GR44TSPR；B0GR4WDDY4；B0H6WKKXKW；B0H9LRGW4J,0,0,0,0.0,0.0,观察,未达到ASIN≥15筛选门槛；监控搜索词后再决定,待运营确认,本周
435199703309566,SP-KW-Mix-转向器-王云-KX4SGE14500-重点,10,B0DPZS94X1；B0DR17PR85；B0F66ZGNY8；B0F6LQ1KNV；B0FLY5P3B6；B0GR3787KB；B0GR3YN8S1；B0GR44TSPR；B0GR4WDDY4；B0H6WKKXKW,0,0,0,0.0,0.0,观察,未达到ASIN≥15筛选门槛；监控搜索词后再决定,待运营确认,本周
451129904825195,SP-Auto-Mix-转向器-王云-KX4SGE11100-重点,10,B0DPCX2GY5；B0DR1648XY；B0DSPSL9SX；B0F6728CD8；B0F6LMLB78；B0FLY3X7MD；B0GQZ8YXLD；B0GR4QK87D；B0H6WCC2CK；B0H9LJ2YCQ,0,0,0,0.0,0.0,观察,未达到ASIN≥15筛选门槛；监控搜索词后再决定,待运营确认,本周
451229582437485,SP-Auto-Mix-转向器-王云-KC4SGE02400-重点,10,B0DM952QZC；B0DPWTWBNV；B0DQZW5FXY；B0F6LMKBQ2；B0GQZ8T7R1；B0GR4B54NJ；B0GR4QVTBF；B0H32HCVC2；B0H6WGGS93；B0H9LPJQLW,0,0,0,0.0,0.0,观察,未达到ASIN≥15筛选门槛；监控搜索词后再决定,待运营确认,本周
475090204414277,SP-Auto-Mix-转向器-王云-KC4SGE02800-重点,10,B0DQZS9NTG；B0F9P38NR7；B0F9P6R93Z；B0GQZB98RM；B0GR3ZNJT9；B0GR4LNFQC；B0GR4MNJ7C；B0H2Z3R2F8；B0H32W6FZ2；B0H6WN739B,0,0,0,0.0,0.0,观察,未达到ASIN≥15筛选门槛；监控搜索词后再决定,待运营确认,本周
476682491496105,SP-Auto-Mix-转向器-王云-KC4SGE04800-重点,10,B0DPZK76DX；B0F52XS7Y7；B0F53BTL67；B0FLY7Y3ZS；B0FQP6BT33；B0GR2N4GF1；B0GR4FRN1X；B0GR59R67B；B0H6WG6FBJ；B0H9PX17P9,0,0,0,0.0,0.0,观察,未达到ASIN≥15筛选门槛；监控搜索词后再决定,待运营确认,本周
483665031876842,SP-Auto-Mix-转向器-王云-KC4PSP17100-重点,10,B0CM5M5Y9P；B0F6723ZTS；B0F9P2Q85P；B0FLY3V5CQ；B0GQZ66J1B；B0GR4MBVLC；B0GR4MQRJ7；B0H2Z4N2S7；B0H32XPHLR；B0H6WRCV8D,0,0,0,0.0,0.0,观察,未达到ASIN≥15筛选门槛；监控搜索词后再决定,待运营确认,本周
502409415581658,SP-Auto-Mix-转向器-王云-PT4SGE26700-重点,10,B0F673H415；B0F6LRPTGW；B0F9P2H5QG；B0GR32H6WX；B0GR46JPG9；B0GR4NBCFX；B0GR4QH9RQ；B0H2Z2RMHB；B0H6WNBNPY；B0H9LPWG71,0,0,0,0.0,0.0,观察,未达到ASIN≥15筛选门槛；监控搜索词后再决定,待运营确认,本周
525420681465973,SP-Auto-Mix-转向器-王云-KX4SGE17100-重点,10,B0DPCXS49Q；B0DWJXRXNM；B0FLY4GPSN；B0GR2RSK79；B0GR4KG17D；B0GR4QCQL8；B0GR4TZZVL；B0H2Z2B1S3；B0H32GKWM3；B0H6WFXQ6N,0,0,0,0.0,0.0,观察,未达到ASIN≥15筛选门槛；监控搜索词后再决定,待运营确认,本周
537848717797431,SP-Auto-Mix-转向器-KC4SGE05100-重点,10,B0DPZN1RR3；B0DQZX7L79；B0F6LVWBQP；B0F9P39BQ3；B0F9P56J5K；B0FLY1MW81；B0GR3G1TLW；B0GR4FDFSQ；B0GR4G3WZV；B0H6XBXQXD,0,0,0,0.0,0.0,观察,未达到ASIN≥15筛选门槛；监控搜索词后再决定,待运营确认,本周
554433794465192,SP-Auto-Mix-转向器-王云-KX4SGE14900-重点,10,B0DPCWP8WR；B0F6732G7C；B0F9P1SCYX；B0FCY1ZS15；B0GR3FTPG4；B0GR45X65X；B0GR4HWSV9；B0GR4JKPDL；B0H2Z3TP1T；B0H6WHSJNL,0,0,0,0.0,0.0,观察,未达到ASIN≥15筛选门槛；监控搜索词后再决定,待运营确认,本周
287264640879468,SP-KW-MIX-王云-转向器-KC4SGE05500-重点,9,B0F43P82KJ；B0F53BT2RC；B0F6LJCHXW；B0FCY3HWGX；B0GCLNMCXZ；B0GR39CKDS；B0GR4BH1YQ；B0GR4NJQLD；B0H6WQNFSR,0,0,0,0.0,0.0,观察,未达到ASIN≥15筛选门槛；监控搜索词后再决定,待运营确认,本周
295367820843943,SP-Auto-Mix-转向器-王云-PT4SGE19200-重点,9,B0DWMTCC74；B0F674LGB2；B0F6LWVFSN；B0FLY6SC71；B0GQZGNF8J；B0GR3WPSRN；B0GR4C16WD；B0GR4S6CNN；B0H2Z9T7LZ,0,0,0,0.0,0.0,观察,未达到ASIN≥15筛选门槛；监控搜索词后再决定,待运营确认,本周
307689005084512,SP-Auto-Mix-转向器-王云-KX4SGE08900-重点,9,B0DSZWN9RL；B0F673ZGGP；B0FLY36KJ4；B0GQZBJHLY；B0GR3S5PMY；B0GR51JFYN；B0H2Z2YLLX；B0H6WG6J3Y；B0H9Q8M69P,0,0,0,0.0,0.0,观察,未达到ASIN≥15筛选门槛；监控搜索词后再决定,待运营确认,本周
314947835076636,SP-KW-Mix-转向器-王云-KC4SGE04600-重点,9,B0CRB2FJK9；B0DPCXMDMM；B0F9P15CFH；B0FCXQMKCS；B0GQZLS7PZ；B0GR3ZSDBQ；B0GR4KW4T3；B0GR4T2Z1Q；B0H6WBBG7P,0,0,0,0.0,0.0,观察,未达到ASIN≥15筛选门槛；监控搜索词后再决定,待运营确认,本周
329468485032754,SP-KW-Mix-转向器-王云-PT4SGE19100-重点,9,B0DWMW85HW；B0DWMWSW64；B0F6LJB2C1；B0FCXRVNRZ；B0FLY648TN；B0GR322BJM；B0GR45SYDD；B0GR4GXXMW；B0H6WPSRCZ,0,0,0,0.0,0.0,观察,未达到ASIN≥15筛选门槛；监控搜索词后再决定,待运营确认,本周
329874971773745,SP-AUTO-MIX-王云-转向器-KX4SGE08500-重点,9,B0DSF3YM3M；B0FCY54KWG；B0FQP7C3MN；B0GQZB25X4；B0GR4GJ96D；B0H2YZHXP9；B0H32KRK4S；B0H6WR8LPM；B0H9Q8PCBX,0,0,0,0.0,0.0,观察,未达到ASIN≥15筛选门槛；监控搜索词后再决定,待运营确认,本周
348424816065187,SP-Kw-Mix-转向器-王云-KC4SGE04800-重点,9,B0DPZK76DX；B0F52XS7Y7；B0F53BTL67；B0FLY7Y3ZS；B0FQP6BT33；B0GR2N4GF1；B0GR4FRN1X；B0GR59R67B；B0H6WG6FBJ,0,0,0,0.0,0.0,观察,未达到ASIN≥15筛选门槛；监控搜索词后再决定,待运营确认,本周
350323080334219,SP-Auto-Mix-转向器-王云-KX4SGE13200-重点,9,B0F673YB29；B0F9P2QX6Z；B0F9P2YZ89；B0FCY49VLV；B0GR37HV17；B0GR4MP67V；B0GR517TM2；B0H6XBB7RD；B0H9LWXCW6,0,0,0,0.0,0.0,观察,未达到ASIN≥15筛选门槛；监控搜索词后再决定,待运营确认,本周
363184406457081,SP-Auto-Mix-转向器-王云-PT4SGE20500-重点,9,B0DWMVST5H；B0F671LQDV；B0F6LTZ1PB；B0GQZP2R34；B0GR3YR5Z8；B0GR4RC999；B0H2YXJQ5X；B0H6WL6547；B0H9PWFWX9,0,0,0,0.0,0.0,观察,未达到ASIN≥15筛选门槛；监控搜索词后再决定,待运营确认,本周
372346782418254,SP-KW-Mix-转向器-王云-KC4SGE02800-重点,9,B0DPCWYHX9；B0DQZS9NTG；B0F9P38NR7；B0F9P6R93Z；B0GQZB98RM；B0GR3ZNJT9；B0GR4LNFQC；B0GR4MNJ7C；B0H6WN739B,0,0,0,0.0,0.0,观察,未达到ASIN≥15筛选门槛；监控搜索词后再决定,待运营确认,本周
377212123053514,SP-KW-Mix-转向器-王云-PT4SGE18300-重点,9,B0DWMTVC74；B0DWMWRW4J；B0F6Y1Q67S；B0F6Y7D6Q2；B0GR2RS2P2；B0GR4F4NX1；B0GR4JQS64；B0GR4PNMHT；B0H6WPRBFM,0,0,0,0.0,0.0,观察,未达到ASIN≥15筛选门槛；监控搜索词后再决定,待运营确认,本周
380521994144171,SP-KW-Mix-转向器-王云-KC4PSP17100-重点,9,B0CM5M5Y9P；B0CQYVJJLW；B0F6723ZTS；B0F9P2Q85P；B0FCXXP5Q5；B0GQZ66J1B；B0GR4MBVLC；B0GR4MQRJ7；B0H6WRCV8D,0,0,0,0.0,0.0,观察,未达到ASIN≥15筛选门槛；监控搜索词后再决定,待运营确认,本周
406968726174974,SP-Auto-Mix-转向器-王云-PT4SGE28200-重点,9,B0DWMW8WBV；B0DWMXKTLC；B0F6LJBFD3；B0GR31HQBF；B0GR4DLJH8；B0GR4TR154；B0H2ZC8QQT；B0H32RCTWS；B0H6WPC3ZF,0,0,0,0.0,0.0,观察,未达到ASIN≥15筛选门槛；监控搜索词后再决定,待运营确认,本周
407191516399884,SP-Auto-Mix-转向器-王云-PT4SGE19600-重点,9,B0DWMSHL7S；B0F674J4JD；B0GR34J683；B0GR48CMY4；B0GR51NGZQ；B0H2Z2ZML1；B0H32RW5HS；B0H6WC2QTD；B0H9PWYDL3,0,0,0,0.0,0.0,观察,未达到ASIN≥15筛选门槛；监控搜索词后再决定,待运营确认,本周
407457632973047,SP-Auto-Mix-转向器-王云-KC4PSP18100-重点,9,B0F675XZ7M；B0FLXYZC67；B0GQZFXTGB；B0GR45NK9S；B0GR49RDK3；B0GR4S9F1W；B0H2Z1PCYP；B0H32R86TC；B0H6WLQM6F,0,0,0,0.0,0.0,观察,未达到ASIN≥15筛选门槛；监控搜索词后再决定,待运营确认,本周
408876370749586,SP-Auto-Mix-转向器-王云-PT4SGE25400-重点,9,B0DWMVNYMS；B0DWMVP2YN；B0GR2JB11S；B0GR45Z3RB；B0GR4B55CW；B0H2Z2RN6K；B0H32QDY3C；B0H6WMTYJQ；B0H9LSGGQR,0,0,0,0.0,0.0,观察,未达到ASIN≥15筛选门槛；监控搜索词后再决定,待运营确认,本周
418523720092459,SP-KW-Mix-转向器-王云-KX4SGE09200-重点,9,B0DSZQ5BCN；B0DT11L48N；B0DWK1388B；B0F66ZGCVQ；B0F6LML94M；B0GQZ68DTZ；B0GR49W2X7；B0GR4BNM9N；B0GR4VVMTR,0,0,0,0.0,0.0,观察,未达到ASIN≥15筛选门槛；监控搜索词后再决定,待运营确认,本周
441600428422762,SP-Auto-Mix-转向器-王云-PT4SGE24100-重点,9,B0GCM4SZ8D；B0GCNX9YLW；B0GR4C6JZZ；B0GR4GYJMQ；B0GR4K8L8W；B0H2YXJM3Q；B0H32XVBQ3；B0H6WFXWPG；B0H9Q828BQ,0,0,0,0.0,0.0,观察,未达到ASIN≥15筛选门槛；监控搜索词后再决定,待运营确认,本周
454570506752966,SP-KW-Mix-转向器-王云-PT4SGE28200-重点,9,B0DWMW8WBV；B0DWMXKTLC；B0F6LJBFD3；B0FCY1GJ2D；B0G7JMS6RP；B0GR31HQBF；B0GR4DLJH8；B0GR4TR154；B0H6WPC3ZF,0,0,0,0.0,0.0,观察,未达到ASIN≥15筛选门槛；监控搜索词后再决定,待运营确认,本周
490619584637154,SP-Auto-Mix-转向器-王云-PT4SGE18600-重点,9,B0DWMT91GZ；B0DWMWM7RD；B0F67279T9；B0FQP738Z5；B0GQZCYLNP；B0GR4GVZNB；B0H32VVQD7；B0H6WNBKKQ；B0H9PXVW57,0,0,0,0.0,0.0,观察,未达到ASIN≥15筛选门槛；监控搜索词后再决定,待运营确认,本周
495781270781270,SP-KW-Mix-转向器-王云-KC4SGE00300-重点,9,B0CX1FW5TT；B0DPW7DYNF；B0F9P3YMVH；B0FCXRVNRV；B0GQZBGPHP；B0GR3S2XRM；B0GR4JQS8L；B0GR4L7CPP；B0H6WMLYV2,0,0,0,0.0,0.0,观察,未达到ASIN≥15筛选门槛；监控搜索词后再决定,待运营确认,本周
497328677045073,SP-KW-MIX-王云-转向器-KX4SGE08500-重点,9,B0DSF3YM3M；B0FCY54KWG；B0FQP7C3MN；B0GCNDR2G5；B0GQZB25X4；B0GR4GJ96D；B0GR4P6C6J；B0GR4T493P；B0H6WR8LPM,0,0,0,0.0,0.0,观察,未达到ASIN≥15筛选门槛；监控搜索词后再决定,待运营确认,本周
497358066694473,SP-Auto-Mix-转向器-王云-PT4SGE18300-重点,9,B0DWMTVC74；B0DWMWRW4J；B0F6Y1Q67S；B0F6Y7D6Q2；B0FLY5FNN9；B0GR2RS2P2；B0GR4F4NX1；B0GR4PNMHT；B0H6WPRBFM,0,0,0,0.0,0.0,观察,未达到ASIN≥15筛选门槛；监控搜索词后再决定,待运营确认,本周
500980641186169,SP-KW-Mix-转向器-王云-KC4SGE04200-重点,9,B0DPCXPSCH；B0DQZW2C1Q；B0F67477ML；B0F6LJCMF1；B0F9P33RVM；B0F9P7JHMQ；B0FCXRV9TR；B0GQZPSNSN；B0H6WLCCKW,0,0,0,0.0,0.0,观察,未达到ASIN≥15筛选门槛；监控搜索词后再决定,待运营确认,本周
514403012831926,SP-KW-Mix-转向器-王云-KX4SGE14900-重点,9,B0DPCWP8WR；B0F6732G7C；B0F9P1SCYX；B0FCY1ZS15；B0GR3FTPG4；B0GR45X65X；B0GR4HWSV9；B0GR4JKPDL；B0H6WHSJNL,0,0,0,0.0,0.0,观察,未达到ASIN≥15筛选门槛；监控搜索词后再决定,待运营确认,本周
523641136226609,SP-KW-Mix-转向器-王云-KX4SGE12900-重点,9,B0DPCXCTN1；B0DWK1HVFF；B0F6LVHLM8；B0FCXVNLJ6；B0G7JWTSN6；B0GR33RCBC；B0GR4HN4R5；B0GR4V1436；B0H6WM9F8J,0,0,0,0.0,0.0,观察,未达到ASIN≥15筛选门槛；监控搜索词后再决定,待运营确认,本周
528011725098033,SP-KW-Mix-转向器-王云-PT4SGE27000-重点,9,B0DWMVQGKD；B0DWMWJ67H；B0F18WYS7C；B0F9P1429X；B0GR2TWC5H；B0GR4G7X5P；B0GR4HN45R；B0GR4YJ9N7；B0H6WNCHFQ,0,0,0,0.0,0.0,观察,未达到ASIN≥15筛选门槛；监控搜索词后再决定,待运营确认,本周
535719948259660,SP-kw-Mix-转向器-王云-KX4SGE11100-重点,9,B0DPCX2GY5；B0DR1648XY；B0DSPSL9SX；B0F6728CD8；B0F6LMLB78；B0FLY3X7MD；B0GQZ8YXLD；B0GR4QK87D；B0H6WCC2CK,0,0,0,0.0,0.0,观察,未达到ASIN≥15筛选门槛；监控搜索词后再决定,待运营确认,本周
537249647343945,SP-Auto-Mix-转向器-王云-KX4SGE16500-重点,9,B0DPCX66CY；B0DPZS1LTK；B0F672BHPC；B0GR34PLB8；B0GR4QJ9ST；B0GR4X4WS6；B0H2YYYG7K；B0H32N9CST；B0H6WQK99C,0,0,0,0.0,0.0,观察,未达到ASIN≥15筛选门槛；监控搜索词后再决定,待运营确认,本周
537373216139207,SP-AUTO-MIX-王云-转向器-KC4SGE04300-重点,9,B0DPCX75QY；B0DSDP4HXC；B0F43NQY7N；B0FCXQ7839；B0FCXY3LLS；B0GR2RWQ4Q；B0GR4QK84Z；B0H2Z66KDN；B0H9Q561F6,0,0,0,0.0,0.0,观察,未达到ASIN≥15筛选门槛；监控搜索词后再决定,待运营确认,本周
537733476745548,SP-AUTO-MIX-王云-转向器-KC4SGE05300-重点,9,B0D2D19CXW；B0DQZWMH13；B0DSDP1VWQ；B0F6LMKF5M；B0FLY1TWFX；B0GR39YKFT；B0GR4S48FD；B0H6WJ1P5Q；B0H9PT5BPT,0,0,0,0.0,0.0,观察,未达到ASIN≥15筛选门槛；监控搜索词后再决定,待运营确认,本周
542890146622068,SP-Auto-Mix-转向器-王云-KC4SGE05400-重点,9,B0DQZTSY6V；B0F53DJQ49；B0F9P3N6DH；B0FLY5Q2JY；B0GR2V4Y4F；B0GR4KDGGX；B0GR4QMTMG；B0H6WQFDG8；B0H9LXB541,0,0,0,0.0,0.0,观察,未达到ASIN≥15筛选门槛；监控搜索词后再决定,待运营确认,本周
545150361695597,SP-Auto-Mix-转向器-王云-KX4SGE09200-重点,9,B0DSZQ5BCN；B0DT11L48N；B0DWK1388B；B0F66ZGCVQ；B0GQZ68DTZ；B0GR49W2X7；B0GR4BNM9N；B0GR4VVMTR；B0H32PDT26,0,0,0,0.0,0.0,观察,未达到ASIN≥15筛选门槛；监控搜索词后再决定,待运营确认,本周
551513967981274,SP-Auto-Mix-转向器-王云-KX4SGE13700-重点,9,B0DPCXKHXJ；B0F9P2ZWVH；B0GR2TT15G；B0GR452NGN；B0GR4DDZLN；B0GR4LNWTM；B0H2Z4LB4T；B0H6WPX4N1；B0H9LNB9FJ,0,0,0,0.0,0.0,观察,未达到ASIN≥15筛选门槛；监控搜索词后再决定,待运营确认,本周
558882070291307,SP-kw-Mix-转向器-王云-PT4SGE19200-重点,9,B0DWMTCC74；B0F674LGB2；B0F6LWVFSN；B0FLY6SC71；B0GQZGNF8J；B0GR3WPSRN；B0GR4C16WD；B0GR4S6CNN；B0H6WLBQ9P,0,0,0,0.0,0.0,观察,未达到ASIN≥15筛选门槛；监控搜索词后再决定,待运营确认,本周
282825088717793,SP-AUTO-MIX-王云-转向器-KC4SGE05500-重点,8,B0F43P82KJ；B0F6LJCHXW；B0FCY3HWGX；B0GR39CKDS；B0GR4BH1YQ；B0GR4NJQLD；B0H6WQNFSR；B0H9PWRFWC,0,0,0,0.0,0.0,观察,未达到ASIN≥15筛选门槛；监控搜索词后再决定,待运营确认,本周
291009935197784,SP-KW-Mix-转向器-王云-PT4SGE18700-重点,8,B0DWMSF77S；B0FLY3VDV4；B0G7KF2FB2；B0GQZGRDST；B0GR3YN8NQ；B0GR4G9WSJ；B0GR4ND73X；B0H6W8GKV4,0,0,0,0.0,0.0,观察,未达到ASIN≥15筛选门槛；监控搜索词后再决定,待运营确认,本周
291579047709623,SP-KW-Mix-转向器-王云-KX4SGE10100-重点,8,B0DWMWXN5W；B0F671K3LF；B0F6LRNM1K；B0FCXRN1NH；B0GQZPS8SY；B0GR4M4ZM7；B0GR4TYCKZ；B0H6W8QSG9,0,0,0,0.0,0.0,观察,未达到ASIN≥15筛选门槛；监控搜索词后再决定,待运营确认,本周
292680179653479,SP-KW-Mix-转向器-王云-PT4SGE20500-重点,8,B0DWMVST5H；B0F671LQDV；B0F6LTZ1PB；B0FCXQK488；B0GQZP2R34；B0GR3YR5Z8；B0GR4RC999；B0H6WL6547,0,0,0,0.0,0.0,观察,未达到ASIN≥15筛选门槛；监控搜索词后再决定,待运营确认,本周
301902251355913,SP-KW-Mix-转向器-王云-KC4SGE01300-重点,8,B0DPCW8Q3P；B0DQZVT6JV；B0F673Q69B；B0F6LRLLWT；B0FCXVZSGS；B0GQZJT9VW；B0GR4M8WWH；B0H6WBX8VX,0,0,0,0.0,0.0,观察,未达到ASIN≥15筛选门槛；监控搜索词后再决定,待运营确认,本周
312612243601189,SP-Auto-Mix-转向器-KX4SGE17700-重点,8,B0DPCWN73Z；B0F6LWCHLG；B0F9P7FY3D；B0GR2VPMNH；B0GR4JRVTV；B0H2Z6B177；B0H6WMSZBR；B0H9LXCDJF,0,0,0,0.0,0.0,观察,未达到ASIN≥15筛选门槛；监控搜索词后再决定,待运营确认,本周
313628450835140,SP-KW-Mix-转向器-王云-KC4SGE05000-重点,8,B0DPCWMYZS；B0F6LV1CVP；B0FCY2SJ1V；B0GCYHLH13；B0GR3HFYXR；B0GR49N32T；B0GR4H3T4T；B0GR4HV7S1,0,0,0,0.0,0.0,观察,未达到ASIN≥15筛选门槛；监控搜索词后再决定,待运营确认,本周
321298987150000,SP-Auto-Mix-转向器-王云-PT4SGE21000-重点,8,B0DWMV3S49；B0F673JP6T；B0GQZLQJQX；B0GR3XL2LK；B0GR4LYKRT；B0GR4Q79LQ；B0H32QG1YD；B0H6WKXGBS,0,0,0,0.0,0.0,观察,未达到ASIN≥15筛选门槛；监控搜索词后再决定,待运营确认,本周
322876736991534,SP-Auto-Mix-转向器-王云-KX4SGE11700-重点,8,B0DPCWLGG6；B0DQ1713QC；B0F6LVKCVH；B0GQZL4118；B0GR4DGQJG；B0GR4DTWHC；B0GR4LX9TM；B0H6WBBG37,0,0,0,0.0,0.0,观察,未达到ASIN≥15筛选门槛；监控搜索词后再决定,待运营确认,本周
323767853670489,SP-AUTO-MIX-王云-转向器-KX4SGE08100-重点,8,B0DPCX4KJV；B0FLY63STB；B0GQZCPKQ3；B0GR45633P；B0GR4C6WS2；B0GR4T8KNN；B0H6WPSRG8；B0H9PZ5PBR,0,0,0,0.0,0.0,观察,未达到ASIN≥15筛选门槛；监控搜索词后再决定,待运营确认,本周
329394352515939,SP-KW-Mix-转向器-王云-KC4SGE03300-重点,8,B0DM97PHWP；B0DPCWQW36；B0F66ZYR9M；B0F6LJBYMX；B0GR345J7B；B0GR4GMYSM；B0GR4SPLX7；B0H6WNXZN3,0,0,0,0.0,0.0,观察,未达到ASIN≥15筛选门槛；监控搜索词后再决定,待运营确认,本周
329411240077113,SP-AUTO-MIX-王云-转向器-KC4SGE03200-重点,8,B0CX4W842Q；B0F5324ZWR；B0F537GH49；B0F66Z6WZ7；B0GR2RVVV3；B0GR3WF6HB；B0GR4Y4XQL；B0H6WDL4C9,0,0,0,0.0,0.0,观察,未达到ASIN≥15筛选门槛；监控搜索词后再决定,待运营确认,本周
332843868299023,SP-KW-Mix-转向器-王云-PT4SGE19800-重点,8,B0DWMTXQZK；B0DWMVW888；B0F18R2YW4；B0F6LQKQC1；B0GR2YLFN4；B0GR42MZ7S；B0GR492V81；B0H6WHVJ8N,0,0,0,0.0,0.0,观察,未达到ASIN≥15筛选门槛；监控搜索词后再决定,待运营确认,本周
346278946595448,SP-Auto-Mix-转向器-王云-KC4SGE00300-重点,8,B0DPW7DYNF；B0F9P3YMVH；B0GQZBGPHP；B0GR3S2XRM；B0GR4JQS8L；B0GR4L7CPP；B0H2Z1KLM6；B0H6WMLYV2,0,0,0,0.0,0.0,观察,未达到ASIN≥15筛选门槛；监控搜索词后再决定,待运营确认,本周
355523367371184,SP-KW-Mix-转向器-KX4SGE13200-重点,8,B0F673YB29；B0F9P2QX6Z；B0F9P2YZ89；B0FCY49VLV；B0GR37HV17；B0GR4MP67V；B0GR517TM2；B0H6XBB7RD,0,0,0,0.0,0.0,观察,未达到ASIN≥15筛选门槛；监控搜索词后再决定,待运营确认,本周
356758365009133,SP-KW-Mix-转向器-王云-KX4SGE14000-重点,8,B0DPCYGFTK；B0DSDJV4NR；B0FCY89GNF；B0GR3G6NX3；B0GR43FPX2；B0GR4CDD4B；B0GR4L6V55；B0H6WFLFYJ,0,0,0,0.0,0.0,观察,未达到ASIN≥15筛选门槛；监控搜索词后再决定,待运营确认,本周
359639073501443,SP-Auto-Mix-转向器-王云-KX4SGE13500-重点,8,B0F9P2QX6Z；B0GR4377DH；B0GR4QN4DC；B0GR4XKFB3；B0H2YYJ4RH；B0H32VVM9F；B0H6WGSHB4；B0H9LKTWFJ,0,0,0,0.0,0.0,观察,未达到ASIN≥15筛选门槛；监控搜索词后再决定,待运营确认,本周
369716443417131,SP-Auto-Mix-转向器-王云-KC4PSP18200-重点,8,B0DPQNQD9G；B0F671NLKP；B0F6LRJSGY；B0GQZ61J8N；B0H2Z5MDS1；B0H32TJN8J；B0H6WLTB7W；B0H9LS5VWB,0,0,0,0.0,0.0,观察,未达到ASIN≥15筛选门槛；监控搜索词后再决定,待运营确认,本周
376239778492829,SP-Auto-Mix-转向器-王云-KC4PSP17800-重点,8,B0DL55X91S；B0F673QG8L；B0GQZ3DG39；B0GR3ZL73N；B0GR4BPYB3；B0GR4HNPNW；B0H2YX6YCF；B0H6WJS7L2,0,0,0,0.0,0.0,观察,未达到ASIN≥15筛选门槛；监控搜索词后再决定,待运营确认,本周
388930711384621,SP-Auto-Mix-转向器-王云-PT4SGE21500-重点,8,B0DWMTPJ43；B0F52XDM8T；B0F53DF7MR；B0F6LRKXS2；B0GQZBLKNZ；B0GR4CBM9C；B0H6WJY322；B0H9QCYWW7,0,0,0,0.0,0.0,观察,未达到ASIN≥15筛选门槛；监控搜索词后再决定,待运营确认,本周
389027994946247,SP-KW-Mix-转向器-王云-PT4SGE24400-重点,8,B0DWMT7C59；B0DWMTK9F5；B0F671MSR1；B0F6LJ7SV7；B0F9P6Z4J9；B0FQP5BQ2Q；B0GR3B22MS；B0H6WNC6KF,0,0,0,0.0,0.0,观察,未达到ASIN≥15筛选门槛；监控搜索词后再决定,待运营确认,本周
391658384663183,SP-Auto-Mix-转向器-王云-PT4SGE23600-重点,8,B0DWMVQ3MR；B0GQZGS3VD；B0GR4355NW；B0GR4J4G73；B0GR4T2ZBQ；B0H32PRC95；B0H6WFSBT4；B0H9PXXSBL,0,0,0,0.0,0.0,观察,未达到ASIN≥15筛选门槛；监控搜索词后再决定,待运营确认,本周
396016186690011,SP-KW-Mix-转向器-王云-KX4SGE13700-重点,8,B0DPCXKHXJ；B0F9P2ZWVH；B0FCXRLK3L；B0GR2TT15G；B0GR452NGN；B0GR4DDZLN；B0GR4LNWTM；B0H6WPX4N1,0,0,0,0.0,0.0,观察,未达到ASIN≥15筛选门槛；监控搜索词后再决定,待运营确认,本周
400554237450532,SP-Auto-Mix-转向器-王云-KC4SGE00700-重点,8,B0F671HGDH；B0F6LJ9VDS；B0FQQ4LTHV；B0GR4GL9HR；B0GR4MMBH1；B0H2Z6B7SD；B0H32SGQG6；B0H9LTWD9Q,0,0,0,0.0,0.0,观察,未达到ASIN≥15筛选门槛；监控搜索词后再决定,待运营确认,本周
405461212720865,SP-Auto-Mix-转向器-王云-PT4SGE24900-重点,8,B0DWMTNV1D；B0DWMV2FY1；B0F6Y3D8Y5；B0GR3G9TGM；B0GR45VKKR；B0GR4GZB8Y；B0GR4NVXNK；B0H6WKXNV3,0,0,0,0.0,0.0,观察,未达到ASIN≥15筛选门槛；监控搜索词后再决定,待运营确认,本周
414801370465857,SP-Auto-Mix-转向器-王云-PT4SGE27900-重点,8,B0DWMVBS9V；B0DWMWJ28T；B0F66YZG6G；B0F6LR8W9G；B0GR2S1K2W；B0H2Z3CT91；B0H6WFWDM5；B0H9LZFTZX,0,0,0,0.0,0.0,观察,未达到ASIN≥15筛选门槛；监控搜索词后再决定,待运营确认,本周
418799267291228,SP-Auto-Mix-转向器-王云-KC4PSP16500-重点,8,B0DPCXF2L9；B0DPQJ9GVG；B0F673R339；B0GQZHBVX9；B0GR434V63；B0GR4BW6FC；B0H6WC3XXP；B0H9LV5TQY,0,0,0,0.0,0.0,观察,未达到ASIN≥15筛选门槛；监控搜索词后再决定,待运营确认,本周
432723087633269,SP-Auto-Mix-转向器-王云-KX4SGE08600-重点,8,B0DR167V3Z；B0F9P3352C；B0F9P8CMT1；B0GQZBWXZK；B0GR4K6KZQ；B0GR4KL1YV；B0H32R4YRB；B0H9PQ5XSL,0,0,0,0.0,0.0,观察,未达到ASIN≥15筛选门槛；监控搜索词后再决定,待运营确认,本周
447081291128945,SP-Auto-Mix-转向器-王云-KX4SGE13300-重点,8,B0DPCVZ4KH；B0GR37MB24；B0GR4719CR；B0GR4HFFGD；B0GR4LQG1J；B0H2ZC8QTD；B0H32MS8L5；B0H6WBQWG6,0,0,0,0.0,0.0,观察,未达到ASIN≥15筛选门槛；监控搜索词后再决定,待运营确认,本周
473136481035659,SP-Auto-Mix-转向器-王云-KC4SGE04200-重点,8,B0DPCXPSCH；B0DQZW2C1Q；B0F67477ML；B0F6LJCMF1；B0F9P33RVM；B0F9P7JHMQ；B0GQZPSNSN；B0H6WLCCKW,0,0,0,0.0,0.0,观察,未达到ASIN≥15筛选门槛；监控搜索词后再决定,待运营确认,本周
474674729487623,SP-AUTO-MIX-王云-转向器-KX4SGE08200-重点,8,B0DPCXKRCL；B0DR158F59；B0F9P4CDDW；B0F9P7T83Z；B0GR46GVCQ；B0H2Z7C1JB；B0H6XBCH9N；B0H9Q8QS8Q,0,0,0,0.0,0.0,观察,未达到ASIN≥15筛选门槛；监控搜索词后再决定,待运营确认,本周
485493807932199,SP-AUTO-MIX-王云-转向器-KC4PSP16600-重点,8,B0DPCX11BY；B0F672B1QN；B0FCXT2347；B0GQZB7LVN；B0GR4G3W29；B0H2YYY8ZH；B0H32KRRDJ；B0H9LN8C77,0,0,0,0.0,0.0,观察,未达到ASIN≥15筛选门槛；监控搜索词后再决定,待运营确认,本周
493207170739890,SP-KW-Mix-转向器-王云-PT4SGE24900-重点,8,B0DWMTNV1D；B0DWMV2FY1；B0F6Y3D8Y5；B0GR3G9TGM；B0GR45VKKR；B0GR4GZB8Y；B0GR4NVXNK；B0H6WKXNV3,0,0,0,0.0,0.0,观察,未达到ASIN≥15筛选门槛；监控搜索词后再决定,待运营确认,本周
493373641595993,SP-Auto-Mix-转向器-王云-PT4SGE18700-重点,8,B0DWMSF77S；B0FLY3VDV4；B0GQZGRDST；B0GR3YN8NQ；B0GR4G9WSJ；B0GR4ND73X；B0H32VRXPW；B0H6W8GKV4,0,0,0,0.0,0.0,观察,未达到ASIN≥15筛选门槛；监控搜索词后再决定,待运营确认,本周
508321324710812,SP-KW-Mix-转向器-王云-KC4SGE03400-重点,8,B0CPLZXQ14；B0DPCWQQCS；B0DPWYBZ41；B0DQZTVFTQ；B0F9P8R4SX；B0GR2ZS711；B0GR45RYFH；B0H6WN4X98,0,0,0,0.0,0.0,观察,未达到ASIN≥15筛选门槛；监控搜索词后再决定,待运营确认,本周
513318291983695,SP-Auto-Mix-转向器-王云-KX4SGE16800-重点,8,B0F66ZWC45；B0F6LJC2ZZ；B0FLY4FLYR；B0GR3B3S1F；B0GR4GRK5H；B0H2Z1H9YK；B0H6WNKC1Q；B0H9LTXV5X,0,0,0,0.0,0.0,观察,未达到ASIN≥15筛选门槛；监控搜索词后再决定,待运营确认,本周
525385083960750,SP-KW-MIX-王云-转向器-KX4SGE08100-重点,8,B0DPCX4KJV；B0FLY63STB；B0G7HT2H8V；B0GQZCPKQ3；B0GR45633P；B0GR4C6WS2；B0GR4T8KNN；B0H6WPSRG8,0,0,0,0.0,0.0,观察,未达到ASIN≥15筛选门槛；监控搜索词后再决定,待运营确认,本周
527465248172721,SP-AUTO-MIX-王云-转向器-KC4PSP17700-重点,8,B0DPCWYHXB；B0F67322ZM；B0F6LJ7BNY；B0FLY36FK3；B0GQZ8BTP9；B0H2Z3R2KS；B0H32HH55B；B0H9LMRWR4,0,0,0,0.0,0.0,观察,未达到ASIN≥15筛选门槛；监控搜索词后再决定,待运营确认,本周
542300619336163,SP-Auto-Mix-转向器-王云-PT4SGE26300-重点,8,B0DWMTDNKW；B0DWMWLGF3；B0F6LWLX32；B0GR32JDY8；B0GR4H4M4Q；B0GR4YSTZ1；B0H2YYTY6X；B0H6WJQJL3,0,0,0,0.0,0.0,观察,未达到ASIN≥15筛选门槛；监控搜索词后再决定,待运营确认,本周
543151247187902,SP-Auto-Mix-转向器-王云-PT4SGE24300-重点,8,B0DWMT5PY9；B0DWMVZ3BX；B0GQZCPRV6；B0GR4QJLM7；B0GR548JHZ；B0H2YXC16D；B0H33F4LJV；B0H6WK2ZL2,0,0,0,0.0,0.0,观察,未达到ASIN≥15筛选门槛；监控搜索词后再决定,待运营确认,本周
543629972756121,SP-Auto-Mix-转向器-王云-KX4SGE10700-重点,8,B0F6728J8K；B0F6LRNGJS；B0F9P4R1H4；B0F9P7R4ZM；B0GQZGRHHQ；B0GR4MD5TY；B0H6WJZR6S；B0H9LN9Y7H,0,0,0,0.0,0.0,观察,未达到ASIN≥15筛选门槛；监控搜索词后再决定,待运营确认,本周
544581359831705,SP-KW-Mix-转向器-王云-KX4SGE10900-重点,8,B0DPCX7QHQ；B0F672VQYZ；B0FCXS4WX3；B0G7HT21MV；B0GQZDB9RJ；B0GR4JYZHD；B0GR4RWQ1V；B0H6WQKLCP,0,0,0,0.0,0.0,观察,未达到ASIN≥15筛选门槛；监控搜索词后再决定,待运营确认,本周
546400871758991,SP-KW-Mix-转向器-王云-KX4SGE17100-重点,8,B0DPCXS49Q；B0DWJXRXNM；B0FLY4GPSN；B0GR2RSK79；B0GR4KG17D；B0GR4QCQL8；B0GR4TZZVL；B0H6WFXQ6N,0,0,0,0.0,0.0,观察,未达到ASIN≥15筛选门槛；监控搜索词后再决定,待运营确认,本周
553313949718094,SP-kw-Mix-转向器-王云-KC4SGE01000-重点,8,B0DPCXBW8L；B0FCXLS2R9；B0GCMWH9VX；B0GQZ7P26X；B0GR44398Q；B0GR46YW5Z；B0GR4JZ4DH；B0H6WKFC84,0,0,0,0.0,0.0,观察,未达到ASIN≥15筛选门槛；监控搜索词后再决定,待运营确认,本周
559944367123957,SP-Auto-Mix-转向器-王云-KC4SGE03400-重点,8,B0CPLZXQ14；B0DPCWQQCS；B0DPWYBZ41；B0DQZTVFTQ；B0F9P8R4SX；B0GR2ZS711；B0GR45RYFH；B0H6WN4X98,0,0,0,0.0,0.0,观察,未达到ASIN≥15筛选门槛；监控搜索词后再决定,待运营确认,本周
100433204518578,SP-Auto-Mix-转向器26新品-王云-OO4SGE35600,7,B0GSD39Q7L；B0GTT8WX7B；B0GTTQ9NMZ；B0H2Z1KSBT；B0H33J7Q59；B0H6WM1NCV；B0H9LY3W8W,0,0,0,0.0,0.0,观察,未达到ASIN≥15筛选门槛；监控搜索词后再决定,待运营确认,本周
287341848875970,SP-Auto-Mix-转向器-王云-KX4SGE16700-重点,7,B0DQZRQMR5；B0F6Y1FFYQ；B0FLY76M8N；B0GR31KW94；B0GR3YCSD2；B0H33H8244；B0H6WD42SN,0,0,0,0.0,0.0,观察,未达到ASIN≥15筛选门槛；监控搜索词后再决定,待运营确认,本周
301583232560334,SP-Auto-Mix-转向器-王云-KC4SGE01300-重点,7,B0DPCW8Q3P；B0DQZVT6JV；B0F673Q69B；B0F6LRLLWT；B0GQZJT9VW；B0GR4M8WWH；B0H6WBX8VX,0,0,0,0.0,0.0,观察,未达到ASIN≥15筛选门槛；监控搜索词后再决定,待运营确认,本周
301924735109143,SP-KW-Mix-转向器-王云-PT4SGE27900-重点,7,B0DWMVBS9V；B0DWMWJ28T；B0F66YZG6G；B0F6LR8W9G；B0FCY1ZRZT；B0GR2S1K2W；B0H6WFWDM5,0,0,0,0.0,0.0,观察,未达到ASIN≥15筛选门槛；监控搜索词后再决定,待运营确认,本周
305552428551389,SP-KW-Mix-转向器-王云-KC4SGE04700-重点,7,B0DPCWSF3G；B0DPZKF5TG；B0F6724S5Z；B0GR31VB2G；B0GR4DQQP1；B0GR4TMSHC；B0H6WHTFHB,0,0,0,0.0,0.0,观察,未达到ASIN≥15筛选门槛；监控搜索词后再决定,待运营确认,本周
308590308570177,SP-AUTO-MIX-王云-转向器-KC4SGE01800-重点,7,B0GQZFFJLK；B0GR4395WW；B0GR4598HK；B0GR4C9BN5；B0H33BB2SS；B0H6WDHXH5；B0H9LLPDTL,0,0,0,0.0,0.0,观察,未达到ASIN≥15筛选门槛；监控搜索词后再决定,待运营确认,本周
311769082967617,SP-kw-Mix-转向器-王云-KC4PSP16100-重点,7,B0CN17GBN5；B0DPCXYMH5；B0GQZBK3H6；B0GR45QD3N；B0GR4KFPBD；B0GR4RC8PX；B0H6W8WBYW,0,0,0,0.0,0.0,观察,未达到ASIN≥15筛选门槛；监控搜索词后再决定,待运营确认,本周
311827172474075,SP-Auto-Mix-转向器-王云-PT4SGE23100-重点,7,B0GR3CCY48；B0GR4G98SW；B0GR4HTKZV；B0H2Z6PRJC；B0H32PSM6C；B0H6WFS239；B0H9PWMJ4K,0,0,0,0.0,0.0,观察,未达到ASIN≥15筛选门槛；监控搜索词后再决定,待运营确认,本周
312597428444741,SP-Auto-Mix-转向器-王云-KC4SGE04100-重点,7,B0DPCXH2PS；B0F66ZVPJT；B0GQZ8VJFR；B0GR4BPXN5；B0H2Z5WHY3；B0H32XS87C；B0H6WRCVC2,0,0,0,0.0,0.0,观察,未达到ASIN≥15筛选门槛；监控搜索词后再决定,待运营确认,本周
315042866657986,SP-Auto-Mix-转向器-王云-KX4SGE10600-重点,7,B0DQ1593RH；B0DR1XX4CV；B0DSF2DRGY；B0F6725CL7；B0GQZH1RRD；B0GR42B2PK；B0H6X75Z9V,0,0,0,0.0,0.0,观察,未达到ASIN≥15筛选门槛；监控搜索词后再决定,待运营确认,本周
315156417930204,SP-KW-MIX-王云-转向器-KC4SGE01200-重点,7,B0DPCWLPQ4；B0DSF696TB；B0FCXXZFXY；B0GQZFL2B1；B0GR4B7RMR；B0GR4DKFWF；B0GR4GCWVF,0,0,0,0.0,0.0,观察,未达到ASIN≥15筛选门槛；监控搜索词后再决定,待运营确认,本周
321141071236982,SP-Auto-Mix-转向器-王云-KC4SGE01100-重点,7,B0DPCVTXDB；B0GQZH9HQP；B0GR4GLMRK；B0GR4Q7NXT；B0GR4RD48R；B0H6WLYQ2R；B0H9LR9SB8,0,0,0,0.0,0.0,观察,未达到ASIN≥15筛选门槛；监控搜索词后再决定,待运营确认,本周
325595994693392,SP-KW-Mix-转向器-王云-PT4SGE20800-重点,7,B0DWMVMGP9；B0DWMW4MXR；B0F6Y2VP1F；B0GQZGPBM2；B0GR4KBGHK；B0GR4TWF3D；B0H6WFZF1T,0,0,0,0.0,0.0,观察,未达到ASIN≥15筛选门槛；监控搜索词后再决定,待运营确认,本周
330400544291799,SP-Auto-Mix-转向器-王云-PT4SGE23300-重点,7,B0DWMVXFQ5；B0FLY4LLPN；B0GQZMKBRV；B0GR4T5WVG；B0GR4X1J38；B0H6WJ5F5J；B0H9PQ4CWL,0,0,0,0.0,0.0,观察,未达到ASIN≥15筛选门槛；监控搜索词后再决定,待运营确认,本周
330961875891986,SP-KW-MIX-王云-转向器-KX4SGE12600-重点,7,B0F672SLXV；B0F6LJ7SHC；B0F9P2Y523；B0GR2RTL92；B0GR4LS4XB；B0GR4M5SS9；B0H6WPMXL9,0,0,0,0.0,0.0,观察,未达到ASIN≥15筛选门槛；监控搜索词后再决定,待运营确认,本周
331500040836592,SP-Auto-Mix-转向器-王云-PT4SGE26800-重点,7,B0DWMTG6H3；B0GR2WBPMS；B0GR464FDR；B0GR46D9N4；B0GR51D9N9；B0H2Z5T71F；B0H6WPXBPV,0,0,0,0.0,0.0,观察,未达到ASIN≥15筛选门槛；监控搜索词后再决定,待运营确认,本周
342467513166749,SP-Auto-Mix-转向器-王云-KX4SGE08300-重点,7,B0F674NQZH；B0F6LJCDCK；B0GQZJJ997；B0GR43WPY3；B0GR4HZCB1；B0H32S8MH8；B0H6WC6J4N,0,0,0,0.0,0.0,观察,未达到ASIN≥15筛选门槛；监控搜索词后再决定,待运营确认,本周
345972684863618,SP-Auto-Mix-转向器-王云-KX4SGE08800-重点,7,B0DSZPZY17；B0DSZVM93Q；B0F671XPRK；B0F6LRKZ3F；B0GQZFT9DT；B0GR4NH6G4；B0H6WL6C98,0,0,0,0.0,0.0,观察,未达到ASIN≥15筛选门槛；监控搜索词后再决定,待运营确认,本周
353998802481276,SP-Auto-Mix-转向器-王云-KC4SGE05200-重点,7,B0DPCXK7B5；B0F536RR47；B0GR2P2HL1；B0GR4JCZ5L；B0GR4SGHKZ；B0H32VFH11；B0H6WG11M6,0,0,0,0.0,0.0,观察,未达到ASIN≥15筛选门槛；监控搜索词后再决定,待运营确认,本周
359532840299685,SP-KW-Mix-转向器-王云-PT4SGE21000-重点,7,B0DWMV3S49；B0F673JP6T；B0GQZLQJQX；B0GR3XL2LK；B0GR4LYKRT；B0GR4Q79LQ；B0H6WKXGBS,0,0,0,0.0,0.0,观察,未达到ASIN≥15筛选门槛；监控搜索词后再决定,待运营确认,本周
361096617573114,SP-KW-Mix-转向器-王云-KC4PSP16400-重点,7,B0DL576PHY；B0F6LPL4WY；B0F9P2JFN9；B0GQZ1RZM9；B0GR4K587N；B0GR4MXRHY；B0GR4QTT46,0,0,0,0.0,0.0,观察,未达到ASIN≥15筛选门槛；监控搜索词后再决定,待运营确认,本周
361680688980797,SP-Kw-Mix-转向器-王云-KC4PSP18100-重点,7,B0DQY5BX1Q；B0F675XZ7M；B0FLXYZC67；B0GQZFXTGB；B0GR45NK9S；B0GR49RDK3；B0GR4S9F1W,0,0,0,0.0,0.0,观察,未达到ASIN≥15筛选门槛；监控搜索词后再决定,待运营确认,本周
361707052877791,SP-Auto-Mix-转向器-王云-KC4SGE03100-重点,7,B0DQZX34G5；B0F9P1QSQ9；B0GR43Y8DM；B0GR4BMBTH；B0H32QYNHR；B0H6WFYLY8；B0H9LTL7GN,0,0,0,0.0,0.0,观察,未达到ASIN≥15筛选门槛；监控搜索词后再决定,待运营确认,本周
364313569411439,SP-Auto-Mix-转向器-王云-KX4SGE10100-重点,7,B0DWMWXN5W；B0F671K3LF；B0F6LRNM1K；B0GQZPS8SY；B0GR4M4ZM7；B0GR4TYCKZ；B0H6W8QSG9,0,0,0,0.0,0.0,观察,未达到ASIN≥15筛选门槛；监控搜索词后再决定,待运营确认,本周
365285641806156,SP-Auto-Mix-转向器-王云-KX4SGE07700-重点,7,B0GR31KW4H；B0GR3S95R7；B0GR4G6P7P；B0GR4N1CBL；B0H2Z8G61L；B0H32VY9BP；B0H6WBQ8GH,0,0,0,0.0,0.0,观察,未达到ASIN≥15筛选门槛；监控搜索词后再决定,待运营确认,本周
375771125232433,SP-KW-Mix-转向器-王云-KC4SGE01600-重点,7,B0DPCWJTDR；B0F6LR13QQ；B0GQZ8ZPS8；B0GR43WP5X；B0GR4G52Y5；B0GR4R8THQ；B0H6WJXR1M,0,0,0,0.0,0.0,观察,未达到ASIN≥15筛选门槛；监控搜索词后再决定,待运营确认,本周
379159900095427,SP-Auto-Mix-转向器-王云-KX4SGE14000-重点,7,B0DPCYGFTK；B0GR3G6NX3；B0GR43FPX2；B0GR4CDD4B；B0GR4L6V55；B0H32QD4X8；B0H6WFLFYJ,0,0,0,0.0,0.0,观察,未达到ASIN≥15筛选门槛；监控搜索词后再决定,待运营确认,本周
383852894734951,SP-Auto-Mix-转向器-王云-KC4SGE03300-重点,7,B0DM97PHWP；B0F66ZYR9M；B0F6LJBYMX；B0GR345J7B；B0GR4GMYSM；B0GR4SPLX7；B0H6WNXZN3,0,0,0,0.0,0.0,观察,未达到ASIN≥15筛选门槛；监控搜索词后再决定,待运营确认,本周
391929569886115,SP-KW-Mix-转向器王云--PT4SGE22800-重点,7,B0DWMWKKRN；B0F6LVNVBG；B0FCY28VSK；B0FLY63Z5L；B0GR3G98M1；B0GR4KGLY6；B0H6WKV3D1,0,0,0,0.0,0.0,观察,未达到ASIN≥15筛选门槛；监控搜索词后再决定,待运营确认,本周
392625080003029,SP-Auto-Mix-转向器-王云-PT4SGE20800-重点,7,B0DWMVMGP9；B0DWMW4MXR；B0F6Y2VP1F；B0GQZGPBM2；B0GR4KBGHK；B0GR4TWF3D；B0H6WFZF1T,0,0,0,0.0,0.0,观察,未达到ASIN≥15筛选门槛；监控搜索词后再决定,待运营确认,本周
395777466214299,SP-M-KW-MIX-转向器第一批-PO,7,B0CQYSPWWG；B0CQYV24BD；B0CQYVJJLW；B0CRB2FJK9；B0CRB3J8ZW；B0CRB3RHZ2；B0CRB4BLSY,0,0,0,0.0,0.0,观察,未达到ASIN≥15筛选门槛；监控搜索词后再决定,待运营确认,本周
399863777034413,SP-Auto-Mix-转向器-王云-PT4SGE19100-重点,7,B0DWMW85HW；B0DWMWSW64；B0F6LJB2C1；B0FLY648TN；B0GR322BJM；B0GR45SYDD；B0GR4GXXMW,0,0,0,0.0,0.0,观察,未达到ASIN≥15筛选门槛；监控搜索词后再决定,待运营确认,本周
409107786307754,SP-Kw-Mix-转向器-王云-KX4SGE08900-重点,7,B0DSZWN9RL；B0F673ZGGP；B0FCY5HNQN；B0FLY36KJ4；B0GQZBJHLY；B0GR3S5PMY；B0GR51JFYN,0,0,0,0.0,0.0,观察,未达到ASIN≥15筛选门槛；监控搜索词后再决定,待运营确认,本周
411841102358349,SP-KW-Mix-转向器-王云-PT4SGE27600-重点,7,B0DWMXBCS8；B0F6LR3XNC；B0F9P4C3HG；B0FCY8N99M；B0GR3LBDY8；B0GR4MLBRH；B0H6WHR41G,0,0,0,0.0,0.0,观察,未达到ASIN≥15筛选门槛；监控搜索词后再决定,待运营确认,本周
419983535882025,SP-Auto-Mix-转向器-王云-PT4SGE26100-重点,7,B0DWMTZ8H1；B0F6749JM8；B0FLY4J24Z；B0GR34KY99；B0GR4ND1ZP；B0H32RPPXX；B0H6WN5HRW,0,0,0,0.0,0.0,观察,未达到ASIN≥15筛选门槛；监控搜索词后再决定,待运营确认,本周
430961491465642,SP-KW-Mix-转向器-王云-KC4SGE02900-重点,7,B0DL57D6LW；B0F6711TJJ；B0F6LRNH8T；B0F9P6TGR8；B0FLY4V89X；B0GR4GSMNL；B0GR4K7778,0,0,0,0.0,0.0,观察,未达到ASIN≥15筛选门槛；监控搜索词后再决定,待运营确认,本周
433520460507450,SP-AUTO-MIX-王云-转向器-KC4SGE03500-重点,7,B0FQP86LWR；B0GR3CK745；B0GR4DP13M；B0GR4J48S5；B0GR4LG8QK；B0H32VYJ2K；B0H6W9LK57,0,0,0,0.0,0.0,观察,未达到ASIN≥15筛选门槛；监控搜索词后再决定,待运营确认,本周
443379285533600,SP-KW-Mix-转向器-王云-PT4SGE26500-重点,7,B0DWMQS9GP；B0F9P2VZBP；B0F9P45CHY；B0GR3HTY84；B0GR4HM86C；B0GR4PP4TT；B0H6WFYLYL,0,0,0,0.0,0.0,观察,未达到ASIN≥15筛选门槛；监控搜索词后再决定,待运营确认,本周
447393216530746,SP-Auto-Mix-转向器-王云-PT4SGE20300-重点,7,B0DWMWJS7F；B0F6LVFPSB；B0GQZFFQ5Q；B0GR45YTCV；B0H32QX2JY；B0H6WLQHP5；B0H9LL1JF8,0,0,0,0.0,0.0,观察,未达到ASIN≥15筛选门槛；监控搜索词后再决定,待运营确认,本周
465328045215178,SP-KW-Mix-转向器-王云-KC4PSP17800-重点,7,B0DL55X91S；B0F673QG8L；B0GQZ3DG39；B0GR3ZL73N；B0GR4BPYB3；B0GR4HNPNW；B0H6WJS7L2,0,0,0,0.0,0.0,观察,未达到ASIN≥15筛选门槛；监控搜索词后再决定,待运营确认,本周
468415742439570,SP-Auto-Mix-转向器-王云-KX4SGE12400-重点,7,B0DWMTBPZG；B0DWMWW45F；B0F6LWKX3Z；B0FLY46423；B0GR2V8QBG；B0H32P3323；B0H6WKNBLS,0,0,0,0.0,0.0,观察,未达到ASIN≥15筛选门槛；监控搜索词后再决定,待运营确认,本周
470750437173061,SP-KW-MIX-王云-转向器广泛-KC4SGE00100-重点,7,B0DPQLLN9D；B0DQY58X6W；B0F673YCRF；B0GQZF2QYL；B0GR3WH3NJ；B0GR489418；B0H6WNKJCR,0,0,0,0.0,0.0,观察,未达到ASIN≥15筛选门槛；监控搜索词后再决定,待运营确认,本周
484012740708625,SP-Auto-Mix-转向器-王云-KX4SGE12900-重点,7,B0DPCXCTN1；B0DWK1HVFF；B0F6LVHLM8；B0GR33RCBC；B0GR4HN4R5；B0GR4V1436；B0H6WM9F8J,0,0,0,0.0,0.0,观察,未达到ASIN≥15筛选门槛；监控搜索词后再决定,待运营确认,本周
487379891769899,SP-Auto-Mix-转向器-王云-KC4SGE03900-重点,7,B0DPCX6MJR；B0GQZBWGFC；B0GR44S7BH；B0GR4MH1K2；B0GR4VN632；B0H32TYSM3；B0H6WDBZG4,0,0,0,0.0,0.0,观察,未达到ASIN≥15筛选门槛；监控搜索词后再决定,待运营确认,本周
490209594514263,SP-KW-Mix-转向器-王云-PT4SGE26800-重点,7,B0DWMTG6H3；B0G7JHVH43；B0GR2WBPMS；B0GR464FDR；B0GR46D9N4；B0GR51D9N9；B0H6WPXBPV,0,0,0,0.0,0.0,观察,未达到ASIN≥15筛选门槛；监控搜索词后再决定,待运营确认,本周
490431741992571,SP-KW-Mix-转向器-王云-KX4SGE15200-重点,7,B0DWMSG3ML；B0DWMX4BRG；B0F673JP96；B0GR34LPDQ；B0GR448D5C；B0GR4MMJY2；B0GR4SG59L,0,0,0,0.0,0.0,观察,未达到ASIN≥15筛选门槛；监控搜索词后再决定,待运营确认,本周
491422430619017,SP-KW-Mix-转向器-王云-PT4SGE26700-重点,7,B0F673H415；B0F6LRPTGW；B0F9P2H5QG；B0GR32H6WX；B0GR46JPG9；B0GR4NBCFX；B0GR4QH9RQ,0,0,0,0.0,0.0,观察,未达到ASIN≥15筛选门槛；监控搜索词后再决定,待运营确认,本周
493362882006252,SP-KW1-Mix-转向器-王云-KX4SGE10700-重点,7,B0F6728J8K；B0F6LRNGJS；B0F9P4R1H4；B0F9P7R4ZM；B0GQZGRHHQ；B0GR4MD5TY；B0H6WJZR6S,0,0,0,0.0,0.0,观察,未达到ASIN≥15筛选门槛；监控搜索词后再决定,待运营确认,本周
493611584848760,SP-Auto-Mix-转向器-王云-PT4SGE27500-重点,7,B0DWMVBR7Q；B0DWMWLPP3；B0F6LJ8BR9；B0GR34B6Q7；B0GR4KBS32；B0H6WD6Y9J；B0H9PPZNCM,0,0,0,0.0,0.0,观察,未达到ASIN≥15筛选门槛；监控搜索词后再决定,待运营确认,本周
494863235557879,SP-Auto-Mix-转向器-KX4SGE10300-王云-重点,7,B0DR144TNH；B0F672R5VW；B0GQZP4YW1；B0GR4FMR9K；B0GR4GKLF4；B0GR4R5P5F；B0H6W8M47G,0,0,0,0.0,0.0,观察,未达到ASIN≥15筛选门槛；监控搜索词后再决定,待运营确认,本周
499663773309857,SP-Auto-Mix-转向器-王云-PT4SGE18500-重点,7,B0F671WXMY；B0FLY2W3KJ；B0GR2TR2DP；B0GR3Z3FT5；B0GR4CLXDD；B0GR4NYWGY；B0H6WG5T4M,0,0,0,0.0,0.0,观察,未达到ASIN≥15筛选门槛；监控搜索词后再决定,待运营确认,本周
509416468570480,SP-Auto-Mix-转向器-王云-KX4SGE09700-重点,7,B0DPCXSHJ8；B0DQ16GZVP；B0DSDQSMVY；B0GQZ3FQDS；B0GR4DNYYT；B0H6WHRWR5；B0H9LDJG55,0,0,0,0.0,0.0,观察,未达到ASIN≥15筛选门槛；监控搜索词后再决定,待运营确认,本周
521255882859234,SP-KW-Mix-转向器-王云-KC4SGE01100-重点,7,B0DPCVTXDB；B0FCY3MWW2；B0GQZH9HQP；B0GR4GLMRK；B0GR4Q7NXT；B0GR4RD48R；B0H6WLYQ2R,0,0,0,0.0,0.0,观察,未达到ASIN≥15筛选门槛；监控搜索词后再决定,待运营确认,本周
532938447458537,SP-KW-MIX-王云-转向器广泛-KC4SGE03200-重点,7,B0F5324ZWR；B0F537GH49；B0F66Z6WZ7；B0GR2RVVV3；B0GR3WF6HB；B0GR4Y4XQL；B0H6WDL4C9,0,0,0,0.0,0.0,观察,未达到ASIN≥15筛选门槛；监控搜索词后再决定,待运营确认,本周
534000652392994,SP-kw-Mix-转向器-王云-PT4SGE21100-重点,7,B0DWMVF21W；B0F673XCCG；B0GQZ2QPKT；B0GR4GVXZM；B0GR4JN9WX；B0GR4LTHQ8；B0H6WLKYTP,0,0,0,0.0,0.0,观察,未达到ASIN≥15筛选门槛；监控搜索词后再决定,待运营确认,本周
534587547932822,SP-KW-Mix-转向器-王云-KX4SGE16500-重点,7,B0DPCX66CY；B0DPZS1LTK；B0F672BHPC；B0GR34PLB8；B0GR4QJ9ST；B0GR4X4WS6；B0H6WQK99C,0,0,0,0.0,0.0,观察,未达到ASIN≥15筛选门槛；监控搜索词后再决定,待运营确认,本周
545164644852826,SP-Auto-Mix-转向器-王云-KX4SGE15400-重点,7,B0F6LWF86H；B0GR45XNHQ；B0GR4F5XY9；B0GR4P369T；B0H32SB42T；B0H6WJZR7L；B0H9LQZQ7P,0,0,0,0.0,0.0,观察,未达到ASIN≥15筛选门槛；监控搜索词后再决定,待运营确认,本周
551388286345468,SP-Auto-Mix-转向器-王云-PT4SGE22800-重点,7,B0DWMWKKRN；B0F6LVNVBG；B0FLY63Z5L；B0GR3G98M1；B0GR4KGLY6；B0H2Z2HC26；B0H9PZKPLF,0,0,0,0.0,0.0,观察,未达到ASIN≥15筛选门槛；监控搜索词后再决定,待运营确认,本周
9142979043827,SP-KW-Mix-转向器-王云-OO4SGE37000-重点,6,B0GHZCCP58；B0GJ2LP3NS；B0GR3C2BNZ；B0GR461WM9；B0GR51CJ8M；B0H6WMRSY4,0,0,0,0.0,0.0,观察,未达到ASIN≥15筛选门槛；监控搜索词后再决定,待运营确认,本周
86746343787890,SP-Auto-Mix-转向器26新品-王云-OO4SGE38200,6,B0GSCYD16G；B0GTTG7NQZ；B0GTTPHJM3；B0H2YV4WJ9；B0H32M7MB9；B0H6WR88T9,0,0,0,0.0,0.0,观察,未达到ASIN≥15筛选门槛；监控搜索词后再决定,待运营确认,本周
144985204977772,SP-Auto-Mix-转向器26新品-王云-OO4SGE36800,6,B0GSCQZNBJ；B0GTT9GQTF；B0GTTKP5RB；B0H33K6RFG；B0H6WNKC22；B0H9LNB7CX,0,0,0,0.0,0.0,观察,未达到ASIN≥15筛选门槛；监控搜索词后再决定,待运营确认,本周
286701403790955,SP-KW-Mix-转向器-王云-KX4SGE16800-重点,6,B0F66ZWC45；B0F6LJC2ZZ；B0FCY4HGCF；B0FLY4FLYR；B0GR3B3S1F；B0GR4GRK5H,0,0,0,0.0,0.0,观察,未达到ASIN≥15筛选门槛；监控搜索词后再决定,待运营确认,本周
286788515056225,SP-KW-MIX-王云-转向器-KC4SGE00500-重点,6,B0DSDQJT1S；B0FCXDZB1H；B0GQZL16GG；B0GR3ZV3TR；B0GR4FJPJC；B0GR52BXCF,0,0,0,0.0,0.0,观察,未达到ASIN≥15筛选门槛；监控搜索词后再决定,待运营确认,本周
287591631669557,SP-KW-Mix-转向器-王云-KC4SGE05200-重点,6,B0DPCXK7B5；B0F536RR47；B0FCXW3856；B0GR2P2HL1；B0GR4JCZ5L；B0GR4SGHKZ,0,0,0,0.0,0.0,观察,未达到ASIN≥15筛选门槛；监控搜索词后再决定,待运营确认,本周
288503093245648,SP-Auto-Mix-转向器-王云-KC4PSP15900-重点,6,B0F6LRP4ZW；B0GQZ8FW2P；B0GR46J8VG；B0H2YYSDN6；B0H32JD2BN；B0H6WJ68X4,0,0,0,0.0,0.0,观察,未达到ASIN≥15筛选门槛；监控搜索词后再决定,待运营确认,本周
289136508868744,SP-KW-Mix-转向器-王云-PT4SGE23200-重点,6,B0DWMVSV8M；B0DWMWQTGG；B0GQZ5T8T1；B0GR4BHNHV；B0GR4HXNSJ；B0H6WNJXT3,0,0,0,0.0,0.0,观察,未达到ASIN≥15筛选门槛；监控搜索词后再决定,待运营确认,本周
289578615086994,SP-Auto-Mix-转向器-王云-PT4SGE27300-重点,6,B0F9P17MGC；B0GR33FXXW；B0GR4JZ198；B0GR4MLBQV；B0GR4NCQ7C；B0H6WLPHWG,0,0,0,0.0,0.0,观察,未达到ASIN≥15筛选门槛；监控搜索词后再决定,待运营确认,本周
289758084695247,SP-KW-Mix-转向器-王云-KX4SGE09100-重点,6,B0F9NZF4YG；B0GQZFR5GF；B0GR41S8GS；B0GR4QMHGJ；B0GR4VXJ7X；B0H6WGBZ8Q,0,0,0,0.0,0.0,观察,未达到ASIN≥15筛选门槛；监控搜索词后再决定,待运营确认,本周
290208786211660,SP-Auto-Mix-转向器-KX4SGE15800-重点,6,B0DPCX14JC；B0DQZWB77C；B0DSDMNPSC；B0F9P58SC6；B0GR34N98F；B0H6WCJWBW,0,0,0,0.0,0.0,观察,未达到ASIN≥15筛选门槛；监控搜索词后再决定,待运营确认,本周
291997103153240,SP-KW-Mix-转向器-王云-KX4SGE08400-重点,6,B0DPCXHB93；B0F6LTKT6G；B0FCXXNBP4；B0GQZM88B7；B0GR4DZPHG；B0GR4GB886,0,0,0,0.0,0.0,观察,未达到ASIN≥15筛选门槛；监控搜索词后再决定,待运营确认,本周
304611794908561,SP-KW-Mix-转向器-王云-PT4SGE23300-重点,6,B0DWMVXFQ5；B0FLY4LLPN；B0GQZMKBRV；B0GR4T5WVG；B0GR4X1J38；B0H6WJ5F5J,0,0,0,0.0,0.0,观察,未达到ASIN≥15筛选门槛；监控搜索词后再决定,待运营确认,本周
304702232567773,SP-KW-Mix-转向器-王云-KX4SGE08600-重点,6,B0F9P3352C；B0F9P8CMT1；B0FCXYP1JK；B0GQZBWXZK；B0GR4K6KZQ；B0GR4KL1YV,0,0,0,0.0,0.0,观察,未达到ASIN≥15筛选门槛；监控搜索词后再决定,待运营确认,本周
304960509164834,SP-kw-Mix-转向器-王云-PT4SGE19600-重点,6,B0DWMSHL7S；B0F674J4JD；B0GR34J683；B0GR48CMY4；B0GR51NGZQ；B0H6WC2QTD,0,0,0,0.0,0.0,观察,未达到ASIN≥15筛选门槛；监控搜索词后再决定,待运营确认,本周
309453625967530,SP-KW-Mix-转向器-王云-KX4SGE14700-重点,6,B0DPCZ3SPZ；B0GR39PG5F；B0GR4CBL7C；B0GR4CBQC6；B0GR4NQFGB；B0H6WK1747,0,0,0,0.0,0.0,观察,未达到ASIN≥15筛选门槛；监控搜索词后再决定,待运营确认,本周
313837350710849,SP-Auto-Mix-转向器-王云-PT4SGE25800-重点,6,B0DWMVNZQQ；B0F672W45Q；B0GR317V49；B0GR4TXN5L；B0H6WMVHPH；B0H9PY78Q7,0,0,0,0.0,0.0,观察,未达到ASIN≥15筛选门槛；监控搜索词后再决定,待运营确认,本周
321185844966604,SP-KW-MIX-王云-转向器-KC4PSP17700-重点,6,B0DPCWYHXB；B0F67322ZM；B0F6LJ7BNY；B0FLY36FK3；B0G7J4NXJP；B0GQZ8BTP9,0,0,0,0.0,0.0,观察,未达到ASIN≥15筛选门槛；监控搜索词后再决定,待运营确认,本周
323235949213675,SP-Auto-Mix-转向器-王云-PT4SGE19900-重点,6,B0DWMWDCGG；B0GR36VYQS；B0GR4KVN3Q；B0GR4VR2SK；B0H2Z598GY；B0H6WLVGSC,0,0,0,0.0,0.0,观察,未达到ASIN≥15筛选门槛；监控搜索词后再决定,待运营确认,本周
325682400937210,SP-KW-Mix-转向器-王云-PT4SGE27500-重点,6,B0DWMVBR7Q；B0DWMWLPP3；B0F6LJ8BR9；B0GR34B6Q7；B0GR4KBS32；B0H6WD6Y9J,0,0,0,0.0,0.0,观察,未达到ASIN≥15筛选门槛；监控搜索词后再决定,待运营确认,本周
335155016169207,SP-Auto-Mix-转向器-王云-KC4SGE05000-重点,6,B0DPCWMYZS；B0F6LV1CVP；B0GR3HFYXR；B0GR4H3T4T；B0GR4HV7S1；B0H6WF3NL7,0,0,0,0.0,0.0,观察,未达到ASIN≥15筛选门槛；监控搜索词后再决定,待运营确认,本周
337939913337826,SP-AUTO-MIX-王云-转向器-KC4SGE01200-重点,6,B0DPCWLPQ4；B0DSF696TB；B0FCXXZFXY；B0GQZFL2B1；B0GR4GCWVF；B0H2Z4PDQN,0,0,0,0.0,0.0,观察,未达到ASIN≥15筛选门槛；监控搜索词后再决定,待运营确认,本周
340607391152804,SP-KW-MIX-王云-转向器-KX4SGE08200-重点,6,B0DR158F59；B0F6LXPQZQ；B0F9P4CDDW；B0F9P7T83Z；B0FLY7ZZXZ；B0GR46GVCQ,0,0,0,0.0,0.0,观察,未达到ASIN≥15筛选门槛；监控搜索词后再决定,待运营确认,本周
341748835267968,SP-KW-Mix-转向器-王云-KX4SGE13100-重点,6,B0DWMVRNCJ；B0F6Y3GWKJ；B0F6Y3MXDZ；B0GR25QQWS；B0GR4HMWQ6；B0H6WPR3YY,0,0,0,0.0,0.0,观察,未达到ASIN≥15筛选门槛；监控搜索词后再决定,待运营确认,本周
342122428056249,SP-kw-Mix-转向器-王云-PT4SGE22200-重点,6,B0F6LQYD4F；B0FCXTDSQP；B0GQZ7SP9P；B0GR46HMN7；B0GR4R6P5P；B0H6WPXMD4,0,0,0,0.0,0.0,观察,未达到ASIN≥15筛选门槛；监控搜索词后再决定,待运营确认,本周
348033448063615,SP-Auto-Mix-转向器-王云-KX4SGE17300-重点,6,B0F6LQYSQ6；B0GR39T55F；B0GR46B15M；B0GR52L5DW；B0H2YYYGC7；B0H32QSMQ5,0,0,0,0.0,0.0,观察,未达到ASIN≥15筛选门槛；监控搜索词后再决定,待运营确认,本周
349122922135241,SP-KW-Mix-转向器-王云-PT4SGE24300-重点,6,B0DWMT5PY9；B0DWMVZ3BX；B0GQZCPRV6；B0GR4QJLM7；B0GR548JHZ；B0H6WK2ZL2,0,0,0,0.0,0.0,观察,未达到ASIN≥15筛选门槛；监控搜索词后再决定,待运营确认,本周
359452874596679,SP-kw-Mix-转向器-王云-PT4SGE20300-重点,6,B0DWMWJS7F；B0F6LVFPSB；B0FCXKV3P2；B0GQZFFQ5Q；B0GR45YTCV；B0H6WLQHP5,0,0,0,0.0,0.0,观察,未达到ASIN≥15筛选门槛；监控搜索词后再决定,待运营确认,本周
369823666272133,SP-KW-Mix-转向器-王云-KX4SGE07700-重点,6,B0GCN4BB72；B0GR31KW4H；B0GR3S95R7；B0GR4G6P7P；B0GR4N1CBL；B0H6WBQ8GH,0,0,0,0.0,0.0,观察,未达到ASIN≥15筛选门槛；监控搜索词后再决定,待运营确认,本周
370854053393636,SP-KW-Mix-转向器-王云-KC4SGE01400-重点,6,B0DPCX6ZS9；B0FCXXTN63；B0GQZCH29N；B0GR4FXQNY；B0GR4S575S；B0H6WG7RLJ,0,0,0,0.0,0.0,观察,未达到ASIN≥15筛选门槛；监控搜索词后再决定,待运营确认,本周
375197436110218,SP-Auto-Mix-转向器-王云-PT4SGE23200-重点,6,B0DWMVSV8M；B0DWMWQTGG；B0GQZ5T8T1；B0GR4BHNHV；B0GR4HXNSJ；B0H6WNJXT3,0,0,0,0.0,0.0,观察,未达到ASIN≥15筛选门槛；监控搜索词后再决定,待运营确认,本周
375931766963882,SP-Kw-Mix-转向器-王云-PT4SGE21500-重点,6,B0F52XDM8T；B0F53DF7MR；B0F6LRKXS2；B0FCXQNNJR；B0GQZBLKNZ；B0GR4CBM9C,0,0,0,0.0,0.0,观察,未达到ASIN≥15筛选门槛；监控搜索词后再决定,待运营确认,本周
387778697449443,SP-KW-Mix-转向器-王云-KC4SGE00400-重点,6,B0F6723QX8；B0FCX1SSRR；B0GQZ57Y5J；B0GR4JM6HZ；B0GR4V3RNT；B0H6WLXGZG,0,0,0,0.0,0.0,观察,未达到ASIN≥15筛选门槛；监控搜索词后再决定,待运营确认,本周
400694404582363,SP-Auto-Mix-转向器-王云-KC4SGE02900-重点,6,B0DL57D6LW；B0F6LRNH8T；B0F9P6TGR8；B0FLY4V89X；B0GR4GSMNL；B0GR4K7778,0,0,0,0.0,0.0,观察,未达到ASIN≥15筛选门槛；监控搜索词后再决定,待运营确认,本周
407339480322236,SP-KW-Mix-转向器-王云-PT4SGE22500-重点,6,B0DWMTVB9C；B0GCN5PMDG；B0GQZG8LSC；B0GR48F4HS；B0GR4THQNB；B0H6WCGL2X,0,0,0,0.0,0.0,观察,未达到ASIN≥15筛选门槛；监控搜索词后再决定,待运营确认,本周
410917304609725,SP-KW-Mix-转向器-王云-KX4SGE08300-重点,6,B0F674NQZH；B0F6LJCDCK；B0FCY2LP4X；B0GQZJJ997；B0GR43WPY3；B0GR4HZCB1,0,0,0,0.0,0.0,观察,未达到ASIN≥15筛选门槛；监控搜索词后再决定,待运营确认,本周
412708561341131,SP-KW-Mix-转向器-王云-KC4SGE01500-重点,6,B0F671Q8R8；B0GQZ5R5M4；B0GR3ZQG93；B0GR4K41PM；B0GR4LQCD3；B0H6WMBB4X,0,0,0,0.0,0.0,观察,未达到ASIN≥15筛选门槛；监控搜索词后再决定,待运营确认,本周
413131844066878,SP-KW-Mix-转向器-王云-KX4SGE10600-重点,6,B0DQ1593RH；B0DR1XX4CV；B0DSF2DRGY；B0F6725CL7；B0GQZH1RRD；B0GR42B2PK,0,0,0,0.0,0.0,观察,未达到ASIN≥15筛选门槛；监控搜索词后再决定,待运营确认,本周
419645087928471,SP-KW-Mix-转向器-王云-KC4SGE03900-重点,6,B0DPCX6MJR；B0GQZBWGFC；B0GR44S7BH；B0GR4MH1K2；B0GR4VN632；B0H6WDBZG4,0,0,0,0.0,0.0,观察,未达到ASIN≥15筛选门槛；监控搜索词后再决定,待运营确认,本周
421435031749002,SP-Auto-Mix-转向器-王云-PT4SGE19400-重点,6,B0DWMT3VKB；B0F675V3M4；B0GQZ5YHNS；B0GR4PN1R8；B0H2Z49RQF；B0H6WMYKNQ,0,0,0,0.0,0.0,观察,未达到ASIN≥15筛选门槛；监控搜索词后再决定,待运营确认,本周
432058755450975,SP--Mix-转向器-王云-KC4SGE03700-重点,6,B0DPCXMRG4；B0F6LMKCDD；B0GQZ6KTDJ；B0GR4JFSLT；B0GR4RPNGF；B0H6WM39GB,0,0,0,0.0,0.0,观察,未达到ASIN≥15筛选门槛；监控搜索词后再决定,待运营确认,本周
439718848290303,SP-Kw-Mix-转向器-王云-PT4SGE26100-重点,6,B0DWMTZ8H1；B0F6749JM8；B0FLY4J24Z；B0GR34KY99；B0GR4ND1ZP；B0H6WN5HRW,0,0,0,0.0,0.0,观察,未达到ASIN≥15筛选门槛；监控搜索词后再决定,待运营确认,本周
446575576179749,SP-Auto-Mix-转向器-王云-PT4SGE20100-重点,6,B0DWMWDMSG；B0GQZDL2NS；B0GR411G4V；B0GR4M4QR4；B0H32XVMNT；B0H6WLW67Z,0,0,0,0.0,0.0,观察,未达到ASIN≥15筛选门槛；监控搜索词后再决定,待运营确认,本周
460369319059941,SP-Auto-Mix-转向器-王云-KC4SGE00600-重点,6,B0DPCX69RB；B0GQZ56VB2；B0GR3Z8FHX；B0GR4MZ2S3；B0H33BKRHP；B0H6WHS9V3,0,0,0,0.0,0.0,观察,未达到ASIN≥15筛选门槛；监控搜索词后再决定,待运营确认,本周
463781884745227,SP-KW-Mix-转向器-王云-KC4PSP18200-重点,6,B0DPCXJTLG；B0DPQNQD9G；B0F671NLKP；B0F6LRJSGY；B0GQZ61J8N；B0H6WLTB7W,0,0,0,0.0,0.0,观察,未达到ASIN≥15筛选门槛；监控搜索词后再决定,待运营确认,本周
469336394062054,SP-Auto-Mix-转向器-王云-KX4SGE09100-重点,6,B0F9NZF4YG；B0GQZFR5GF；B0GR41S8GS；B0GR4QMHGJ；B0GR4VXJ7X；B0H6WGBZ8Q,0,0,0,0.0,0.0,观察,未达到ASIN≥15筛选门槛；监控搜索词后再决定,待运营确认,本周
474062958733071,SP-KW-MIX-王云-转向器-KC4SGE04300-重点,6,B0DPCX75QY；B0DSDP4HXC；B0F43NQY7N；B0GCN4Q5WQ；B0GR2RWQ4Q；B0GR4QK84Z,0,0,0,0.0,0.0,观察,未达到ASIN≥15筛选门槛；监控搜索词后再决定,待运营确认,本周
476605788399890,SP-Auto-Mix-转向器-王云-KC4SGE01500-重点,6,B0F671Q8R8；B0GQZ5R5M4；B0GR3ZQG93；B0GR4K41PM；B0GR4LQCD3；B0H6WMBB4X,0,0,0,0.0,0.0,观察,未达到ASIN≥15筛选门槛；监控搜索词后再决定,待运营确认,本周
476704838732991,SP-Auto-Mix-转向器-王云-PT4SGE19500-重点,6,B0DWMTXJNQ；B0F671WTP3；B0F6LVWXXV；B0FLY3WB8L；B0GQZG8LWW；B0H6WCHBKY,0,0,0,0.0,0.0,观察,未达到ASIN≥15筛选门槛；监控搜索词后再决定,待运营确认,本周
482162297703315,SP-kw-Mix-转向器-王云-PT4SGE27300-重点,6,B0F9P17MGC；B0GR33FXXW；B0GR4JZ198；B0GR4MLBQV；B0GR4NCQ7C；B0H6WLPHWG,0,0,0,0.0,0.0,观察,未达到ASIN≥15筛选门槛；监控搜索词后再决定,待运营确认,本周
486084287091914,SP-Auto-Mix-转向器-王云-KC4SGE01600-重点,6,B0DPCWJTDR；B0F6LR13QQ；B0GQZ8ZPS8；B0GR43WP5X；B0GR4G52Y5；B0GR4R8THQ,0,0,0,0.0,0.0,观察,未达到ASIN≥15筛选门槛；监控搜索词后再决定,待运营确认,本周
486332328709661,SP-KW-Mix-转向器-王云-KX4SGE12400-重点,6,B0DWMTBPZG；B0DWMWW45F；B0F6LWKX3Z；B0FLY46423；B0GR2V8QBG；B0H6WKNBLS,0,0,0,0.0,0.0,观察,未达到ASIN≥15筛选门槛；监控搜索词后再决定,待运营确认,本周
486456439589990,SP-Auto-Mix-转向器-王云-KC4SGE02700-重点,6,B0F66Y1ZRR；B0F6LQTF1Y；B0F9P2QBDW；B0GQZ5WZFL；B0H2YWSBJL；B0H32PB9JC,0,0,0,0.0,0.0,观察,未达到ASIN≥15筛选门槛；监控搜索词后再决定,待运营确认,本周
486787564067278,SP-KW-Mix-转向器-王云-KX4SGE15400-重点,6,B0F6LWF86H；B0FLY1BWD5；B0GR34S7JX；B0GR45XNHQ；B0GR4F5XY9；B0GR4P369T,0,0,0,0.0,0.0,观察,未达到ASIN≥15筛选门槛；监控搜索词后再决定,待运营确认,本周
487174028535475,SP-KW-Mix-转向器-王云-PT4SGE25400-重点,6,B0DWMVNYMS；B0DWMVP2YN；B0GR2JB11S；B0GR45Z3RB；B0GR4B55CW；B0H6WMTYJQ,0,0,0,0.0,0.0,观察,未达到ASIN≥15筛选门槛；监控搜索词后再决定,待运营确认,本周
490530429102719,SP-KW-Mix-转向器-王云-KX4SGE08800-重点,6,B0DSZPZY17；B0DSZVM93Q；B0F671XPRK；B0F6LRKZ3F；B0GQZFT9DT；B0GR4NH6G4,0,0,0,0.0,0.0,观察,未达到ASIN≥15筛选门槛；监控搜索词后再决定,待运营确认,本周
492392502764973,SP-Auto-Mix-转向器-王云-PT4SGE22700-重点,6,B0GR2R1SSP；B0GR4DBSBQ；B0GR52L493；B0GR59G3S3；B0H32RRWWX；B0H6WLXYPT,0,0,0,0.0,0.0,观察,未达到ASIN≥15筛选门槛；监控搜索词后再决定,待运营确认,本周
506614629627813,SP-KW-Mix-转向器-王云-KX4SGE07900-重点,6,B0FLY5WTN1；B0FQPGCCXD；B0GR3CBS3P；B0GR42KYVW；B0GR43M38W；B0GR4HXWFC,0,0,0,0.0,0.0,观察,未达到ASIN≥15筛选门槛；监控搜索词后再决定,待运营确认,本周
517007512352905,SP-Auto-Mix-转向器-王云-KC4SGE03700-重点,6,B0DPCXMRG4；B0F6LMKCDD；B0GQZ6KTDJ；B0GR4JFSLT；B0GR4RPNGF；B0H6WM39GB,0,0,0,0.0,0.0,观察,未达到ASIN≥15筛选门槛；监控搜索词后再决定,待运营确认,本周
517429376606219,SP-KW-Mix-转向器-王云-KC4PSP16500-重点,6,B0DPCXF2L9；B0DPQJ9GVG；B0F673R339；B0GQZHBVX9；B0GR434V63；B0GR4BW6FC,0,0,0,0.0,0.0,观察,未达到ASIN≥15筛选门槛；监控搜索词后再决定,待运营确认,本周
526083272319115,SP-KW-Mix-转向器-王云-PT4SGE19400-重点,6,B0DWMT3VKB；B0F675V3M4；B0F6LJ6TSH；B0GQZ5YHNS；B0GR4PN1R8；B0H6WMYKNQ,0,0,0,0.0,0.0,观察,未达到ASIN≥15筛选门槛；监控搜索词后再决定,待运营确认,本周
527219672125893,SP-KW-Mix-转向器-王云-KC4SGE00600-重点,6,B0DPCX69RB；B0FCY2PH1H；B0GQZ56VB2；B0GR3Z8FHX；B0GR4MZ2S3；B0H6WHS9V3,0,0,0,0.0,0.0,观察,未达到ASIN≥15筛选门槛；监控搜索词后再决定,待运营确认,本周
529005462384968,SP-kw-Mix-转向器-王云-PT4SGE18500-重点,6,B0F671WXMY；B0FLY2W3KJ；B0GR2TR2DP；B0GR3Z3FT5；B0GR4CLXDD；B0GR4NYWGY,0,0,0,0.0,0.0,观察,未达到ASIN≥15筛选门槛；监控搜索词后再决定,待运营确认,本周
529984748554536,SP-Auto-Mix-转向器-KX4SGE14700-重点,6,B0DPCZ3SPZ；B0GR39PG5F；B0GR4CBL7C；B0GR4CBQC6；B0GR4NQFGB；B0H6WK1747,0,0,0,0.0,0.0,观察,未达到ASIN≥15筛选门槛；监控搜索词后再决定,待运营确认,本周
548551262366738,SP-Auto-Mix-转向器-王云-KC4SGE01700-重点,6,B0DPWVY87S；B0GQZL592F；B0GR46H9H5；B0GR4GGYS6；B0GR4LNBSM；B0H6WR728V,0,0,0,0.0,0.0,观察,未达到ASIN≥15筛选门槛；监控搜索词后再决定,待运营确认,本周
553291985584880,SP-Auto-Mix-转向器-王云-PT4SGE25600-重点,6,B0DWMT4JDS；B0GR39QZSK；B0GR4FLSVG；B0GR4S9GR5；B0H6WPPD93；B0H9PX2CFY,0,0,0,0.0,0.0,观察,未达到ASIN≥15筛选门槛；监控搜索词后再决定,待运营确认,本周
559474922162248,SP-KW-Mix-转向器-王云-PT4SGE23600-重点,6,B0DWMVQ3MR；B0GQZGS3VD；B0GR4355NW；B0GR4J4G73；B0GR4T2ZBQ；B0H6WFSBT4,0,0,0,0.0,0.0,观察,未达到ASIN≥15筛选门槛；监控搜索词后再决定,待运营确认,本周
21159205231221,SP-Auto-Mix-转向器26新品-王云-OO4SGE38100,5,B0GSCDPFX1；B0GTTGB2F7；B0GTTJPBYK；B0H2YZKJC3；B0H6WGMHPN,0,0,0,0.0,0.0,观察,未达到ASIN≥15筛选门槛；监控搜索词后再决定,待运营确认,本周
170935264587583,SP-Auto-Mix-转向器26新品-王云-OO4SGE38300,5,B0GSD2NZ7K；B0GTTBGZ98；B0H2Z2T687；B0H32TQ2NL；B0H6WNM7Q5,0,0,0,0.0,0.0,观察,未达到ASIN≥15筛选门槛；监控搜索词后再决定,待运营确认,本周
198719370297882,SP-Auto-Mix-转向器26新品-王云-OO4SGE35700,5,B0GTSC9PSP；B0GTTFC9WL；B0H2YZ9RNZ；B0H338C7RV；B0H6WGKPR5,0,0,0,0.0,0.0,观察,未达到ASIN≥15筛选门槛；监控搜索词后再决定,待运营确认,本周
208020909887427,SP-Auto-Mix-转向器-王云-OO4SGE37000-重点,5,B0GHZCCP58；B0GJ2LP3NS；B0GR3C2BNZ；B0GR51CJ8M；B0H6WMRSY4,0,0,0,0.0,0.0,观察,未达到ASIN≥15筛选门槛；监控搜索词后再决定,待运营确认,本周
209993314684186,SP-Auto-Mix-转向器26新品-王云-OO4SGE38800,5,B0GSCYWWKW；B0GTTHLTHZ；B0GTTL85NY；B0H2Z9G55Z；B0H6WLQDVM,0,0,0,0.0,0.0,观察,未达到ASIN≥15筛选门槛；监控搜索词后再决定,待运营确认,本周
217853626472968,SP-Auto-Mix-转向器26新品-王云-OO4SGE36000,5,B0GTTL5QMS；B0H2Z1WXQN；B0H32W9SRF；B0H6WHDDM2；B0H9M1P86X,0,0,0,0.0,0.0,观察,未达到ASIN≥15筛选门槛；监控搜索词后再决定,待运营确认,本周
280623132003193,SP-Auto-Mix-转向器26新品-王云-OO4SGE36600,5,B0GSD2MH1L；B0GTT88NQL；B0GTTL469N；B0H6WCKDC2；B0H9LQTMD4,0,0,0,0.0,0.0,观察,未达到ASIN≥15筛选门槛；监控搜索词后再决定,待运营确认,本周
289014054338923,SP-Auto-Mix-转向器-王云-KC4SGE01400-重点,5,B0DPCX6ZS9；B0GQZCH29N；B0GR4FXQNY；B0GR4S575S；B0H6WG7RLJ,0,0,0,0.0,0.0,观察,未达到ASIN≥15筛选门槛；监控搜索词后再决定,待运营确认,本周
317441049496195,SP-KW-Mix-转向器-王云-PT4SGE26600-重点,5,B0DWMW19KX；B0F671XZ98；B0GR2TGJN9；B0GR4S6PBP；B0H6WNLHLK,0,0,0,0.0,0.0,观察,未达到ASIN≥15筛选门槛；监控搜索词后再决定,待运营确认,本周
319813267568372,SP-Auto-Mix-转向器-王云-PT4SGE27800-重点,5,B0DWMV85N5；B0GR2RS662；B0GR456L19；B0H32NRXBF；B0H6WN7HDF,0,0,0,0.0,0.0,观察,未达到ASIN≥15筛选门槛；监控搜索词后再决定,待运营确认,本周
334476458790271,SP-Auto-Mix-转向器-王云-PT4SGE26000-重点,5,B0F18M5THF；B0GR2LTYYB；B0GR4G6PLN；B0GR4PVZMB；B0H6WG2B49,0,0,0,0.0,0.0,观察,未达到ASIN≥15筛选门槛；监控搜索词后再决定,待运营确认,本周
336168888851138,SP-Auto-Mix-转向器-王云-KC4SGE01000-重点,5,B0DPCXBW8L；B0GQZ7P26X；B0GR46YW5Z；B0GR4JZ4DH；B0H6WKFC84,0,0,0,0.0,0.0,观察,未达到ASIN≥15筛选门槛；监控搜索词后再决定,待运营确认,本周
346248032542062,SP-KW-Mix-转向器-王云-PT4SGE19300-重点,5,B0FCXKTPVG；B0GQZBFSJX；B0GR3ZM7FZ；B0GR4HNLM2；B0H6WDB5FH,0,0,0,0.0,0.0,观察,未达到ASIN≥15筛选门槛；监控搜索词后再决定,待运营确认,本周
349982971199966,SP-Kw-Mix-转向器-王云-PT4SGE19900-重点,5,B0DWMWDCGG；B0GR36VYQS；B0GR4KVN3Q；B0GR4VR2SK；B0H6WLVGSC,0,0,0,0.0,0.0,观察,未达到ASIN≥15筛选门槛；监控搜索词后再决定,待运营确认,本周
350368042503117,SP--KW-转向器-王云-PT4SGE19500-重点,5,B0DWMTXJNQ；B0F671WTP3；B0F6LVWXXV；B0FLY3WB8L；B0GQZG8LWW,0,0,0,0.0,0.0,观察,未达到ASIN≥15筛选门槛；监控搜索词后再决定,待运营确认,本周
358421145342460,SP-KW-Mix-转向器-王云-PT4SGE22700-重点,5,B0GR2R1SSP；B0GR4DBSBQ；B0GR52L493；B0GR59G3S3；B0H6WLXYPT,0,0,0,0.0,0.0,观察,未达到ASIN≥15筛选门槛；监控搜索词后再决定,待运营确认,本周
379081985623289,SP-Auto-Mix-转向器-王云-PT4SGE22500-重点,5,B0DWMTVB9C；B0GQZG8LSC；B0GR48F4HS；B0GR4THQNB；B0H6WCGL2X,0,0,0,0.0,0.0,观察,未达到ASIN≥15筛选门槛；监控搜索词后再决定,待运营确认,本周
386417150341294,SP-KW-Mix-转向器-王云-KX4SGE17700-重点,5,B0DPCWN73Z；B0F6LWCHLG；B0F9P7FY3D；B0GR2VPMNH；B0GR4JRVTV,0,0,0,0.0,0.0,观察,未达到ASIN≥15筛选门槛；监控搜索词后再决定,待运营确认,本周
399684767535145,SP-KW-Mix-转向器-王云-PT4SGE24600-重点,5,B0DWMV7693；B0GR2Y816C；B0GR4KDS3Q；B0GR4RRJ3C；B0H6WRZ37C,0,0,0,0.0,0.0,观察,未达到ASIN≥15筛选门槛；监控搜索词后再决定,待运营确认,本周
400307194704753,SP-KW-MIX-王云-转向器-KC4SGE03500-重点,5,B0FQP86LWR；B0GR3CK745；B0GR4DP13M；B0GR4J48S5；B0GR4LG8QK,0,0,0,0.0,0.0,观察,未达到ASIN≥15筛选门槛；监控搜索词后再决定,待运营确认,本周
401296197473184,SP-Auto-Mix-转向器-王云-KX4SGE08400-重点,5,B0F6LTKT6G；B0GQZM88B7；B0GR4DZPHG；B0GR4GB886；B0H6WBDX83,0,0,0,0.0,0.0,观察,未达到ASIN≥15筛选门槛；监控搜索词后再决定,待运营确认,本周
408105204461853,SP-Auto-Mix-转向器-王云-PT4SGE26600-重点,5,B0DWMW19KX；B0F671XZ98；B0GR2TGJN9；B0GR4S6PBP；B0H6WNLHLK,0,0,0,0.0,0.0,观察,未达到ASIN≥15筛选门槛；监控搜索词后再决定,待运营确认,本周
409236748546590,SP-KW-Mix-转向器-王云-PT4SGE26000-重点,5,B0F18M5THF；B0GR2LTYYB；B0GR4G6PLN；B0GR4PVZMB；B0H6WG2B49,0,0,0,0.0,0.0,观察,未达到ASIN≥15筛选门槛；监控搜索词后再决定,待运营确认,本周
411530919129630,SP-kw-Mix-转向器-王云-PT4SGE18600-重点,5,B0DWMT91GZ；B0DWMWM7RD；B0F67279T9；B0GQZCYLNP；B0GR4GVZNB,0,0,0,0.0,0.0,观察,未达到ASIN≥15筛选门槛；监控搜索词后再决定,待运营确认,本周
411974818501949,SP-KW-Mix-转向器-王云-KC4SGE00200-重点,5,B0GQZBFLBD；B0GR4KGWDC；B0GR4KHLM4；B0GR4P43Z7；B0H6WGB5GG,0,0,0,0.0,0.0,观察,未达到ASIN≥15筛选门槛；监控搜索词后再决定,待运营确认,本周
430189376389594,SP-KW-Mix-转向器-王云-PT4SGE24000-重点,5,B0F9P3639R；B0F9P4PD4Z；B0GQZ5J6DH；B0GR4C6SN4；B0H6WL71LG,0,0,0,0.0,0.0,观察,未达到ASIN≥15筛选门槛；监控搜索词后再决定,待运营确认,本周
436536007394334,SP-KW-Mix-转向器-王云-PT4SGE27800-重点,5,B0DWMV85N5；B0FCY5ZTQ1；B0GR2RS662；B0GR456L19；B0H6WN7HDF,0,0,0,0.0,0.0,观察,未达到ASIN≥15筛选门槛；监控搜索词后再决定,待运营确认,本周
443567562678183,SP-kw-Mix-转向器-王云-PT4SGE25600-重点,5,B0DWMT4JDS；B0GR39QZSK；B0GR4FLSVG；B0GR4S9GR5；B0H6WPPD93,0,0,0,0.0,0.0,观察,未达到ASIN≥15筛选门槛；监控搜索词后再决定,待运营确认,本周
455176478727600,SP-KW-Mix-转向器-王云-KX4SGE17400-重点,5,B0DSDPMZT6；B0DWJQCQJ2；B0F673KL4M；B0GR34P7F9；B0GR4JV9H7,0,0,0,0.0,0.0,观察,未达到ASIN≥15筛选门槛；监控搜索词后再决定,待运营确认,本周
466619444898998,SP-Auto-Mix-转向器-王云-PT4SGE23700-重点,5,B0DWMTZCK3；B0GR2VM5S8；B0GR43YDHS；B0H2Z9H7M2；B0H6WK24MJ,0,0,0,0.0,0.0,观察,未达到ASIN≥15筛选门槛；监控搜索词后再决定,待运营确认,本周
471650729225745,SP-KW-Mix-转向器-王云-PT4SGE23700-重点,5,B0DWMTZCK3；B0FCY5JYPT；B0GR2VM5S8；B0GR43YDHS；B0H6WK24MJ,0,0,0,0.0,0.0,观察,未达到ASIN≥15筛选门槛；监控搜索词后再决定,待运营确认,本周
481920988678058,SP-KW-Mix-转向器-王云-PT4SGE20100-重点,5,B0DWMWDMSG；B0GQZDL2NS；B0GR411G4V；B0GR4M4QR4；B0H6WLW67Z,0,0,0,0.0,0.0,观察,未达到ASIN≥15筛选门槛；监控搜索词后再决定,待运营确认,本周
484733306076830,SP-KW-Mix-转向器-王云-KX4SGE12700-重点,5,B0DSZLTFTL；B0F6734V72；B0GR3BW2B8；B0GR4TZF7Y；B0H6WNHXW2,0,0,0,0.0,0.0,观察,未达到ASIN≥15筛选门槛；监控搜索词后再决定,待运营确认,本周
488545506203634,SP-Kw-Mix-转向器-王云-KX4SGE17300-重点,5,B0F6LQYSQ6；B0GR39T55F；B0GR4683H2；B0GR46B15M；B0GR52L5DW,0,0,0,0.0,0.0,观察,未达到ASIN≥15筛选门槛；监控搜索词后再决定,待运营确认,本周
490211334632989,SP-Auto-Mix-转向器-王云-PT4SGE27600-重点,5,B0DWMXBCS8；B0F6LR3XNC；B0GR3LBDY8；B0GR4MLBRH；B0H6WHR41G,0,0,0,0.0,0.0,观察,未达到ASIN≥15筛选门槛；监控搜索词后再决定,待运营确认,本周
499585670008575,SP-KW-Mix-转向器-王云-KC4SGE01700-重点,5,B0DPWVY87S；B0GQZL592F；B0GR46H9H5；B0GR4GGYS6；B0GR4LNBSM,0,0,0,0.0,0.0,观察,未达到ASIN≥15筛选门槛；监控搜索词后再决定,待运营确认,本周
502097577940687,SP-Auto-Mix-转向器-王云-PT4SGE27000-重点,5,B0GR2TWC5H；B0GR4G7X5P；B0GR4HN45R；B0GR4YJ9N7；B0H6WNCHFQ,0,0,0,0.0,0.0,观察,未达到ASIN≥15筛选门槛；监控搜索词后再决定,待运营确认,本周
505702090108663,SP-KW-Mix-转向器-王云-KC4PSP17900-重点,5,B0CN1868JM；B0CN6CLFVC；B0DPCWXT64；B0F6MPHQ3M；B0GQZFJG9F,0,0,0,0.0,0.0,观察,未达到ASIN≥15筛选门槛；监控搜索词后再决定,待运营确认,本周
506807644943997,SP-AUTO-MIX-王云-转向器-KX4SGE10200-重点,5,B0DPCY29GS；B0F66YQD1K；B0F9P74TV3；B0GQZLQTNH；B0H32FRVTL,0,0,0,0.0,0.0,观察,未达到ASIN≥15筛选门槛；监控搜索词后再决定,待运营确认,本周
508698268817487,SP-KW-Mix-转向器-王云-KC4PSP15900-重点,5,B0DPMWTLZB；B0F6LRP4ZW；B0GQZ8FW2P；B0GR46J8VG；B0H6WJ68X4,0,0,0,0.0,0.0,观察,未达到ASIN≥15筛选门槛；监控搜索词后再决定,待运营确认,本周
521183390978467,SP-Auto-Mix-转向器-王云-KC4SGE00200-重点,5,B0GQZBFLBD；B0GR4KGWDC；B0GR4KHLM4；B0GR4P43Z7；B0H6WGB5GG,0,0,0,0.0,0.0,观察,未达到ASIN≥15筛选门槛；监控搜索词后再决定,待运营确认,本周
524531914610155,SP-KW-Mix-转向器-王云-KX4SGE10300-重点,5,B0F672R5VW；B0GQZP4YW1；B0GR4FMR9K；B0GR4GKLF4；B0GR4R5P5F,0,0,0,0.0,0.0,观察,未达到ASIN≥15筛选门槛；监控搜索词后再决定,待运营确认,本周
542474642907775,SP-Auto-Mix-转向器-王云-PT4SGE24000-重点,5,B0F9P3639R；B0F9P4PD4Z；B0GQZ5J6DH；B0GR4C6SN4；B0H6WL71LG,0,0,0,0.0,0.0,观察,未达到ASIN≥15筛选门槛；监控搜索词后再决定,待运营确认,本周
547683122087460,SP-Auto-Mix-转向器-王云-PT4SGE19700-重点,5,B0DWMW2718；B0F9P34GKZ；B0GQZBKPS6；B0GR4KF32H；B0H6WBJW3M,0,0,0,0.0,0.0,观察,未达到ASIN≥15筛选门槛；监控搜索词后再决定,待运营确认,本周
559676002893905,SP-Auto-Mix-转向器-王云-PT4SGE19300-重点,5,B0FCXKTPVG；B0GQZBFSJX；B0GR3ZM7FZ；B0GR4HNLM2；B0H6WDB5FH,0,0,0,0.0,0.0,观察,未达到ASIN≥15筛选门槛；监控搜索词后再决定,待运营确认,本周
561154060259783,SP-kw-Mix-转向器-王云-PT4SGE25800-重点,5,B0DWMVNZQQ；B0F672W45Q；B0GR317V49；B0GR4TXN5L；B0H6WMVHPH,0,0,0,0.0,0.0,观察,未达到ASIN≥15筛选门槛；监控搜索词后再决定,待运营确认,本周
71625158862907,SP-Auto-Mix-转向器26新品-王云-OO4SGE34000,4,B0GTT2B7VM；B0GTTGJ9TP；B0H6WHS9SC；B0H9LQCWMB,0,0,0,0.0,0.0,观察,未达到ASIN≥15筛选门槛；监控搜索词后再决定,待运营确认,本周
95934807766687,SP-KW-Mix-转向器26新品-王云-OO4SGE34000,4,B0GTT2B7VM；B0GTTGJ9TP；B0GWPZWYJG；B0H6WHS9SC,0,0,0,0.0,0.0,观察,未达到ASIN≥15筛选门槛；监控搜索词后再决定,待运营确认,本周
97735560875290,SP-Auto-Mix-转向器26新品-王云-OO4SGE38000,4,B0GSCDLN3Y；B0GTT7Y37J；B0H32Q1GHN；B0H6XD1Q6G,0,0,0,0.0,0.0,观察,未达到ASIN≥15筛选门槛；监控搜索词后再决定,待运营确认,本周
103740798703650,SP-Auto-Mix-转向器26新品-王云-OO4SGE34100,4,B0GSCYCMBG；B0GTTPRT8T；B0H32N9L2V；B0H6WBJG7H,0,0,0,0.0,0.0,观察,未达到ASIN≥15筛选门槛；监控搜索词后再决定,待运营确认,本周
117528584268157,SP-KW-Mix-转向器26新品-王云-OO4SGE38800,4,B0GSCYWWKW；B0GTTHLTHZ；B0GTTL85NY；B0H6WLQDVM,0,0,0,0.0,0.0,观察,未达到ASIN≥15筛选门槛；监控搜索词后再决定,待运营确认,本周
117891715770881,SP-KW-Mix-转向器26新品-王云-OO4SGE38100,4,B0GSCDPFX1；B0GTTGB2F7；B0GTTJPBYK；B0H6WGMHPN,0,0,0,0.0,0.0,观察,未达到ASIN≥15筛选门槛；监控搜索词后再决定,待运营确认,本周
137288491964506,SP-KW-Mix-转向器26新品-王云-OO4SGE34600,4,B0GSCGSCM3；B0GTTG712J；B0GTTTXGTB；B0H6WPPZ4N,0,0,0,0.0,0.0,观察,未达到ASIN≥15筛选门槛；监控搜索词后再决定,待运营确认,本周
138796703668965,SP-KW-Mix-转向器26新品-王云-OO4SGE36600,4,B0GSD2MH1L；B0GTT88NQL；B0GTTL469N；B0H6WCKDC2,0,0,0,0.0,0.0,观察,未达到ASIN≥15筛选门槛；监控搜索词后再决定,待运营确认,本周
162721140269199,SP-KW-Mix-转向器26新品-王云-OO4SGE37500,4,B0GSCZ2K1B；B0GTTH7HZG；B0GTTRFX2D；B0H6WKSJ7V,0,0,0,0.0,0.0,观察,未达到ASIN≥15筛选门槛；监控搜索词后再决定,待运营确认,本周
169993850438152,SP-Auto-Mix-转向器26新品-王云-OO4SGE38500,4,B0GSD1T7VX；B0GTTG7ZVC；B0H32QQ1ZF；B0H6X95PSN,0,0,0,0.0,0.0,观察,未达到ASIN≥15筛选门槛；监控搜索词后再决定,待运营确认,本周
184806298431624,SP-Auto-Mix-转向器26新品-王云-OO4SGE37700,4,B0GSCKK336；B0GTTCFZKC；B0GTTJ6XH1；B0H6WM1SFJ,0,0,0,0.0,0.0,观察,未达到ASIN≥15筛选门槛；监控搜索词后再决定,待运营确认,本周
202940090284010,SP-KW-Mix-转向器26新品-王云-OO4SGE35700,4,B0GTSC9PSP；B0GTTFC9WL；B0GWPXQQ64；B0H6WGKPR5,0,0,0,0.0,0.0,观察,未达到ASIN≥15筛选门槛；监控搜索词后再决定,待运营确认,本周
255493073289572,SP-Auto-Mix-转向器26新品-王云-OO4SGE38900,4,B0GSCHRBZ9；B0GTT935H4；B0GTTZ8SDP；B0H6WHND3D,0,0,0,0.0,0.0,观察,未达到ASIN≥15筛选门槛；监控搜索词后再决定,待运营确认,本周
310189606679377,SP-KW-Mix-转向器-王云-KX4SGE18000-重点,4,B0DPCX3B23；B0F9P5L5QJ；B0FLY467RB；B0GR4C8KKD,0,0,0,0.0,0.0,观察,未达到ASIN≥15筛选门槛；监控搜索词后再决定,待运营确认,本周
364260386744016,SP-KW-Mix-转向器-王云-KC4SGE02400-重点,4,B0DM952QZC；B0DPWTWBNV；B0DQZW5FXY；B0F6LMKBQ2,0,0,0,0.0,0.0,观察,未达到ASIN≥15筛选门槛；监控搜索词后再决定,待运营确认,本周
383481604790145,SP-KW-Mix-转向器-王云-PT4SGE23900-重点,4,B0DWMW8QBM；B0DWMWNV9V；B0F6LMLY8H；B0H6WC2RFS,0,0,0,0.0,0.0,观察,未达到ASIN≥15筛选门槛；监控搜索词后再决定,待运营确认,本周
409258553642061,SP-KW-Mix-转向器-王云-PT4SGE23100-重点,4,B0GR3CCY48；B0GR4G98SW；B0GR4HTKZV；B0H6WFS239,0,0,0,0.0,0.0,观察,未达到ASIN≥15筛选门槛；监控搜索词后再决定,待运营确认,本周
423274931947611,SP-Auto-Mix-转向器-KX4SGE10900-王云--重点,4,B0DPCX7QHQ；B0GQZDB9RJ；B0GR4JYZHD；B0GR4RWQ1V,0,0,0,0.0,0.0,观察,未达到ASIN≥15筛选门槛；监控搜索词后再决定,待运营确认,本周
464221091468789,SP-Auto-Mix-转向器-王云-KX4SGE18000-重点,4,B0DPCX3B23；B0F9P5L5QJ；B0FLY467RB；B0GR4C8KKD,0,0,0,0.0,0.0,观察,未达到ASIN≥15筛选门槛；监控搜索词后再决定,待运营确认,本周
516546546489501,SP-KW-Mix-转向器-王云-KC4PSP16800-副编码重点,4,B0CN14M1B4；B0CRB2W852；B0DQY54WP1；B0F531Y2YC,0,0,0,0.0,0.0,观察,未达到ASIN≥15筛选门槛；监控搜索词后再决定,待运营确认,本周
559483984577264,SP-Auto-Mix-转向器-王云-KX4SGE17400-重点,4,B0DWJQCQJ2；B0F673KL4M；B0GR34P7F9；B0GR4JV9H7,0,0,0,0.0,0.0,观察,未达到ASIN≥15筛选门槛；监控搜索词后再决定,待运营确认,本周
83937817600768,SP-Auto-Mix-转向器26新品-王云-OO4SGE34600,3,B0GSCGSCM3；B0GTTG712J；B0GTTTXGTB,0,0,0,0.0,0.0,观察,未达到ASIN≥15筛选门槛；监控搜索词后再决定,待运营确认,本周
152551312086045,SP-Auto-Mix-转向器26新品-王云-OO4SGE34300,3,B0GTTQVXS1；B0H6XD418V；B0H9LWJ9G6,0,0,0,0.0,0.0,观察,未达到ASIN≥15筛选门槛；监控搜索词后再决定,待运营确认,本周
156160119395826,SP-KW-Mix-转向器26新品-王云-OO4SGE38500,3,B0GSD1T7VX；B0GTTG7ZVC；B0H6X95PSN,0,0,0,0.0,0.0,观察,未达到ASIN≥15筛选门槛；监控搜索词后再决定,待运营确认,本周
188917118027942,SP-KW-Mix-转向器26新品-王云-OO4SGE34100,3,B0GSCYCMBG；B0GTTPRT8T；B0H6WBJG7H,0,0,0,0.0,0.0,观察,未达到ASIN≥15筛选门槛；监控搜索词后再决定,待运营确认,本周
200362710523853,SP-Auto-Mix-转向器26新品-王云-OO4SGE35200,3,B0GSD5QBTT；B0GTTY2H3V；B0H6XGVXLS,0,0,0,0.0,0.0,观察,未达到ASIN≥15筛选门槛；监控搜索词后再决定,待运营确认,本周
220868461805219,SP-KW-Mix-转向器26新品-王云-OO4SGE35200,3,B0GSD5QBTT；B0GTTY2H3V；B0H6XGVXLS,0,0,0,0.0,0.0,观察,未达到ASIN≥15筛选门槛；监控搜索词后再决定,待运营确认,本周
252653343363349,SP-KW-Mix-转向器26新品-王云-OO4SGE38300,3,B0GSD2NZ7K；B0GTTBGZ98；B0H6WNM7Q5,0,0,0,0.0,0.0,观察,未达到ASIN≥15筛选门槛；监控搜索词后再决定,待运营确认,本周
294465462449459,SP-KW-Mix-转向器-王云-KC4SGE00900-重点,3,B0CB7XJ2GM；B0FLY452DR；B0GR46KN36,0,0,0,0.0,0.0,观察,未达到ASIN≥15筛选门槛；监控搜索词后再决定,待运营确认,本周
333445356261965,SP-Auto-Mix-转向器-王云-KX4SGE12200-重点,3,B0FQP69G5D；B0H32KZLHK；B0H6WDYZVD,0,0,0,0.0,0.0,观察,未达到ASIN≥15筛选门槛；监控搜索词后再决定,待运营确认,本周
348151549120570,SP-KW-Mix-转向器-王云-KC4SGE04100-重点,3,B0DPCXH2PS；B0GQZ8VJFR；B0GR4BPXN5,0,0,0,0.0,0.0,观察,未达到ASIN≥15筛选门槛；监控搜索词后再决定,待运营确认,本周
366673826379107,SP-Kw-Mix-转向器-王云-KC4PSP16200-重点,3,B0DPQG957S；B0F6LMJFW7；B0F9NZGVB8,0,0,0,0.0,0.0,观察,未达到ASIN≥15筛选门槛；监控搜索词后再决定,待运营确认,本周
416737657439615,SP-KW-Mix-转向器-王云-KC4SGE00700-重点,3,B0G7J4NXJP；B0GQZBWLRX；B0GR4MMBH1,0,0,0,0.0,0.0,观察,未达到ASIN≥15筛选门槛；监控搜索词后再决定,待运营确认,本周
452084938499409,SP-PT-转向器-王云-BD-KC4PSP18200-B0DPCXJTLG,3,B0DPCXJTLG；B0F671NLKP；B0F6LRJSGY,0,0,0,0.0,0.0,观察,未达到ASIN≥15筛选门槛；监控搜索词后再决定,待运营确认,本周
452489399212700,SP-KW-Mix-转向器-王云-KC4PSP17600-重点,3,B0CF5F916G；B0DPQLYGNY；B0H6WMSZF1,0,0,0,0.0,0.0,观察,未达到ASIN≥15筛选门槛；监控搜索词后再决定,待运营确认,本周
541422363000116,SP-Auto-Mix-转向器-王云-PT4SGE23900-重点,3,B0DWMW8QBM；B0DWMWNV9V；B0F6LMLY8H,0,0,0,0.0,0.0,观察,未达到ASIN≥15筛选门槛；监控搜索词后再决定,待运营确认,本周
20978556205150,SP-KW-Mix-转向器26新品-王云-OO4SGE34300,2,B0GTTQVXS1；B0H6XD418V,0,0,0,0.0,0.0,观察,未达到ASIN≥15筛选门槛；监控搜索词后再决定,待运营确认,本周
42744642749433,SP-Auto-Mix-转向器26新品-王云-OO4SGE35400,2,B0H2Z5N1PX；B0H32TZDNR,0,0,0,0.0,0.0,观察,未达到ASIN≥15筛选门槛；监控搜索词后再决定,待运营确认,本周
143784401052619,SP-KW-Mix-转向器26新品-王云-OO4SGE36000,2,B0GTT2ZVN4；B0GWPRC3F4,0,0,0,0.0,0.0,观察,未达到ASIN≥15筛选门槛；监控搜索词后再决定,待运营确认,本周
180957401373784,SP-KW-Mix-转向器26新品-王云-OO4SGE36800,2,B0GTT9GQTF；B0GTTKP5RB,0,0,0,0.0,0.0,观察,未达到ASIN≥15筛选门槛；监控搜索词后再决定,待运营确认,本周
282011808707200,SP-AUTO-MIX-王云-转向器-KC4PSP16300-重点,2,B0F43KHJC2；B0FQP6BVPQ,0,0,0,0.0,0.0,观察,未达到ASIN≥15筛选门槛；监控搜索词后再决定,待运营确认,本周
301832689796112,SP-KW-MIX-王云-转向器-KC4PSP16300-重点,2,B0F43KHJC2；B0FQP6BVPQ,0,0,0,0.0,0.0,观察,未达到ASIN≥15筛选门槛；监控搜索词后再决定,待运营确认,本周
304558933122907,SP-PT-转向器-王云-BD-KC4PSP16200-B0F6LMJFW7,2,B0F6LMJFW7；B0F9NZGVB8,0,0,0,0.0,0.0,观察,未达到ASIN≥15筛选门槛；监控搜索词后再决定,待运营确认,本周
408737397880621,SP-PT-转向器-王云-BD-KC4PSP16900-B0DWJZLMJ2,2,B0CQYV24BD；B0DWJZLMJ2,0,0,0,0.0,0.0,观察,未达到ASIN≥15筛选门槛；监控搜索词后再决定,待运营确认,本周
412176595523322,SP-PT-转向器-PT4SGE19200-B0F674LGB2/B0F6LWVFSN,2,B0F674LGB2；B0F6LWVFSN,0,0,0,0.0,0.0,观察,未达到ASIN≥15筛选门槛；监控搜索词后再决定,待运营确认,本周
469548640579762,SP-PT-转向器-王云-BD-KX4SGE14900-B0DPCWP8WR,2,B0DPCWP8WR；B0F6732G7C,0,0,0,0.0,0.0,观察,未达到ASIN≥15筛选门槛；监控搜索词后再决定,待运营确认,本周
490865186669128,SP-PT-转向器-王云-BD-KC4PSP16700-B0DPCXH2PS,2,B0DPCXH2PS；B0F66ZVPJT,0,0,0,0.0,0.0,观察,未达到ASIN≥15筛选门槛；监控搜索词后再决定,待运营确认,本周
499032058127486,SP-Auto-Mix-转向器-王云-PT4SGE18400-重点,2,B0F6LQJQYC；B0FLY2JP16,0,0,0,0.0,0.0,观察,未达到ASIN≥15筛选门槛；监控搜索词后再决定,待运营确认,本周
499553748528289,SP-PT-转向器-KC4PSP16400-B0CBTPY4F2/B0F6LPL4WY/B0DL576PHY,2,B0DL576PHY；B0F6LPL4WY,0,0,0,0.0,0.0,观察,未达到ASIN≥15筛选门槛；监控搜索词后再决定,待运营确认,本周
521756860068679,SP-PT-转向器-王云-BD-KX4SGE14500-B0F66ZGNY8,2,B0DR17PR85；B0F66ZGNY8,0,0,0,0.0,0.0,观察,未达到ASIN≥15筛选门槛；监控搜索词后再决定,待运营确认,本周
544967441262590,SP-kw-Mix-转向器-王云-KX4SGE12200-重点,2,B0FQP69G5D；B0H6WDYZVD,0,0,0,0.0,0.0,观察,未达到ASIN≥15筛选门槛；监控搜索词后再决定,待运营确认,本周
8225861911505,SP-KW-Mix-转向器26新品-王云-OO4SGE39100,1,B0GSCHV15P,0,0,0,0.0,0.0,保留,保留原单ASIN活动,待运营确认,本周
53376821127360,SP-KW-Mix-转向器26新品-王云-OO4SGE36200,1,B0GSCDPTTP,0,0,0,0.0,0.0,保留,保留原单ASIN活动,待运营确认,本周
63533984757657,SP-KW-转向器-王云-PT4SGE23600-B0DWMVQ3MR,1,B0DWMVQ3MR,0,0,0,0.0,0.0,保留,保留原单ASIN活动,待运营确认,本周
72312284171248,SP-KW-KX4SGE09200-B0GQZ68DTZ-转向器-PT TOP,1,B0GQZ68DTZ,0,0,0,0.0,0.0,保留,保留原单ASIN活动,待运营确认,本周
73839525450139,SP-KW-转向器-王云-KC4PSP17600-B0CF5F916G,1,B0CF5F916G,0,0,0,0.0,0.0,保留,保留原单ASIN活动,待运营确认,本周
74851431964887,SP-KW-转向器-王云-KC4PSP16200-B0DPQG957S,1,B0DPQG957S,0,0,0,0.0,0.0,保留,保留原单ASIN活动,待运营确认,本周
88489155185468,SP-Auto-Mix-转向器26新品-王云-OO4SGE38400,1,B0GTTGYGPS,0,0,0,0.0,0.0,保留,保留原单ASIN活动,待运营确认,本周
90360036699472,SP-KW-转向器-王云-KC4PSP16000-B0CN15P14D,1,B0CN15P14D,0,0,0,0.0,0.0,保留,保留原单ASIN活动,待运营确认,本周
108434675542588,SP-KW-转向器-王云-KC4PSP15900-B0DPMWTLZB,1,B0DPMWTLZB,0,0,0,0.0,0.0,保留,保留原单ASIN活动,待运营确认,本周
114061948470529,SP-KW-转向器-王云-KC4PSP16300-B0FLY773XG,1,B0FLY773XG,0,0,0,0.0,0.0,保留,保留原单ASIN活动,待运营确认,本周
123106893657080,SP-Auto-Mix-转向器26新品-王云-OO4SGE36200,1,B0GSCDPTTP,0,0,0,0.0,0.0,保留,保留原单ASIN活动,待运营确认,本周
150279347644092,SP-KW-转向器-王云-KX4SGE14500-B0DPZS94X1,1,B0DPZS94X1,0,0,0,0.0,0.0,保留,保留原单ASIN活动,待运营确认,本周
167565422331786,SP-KW-转向器-王云-KC4SGE03400-B0DPCWQQCS,1,B0DPCWQQCS,0,0,0,0.0,0.0,保留,保留原单ASIN活动,待运营确认,本周
171762181066933,SP-KW-转向器-王云-KC4SGE03700-B0DPCXMRG4,1,B0DPCXMRG4,0,0,0,0.0,0.0,保留,保留原单ASIN活动,待运营确认,本周
189999489097630,SP-KW-转向器-王云-PT4SGE19800-B0F18R2YW4,1,B0F18R2YW4,0,0,0,0.0,0.0,保留,保留原单ASIN活动,待运营确认,本周
203943778819822,SP-KW-转向器-王云-KC4PSP17200-B0GQZCB8W1,1,B0GQZCB8W1,0,0,0,0.0,0.0,保留,保留原单ASIN活动,待运营确认,本周
225614269067288,SP-KW-KX4SGE09200-B0DWK1388B-转向器-PT TOP,1,B0DWK1388B,0,0,0,0.0,0.0,保留,保留原单ASIN活动,待运营确认,本周
242884828741717,SP-KW-转向器-王云-KC4PSP17700-B0DPCWYHXB,1,B0DPCWYHXB,0,0,0,0.0,0.0,保留,保留原单ASIN活动,待运营确认,本周
246704904027352,SP-KW-转向器-王云-KC4PSP17600-B0DPQLYGNY,1,B0DPQLYGNY,0,0,0,0.0,0.0,保留,保留原单ASIN活动,待运营确认,本周
294425490142228,SP-KW-MIX-王云-转向器-KC4SGE00800-重点,1,B0F9P4HWT4,0,0,0,0.0,0.0,保留,保留原单ASIN活动,待运营确认,本周
294746811526585,SP-KW-转向器-王云-KC4PSP16700-B0F66ZVPJT,1,B0F66ZVPJT,0,0,0,0.0,0.0,保留,保留原单ASIN活动,待运营确认,本周
296783036928237,SP-Auto-Mix-转向器-王云-KX4SGE15200-重点,1,B0DWMSG3ML,0,0,0,0.0,0.0,保留,保留原单ASIN活动,待运营确认,本周
297688755543342,SP-KW-转向器-王云-BD-KX4SGE08600-B0F9P3352C,1,B0F9P3352C,0,0,0,0.0,0.0,保留,保留原单ASIN活动,待运营确认,本周
304261490340020,SP-KW-转向器-王云-BD-KC4PSP16200-B0F6LMJFW7,1,B0F6LMJFW7,0,0,0,0.0,0.0,保留,保留原单ASIN活动,待运营确认,本周
314896288390667,SP-KW-转向器-王云-KX4SGE17100-B0DPCXS49Q,1,B0DPCXS49Q,0,0,0,0.0,0.0,保留,保留原单ASIN活动,待运营确认,本周
316256637301363,SP-KW-转向器-王云-BD-KX4SGE14500-B0F66ZGNY8,1,B0F66ZGNY8,0,0,0,0.0,0.0,保留,保留原单ASIN活动,待运营确认,本周
318351800661111,SP-PT-转向器-KX4SGE08900-B0FLY36KJ4,1,B0FLY36KJ4,0,0,0,0.0,0.0,保留,保留原单ASIN活动,待运营确认,本周
318590754608566,SP-PT-转向器-王云-BD-KX4SGE08100-B0DPCX4KJV,1,B0DPCX4KJV,0,0,0,0.0,0.0,保留,保留原单ASIN活动,待运营确认,本周
321787091001423,SP-KW-转向器-王云-KC4SGE03200-B0F537GH49,1,B0F537GH49,0,0,0,0.0,0.0,保留,保留原单ASIN活动,待运营确认,本周
324335666010157,SP-PT-转向器-KC4SGE00200-B0DPW7JQ68,1,B0DPW7JQ68,0,0,0,0.0,0.0,保留,保留原单ASIN活动,待运营确认,本周
326163929527547,SP-KW-转向器-王云-BD-PT4SGE20500-B0F671LQDV,1,B0F671LQDV,0,0,0,0.0,0.0,保留,保留原单ASIN活动,待运营确认,本周
328953347587546,SP-PT-转向器-KC4SGE01500-B0F671Q8R8,1,B0F671Q8R8,0,0,0,0.0,0.0,保留,保留原单ASIN活动,待运营确认,本周
329985345274955,SP-PT-转向器-PT4SGE18700-B0DWMSF77S,1,B0DWMSF77S,0,0,0,0.0,0.0,保留,保留原单ASIN活动,待运营确认,本周
336524135926368,SP-KW-PT4SGE19800-B0DWMTXQZK-转向器-vine,1,B0DWMTXQZK,0,0,0,0.0,0.0,保留,保留原单ASIN活动,待运营确认,本周
336970220640771,SP-KW-转向器-王云-PT4SGE24400-B0FQP5BQ2Q,1,B0FQP5BQ2Q,0,0,0,0.0,0.0,保留,保留原单ASIN活动,待运营确认,本周
341624646907969,SP-PT-转向器-KC4SGE03200-B0F537GH49/B0FLY4JKWH,1,B0F537GH49,0,0,0,0.0,0.0,保留,保留原单ASIN活动,待运营确认,本周
341713238198784,SP-KW-转向器-王云-BD-KX4SGE09700-B0DPCXSHJ8,1,B0DPCXSHJ8,0,0,0,0.0,0.0,保留,保留原单ASIN活动,待运营确认,本周
347137460372119,SP-KW-转向器-王云-BD-KC4SGE04000-B0DPCXC32D,1,B0DPCXC32D,0,0,0,0.0,0.0,保留,保留原单ASIN活动,待运营确认,本周
347733884649482,SP-KW-转向器-王云-BD-KX4SGE16500-B0DPCX66CY,1,B0DPCX66CY,0,0,0,0.0,0.0,保留,保留原单ASIN活动,待运营确认,本周
351206533667751,SP-KW-转向器-王云-KC4PSP16700- B0DPCXH2PS-TOP,1,B0DPCXH2PS,0,0,0,0.0,0.0,保留,保留原单ASIN活动,待运营确认,本周
353103078780687,SP-PT-转向器-王云-BD-KX4SGE15200-B0DWMSG3ML,1,B0DWMSG3ML,0,0,0,0.0,0.0,保留,保留原单ASIN活动,待运营确认,本周
359641509387161,SP-KW-转向器-王云-BD-KC4PSP18000-B0CQYV24BD,1,B0CQYV24BD,0,0,0,0.0,0.0,保留,保留原单ASIN活动,待运营确认,本周
360443373665343,SP-KW-转向器-王云-BD-KC4SGE00200-B0DPW7JQ68,1,B0DPW7JQ68,0,0,0,0.0,0.0,保留,保留原单ASIN活动,待运营确认,本周
362438534178874,SP-KW-转向器-王云-BD-KX4SGE15200-B0DWMSG3ML,1,B0DWMSG3ML,0,0,0,0.0,0.0,保留,保留原单ASIN活动,待运营确认,本周
371418180162499,SP-KW-转向器-王云-BD-KX4SGE08100-B0DPCX4KJV,1,B0DPCX4KJV,0,0,0,0.0,0.0,保留,保留原单ASIN活动,待运营确认,本周
371967223965338,SP-Auto-Mix-转向器-王云-KX4SGE08000-重点,1,B0DQ5F635B,0,0,0,0.0,0.0,保留,保留原单ASIN活动,待运营确认,本周
372547799531584,SP-KW-转向器-王云-BD-KC4SGE04200-B0DQZW2C1Q,1,B0DQZW2C1Q,0,0,0,0.0,0.0,保留,保留原单ASIN活动,待运营确认,本周
376419719320595,SP-KW-转向器-王云-KX4SGE15400-B0FLY1BWD5,1,B0FLY1BWD5,0,0,0,0.0,0.0,保留,保留原单ASIN活动,待运营确认,本周
379315989408307,SP-KW-转向器-王云-PT4SGE20300-B0F6LVFPSB,1,B0F6LVFPSB,0,0,0,0.0,0.0,保留,保留原单ASIN活动,待运营确认,本周
380106885453440,SP-PT-转向器-PT4SGE28100-B0DWMSSG1M,1,B0DWMSSG1M,0,0,0,0.0,0.0,保留,保留原单ASIN活动,待运营确认,本周
391617829708604,SP-KW-转向器-王云-BD-KC4SGE01300-B0F673Q69B,1,B0F673Q69B,0,0,0,0.0,0.0,保留,保留原单ASIN活动,待运营确认,本周
395451576564474,SP-KW-转向器-王云-BD-KC4PSP15800-B0F6LRMMY2,1,B0F6LRMMY2,0,0,0,0.0,0.0,保留,保留原单ASIN活动,待运营确认,本周
398007269120656,SP-AUTO-MIX-王云-转向器-KC4SGE00800-重点,1,B0F9P4HWT4,0,0,0,0.0,0.0,保留,保留原单ASIN活动,待运营确认,本周
410610371881705,SP-KW-转向器-王云-BD-KX4SGE14900-B0DPCWP8WR,1,B0DPCWP8WR,0,0,0,0.0,0.0,保留,保留原单ASIN活动,待运营确认,本周
420343780705467,SP-KW-Mix-转向器-王云-KC4PSP17300-重点,1,B0CN16BX1P,0,0,0,0.0,0.0,保留,保留原单ASIN活动,待运营确认,本周
422278928233008,SP-PT-转向器-KX4SGE17400-B0DWJQCQJ2,1,B0DWJQCQJ2,0,0,0,0.0,0.0,保留,保留原单ASIN活动,待运营确认,本周
423487212673658,SP-PT-转向器-KX4SGE11700-B0DPCWLGG6,1,B0DPCWLGG6,0,0,0,0.0,0.0,保留,保留原单ASIN活动,待运营确认,本周
427785957694300,SP-KW-转向器-王云-KX4SGE10300-B0DR144TNH,1,B0DR144TNH,0,0,0,0.0,0.0,保留,保留原单ASIN活动,待运营确认,本周
431521892776663,SP-PT-转向器-PT4SGE20300-B0FCXKV3P2,1,B0FCXKV3P2,0,0,0,0.0,0.0,保留,保留原单ASIN活动,待运营确认,本周
439078468175151,SP-PT-转向器-KX4SGE10600-B0F6725CL7,1,B0F6725CL7,0,0,0,0.0,0.0,保留,保留原单ASIN活动,待运营确认,本周
440328296977344,SP-KW-转向器-王云-KC4PSP18200-B0DPCXJTLG-JZ,1,B0DPCXJTLG,0,0,0,0.0,0.0,保留,保留原单ASIN活动,待运营确认,本周
451694095287426,SP-KW-转向器-王云-KC4PSP16800-B0CRB2W852,1,B0CRB2W852,0,0,0,0.0,0.0,保留,保留原单ASIN活动,待运营确认,本周
455198673733500,SP-PT-转向器-PT4SGE24400-B0FQP5BQ2Q,1,B0FQP5BQ2Q,0,0,0,0.0,0.0,保留,保留原单ASIN活动,待运营确认,本周
455460850170660,SP-Auto-Mix-转向器-王云-KC4SGE00900-重点,1,B0GR46KN36,0,0,0,0.0,0.0,保留,保留原单ASIN活动,待运营确认,本周
456670421334572,SP-KW-转向器-王云-PT4SGE19900-B0F673LWGL-TOP,1,B0F673LWGL,0,0,0,0.0,0.0,保留,保留原单ASIN活动,待运营确认,本周
456723727286958,SP-Auto-Mix-转向器-王云-KX4SGE09300-重点,1,B0DSDVMWFK,0,0,0,0.0,0.0,保留,保留原单ASIN活动,待运营确认,本周
457289642560250,SP-Auto-Mix-转向器-王云-KC4PSP17300-重点,1,B0CN16BX1P,0,0,0,0.0,0.0,保留,保留原单ASIN活动,待运营确认,本周
462909015765399,SP-KW-转向器-王云-KC4PSP18200-B0DPQNQD9G,1,B0DPQNQD9G,0,0,0,0.0,0.0,保留,保留原单ASIN活动,待运营确认,本周
466594857603428,SP-KW-转向器-王云-KC4PSP16200-B0F9NZGVB8-,1,B0F9NZGVB8,0,0,0,0.0,0.0,保留,保留原单ASIN活动,待运营确认,本周
466836110245491,SP-PT-转向器-PT4SGE23200-B0DWMVSV8M,1,B0DWMVSV8M,0,0,0,0.0,0.0,保留,保留原单ASIN活动,待运营确认,本周
467597876578019,SP-KW-转向器-王云-BD-KX4SGE18000-B0DPCX3B23,1,B0DPCX3B23,0,0,0,0.0,0.0,保留,保留原单ASIN活动,待运营确认,本周
470698932718776,SP-KW-KX4SGE09300-B0DPCXXGCQ-转向器-vine,1,B0DPCXXGCQ,0,0,0,0.0,0.0,保留,保留原单ASIN活动,待运营确认,本周
478466967887948,SP-kw-Mix-转向器-王云-PT4SGE18400-重点,1,B0F6LQJQYC,0,0,0,0.0,0.0,保留,保留原单ASIN活动,待运营确认,本周
479849702893389,SP-KW-转向器-王云-BD-PT4SGE18700-B0DWMSF77S,1,B0DWMSF77S,0,0,0,0.0,0.0,保留,保留原单ASIN活动,待运营确认,本周
489003485330848,SP-KW-PT4SGE19400-B0F675V3M4-转向器-vine,1,B0F675V3M4,0,0,0,0.0,0.0,保留,保留原单ASIN活动,待运营确认,本周
489868552217065,SP-KW-Mix-转向器-王云-KX4SGE08000-重点,1,B0DQ5F635B,0,0,0,0.0,0.0,保留,保留原单ASIN活动,待运营确认,本周
490011006343762,SP-PT-转向器-KC4SGE04300-B0F43NQY7N,1,B0F43NQY7N,0,0,0,0.0,0.0,保留,保留原单ASIN活动,待运营确认,本周
495874038592779,SP-PT-转向器-KX4SGE13300-B0F671H2XC,1,B0F671H2XC,0,0,0,0.0,0.0,保留,保留原单ASIN活动,待运营确认,本周
506271416232412,SP-KW-转向器-王云-KC4PSP16100-B0CN17GBN5,1,B0CN17GBN5,0,0,0,0.0,0.0,保留,保留原单ASIN活动,待运营确认,本周
510975215038569,SP-KW-转向器-王云-KC4SGE04700-B0DPCWSF3G,1,B0DPCWSF3G,0,0,0,0.0,0.0,保留,保留原单ASIN活动,待运营确认,本周
512563701168814,SP-KW-转向器-王云-KX4SGE08600-B0DR167V3Z,1,B0DR167V3Z,0,0,0,0.0,0.0,保留,保留原单ASIN活动,待运营确认,本周
514939449617227,SP-KW-转向器Precise-王云-KX4SGE08400-B0DPCXHB93,1,B0DPCXHB93,0,0,0,0.0,0.0,保留,保留原单ASIN活动,待运营确认,本周
516321833791923,SP-KW-转向器-王云-BD-KC4PSP17900-B0DPCWXT64,1,B0DPCWXT64,0,0,0,0.0,0.0,保留,保留原单ASIN活动,待运营确认,本周
533209242827218,SP-KW-转向器-王云-BD-KC4PSP17400-B0F675NJF7,1,B0F675NJF7,0,0,0,0.0,0.0,保留,保留原单ASIN活动,待运营确认,本周
537193925851871,SP-PT-转向器-KC4SGE02900-B0F6711TJJ,1,B0F6711TJJ,0,0,0,0.0,0.0,保留,保留原单ASIN活动,待运营确认,本周
538237351136416,SP-KW-KC4SGE05500-B0F43P82KJ-转向器-vine,1,B0F43P82KJ,0,0,0,0.0,0.0,保留,保留原单ASIN活动,待运营确认,本周
539574254161813,SP-KW-转向器-王云-BD-KC4PSP18100-B0F675XZ7M,1,B0F675XZ7M,0,0,0,0.0,0.0,保留,保留原单ASIN活动,待运营确认,本周
540255721770741,SP-KW-KC4PSP15800-B0DQY5LGZ1-转向器-vine,1,B0F6LV9RY4,0,0,0,0.0,0.0,保留,保留原单ASIN活动,待运营确认,本周
541843098643415,SP-PT-转向器-KX4SGE12700-B0F6734V72,1,B0F6734V72,0,0,0,0.0,0.0,保留,保留原单ASIN活动,待运营确认,本周
543696485885271,SP-KW-转向器-王云-KX4SGE13500-B0F9P2QX6Z-TOP,1,B0F9P2QX6Z,0,0,0,0.0,0.0,保留,保留原单ASIN活动,待运营确认,本周
543861515199004,SP-KW-KC4PSP16100-B0DPCXYMH5-转向器-vine,1,B0DPCXYMH5,0,0,0,0.0,0.0,保留,保留原单ASIN活动,待运营确认,本周
548359059264603,SP-KW-Mix-转向器-王云-KX4SGE09300-重点,1,B0DSDVMWFK,0,0,0,0.0,0.0,保留,保留原单ASIN活动,待运营确认,本周
548901296746976,SP-PT-转向器-王云-KC4PSP16800-B0CRB2W852,1,B0CRB2W852,0,0,0,0.0,0.0,保留,保留原单ASIN活动,待运营确认,本周
549601474247645,SP-KW-KX4SGE12700-B0F6734V72-转向器-vine,1,B0F6734V72,0,0,0,0.0,0.0,保留,保留原单ASIN活动,待运营确认,本周
558981733218176,SP-KW-转向器-王云-BD-KC4PSP18200-B0DPCXJTLG,1,B0DPCXJTLG,0,0,0,0.0,0.0,保留,保留原单ASIN活动,待运营确认,本周
561245183430966,SP-KW-转向器-王云-PT4SGE23200-B0DWMVSV8M,1,B0DWMVSV8M,0,0,0,0.0,0.0,保留,保留原单ASIN活动,待运营确认,本周
562385525546795,SP-KW-转向器-王云-BD-KX4SGE17700-B0DPCWN73Z,1,B0DPCWN73Z,0,0,0,0.0,0.0,保留,保留原单ASIN活动,待运营确认,本周
